sr,tender_number,title,description,ppra_category,reference,organization,location,status,advertised_date,closing_date,closing_time,detail_url,category,closing_dt,scraped_at
1,TS0000015302E,Tank Spares,"14-1697-00-FY26-27-00-C-EME & 14-1698-00-FY26-27-00-C-EME See more detail attach in file, please.",Miscellaneous,14-1697-00-FY26-27-00-C-EME & 14-1698-00-FY26-27-00-C-EME,Directorate General Procurement (Army),Rawalpindi. - Pakistan,Published,"Oct 05, 2026","Nov 19, 2026",09:30 AM,https://epms.ppra.gov.pk/public/tenders/tender-details/TS0000015302E,Defence/Military,2026-11-19,2026-10-05T06:27:10.880745
2,TS0000015301E,"Tank Spares, Medicine, Med, Medical Disposable Items & Lab Kit & Implant","5xP-14, 32x P-26, 10x P-27, 4x P-28B & 5 x P-29 See more detail attach in file, please.",Miscellaneous,"5xP-14, 32x P-26, 10x P-27, 4x P-28B & 5 x P-29",Directorate General Procurement (Army),Rawalpindi. - Pakistan,Published,"Oct 05, 2026","Nov 05, 2026",09:30 AM,https://epms.ppra.gov.pk/public/tenders/tender-details/TS0000015301E,Medical/Health,2026-11-05,2026-10-05T06:27:10.880745
3,TS0000015291E,SAFETY EQUIPMENT AND SAFETY WEARS (BPJs),T.E No. 0038/LP/CLO/56 Dated: 16-09-2026. SAFETY EQUIPMENT AND SAFETY WEARS (BPJs) 04 x...,Clothing/Uniform,T.E No. 0038/LP/CLO/56 Dated: 16-09-2026.,Ministry of Defence Production,Wah Cantt - Pakistan,Published,"Oct 05, 2026","Oct 29, 2026",12:30 PM,https://epms.ppra.gov.pk/public/tenders/tender-details/TS0000015291E,Goods/Supplies,2026-10-29,2026-10-05T06:27:10.880745
4,TS0000015293E,Purchase of Electrical Items for Campus,Purchase of Electrical Items for Campus Purchase of Electrical Items for Campus,Electrical Items,PSS/2026/26,Higher Education Commission (HEC),Islamabad - Pakistan,Published,"Oct 05, 2026","Oct 29, 2026",02:00 PM,https://epms.ppra.gov.pk/public/tenders/tender-details/TS0000015293E,Energy/Utilities,2026-10-29,2026-10-05T06:27:10.880745
5,TS0000015296E,Procurement of Sanitary Items for Campus,Procurement of Sanitary Items for Campus Procurement of Sanitary Items for Campus,Miscellaneous,PSS/2026/27,Higher Education Commission (HEC),Islamabad - Pakistan,Published,"Oct 05, 2026","Oct 29, 2026",02:00 PM,https://epms.ppra.gov.pk/public/tenders/tender-details/TS0000015296E,Goods/Supplies,2026-10-29,2026-10-05T06:27:10.880745
6,TS0000015297E,Procurement of Civil Items for Campus,Procurement of Civil Items for Campus Please deposit Rs. 3000 via CDR/Pay Order in...,Civil Goods,PSS/2026/28,Higher Education Commission (HEC),Islamabad - Pakistan,Published,"Oct 05, 2026","Oct 29, 2026",02:00 PM,https://epms.ppra.gov.pk/public/tenders/tender-details/TS0000015297E,Goods/Supplies,2026-10-29,2026-10-05T06:27:10.880745
7,TS0000015292E,Procurement of Software Tools,Procurement of Software Tools Procurement of Software Tools,Miscellaneous,P92323/2026-27,National Disaster Management Authority(NDMA),Islamabad - Pakistan,Published,"Oct 05, 2026","Oct 22, 2026",11:00 AM,https://epms.ppra.gov.pk/public/tenders/tender-details/TS0000015292E,IT/Technology,2026-10-22,2026-10-05T06:27:10.880745
8,TS0000015290E,PROCUREMENT OF CONSOLIDATED MAINTENANCE CONSUMABLE ITEMS,EPADS NO. P137556 PROCUREMENT OF CONSOLIDATED MAINTENANCE...,Miscellaneous,PIFD/TENDER/2026-27/007,Ministry of Federal Education and Professional Training,Lahore - Pakistan,Published,"Oct 05, 2026","Oct 21, 2026",11:00 AM,https://epms.ppra.gov.pk/public/tenders/tender-details/TS0000015290E,Services,2026-10-21,2026-10-05T06:27:10.880745
9,TS0000015298E,Hiring of Third-Party Human Resource Provider - Outsourcing,,Services,P63884,Federal Board of Revenue (FBR),Islamabad - Pakistan,Published,"Oct 05, 2026","Oct 21, 2026",10:00 AM,https://epms.ppra.gov.pk/public/tenders/tender-details/TS0000015298E,Services,2026-10-21,2026-10-05T06:27:10.880745
10,TS0000015288E,"Procurement of Stationery, Miscellaneous and IT Items for FY 2026-27 Through Closed Framework Agreement","Procurement of Stationery, Miscellaneous and IT Items for FY 2026-27 Through Closed Framework Agreement",Stationery,FFW9541/2026-27,National Disaster Management Authority(NDMA),Islamabad - Pakistan,Published,"Oct 05, 2026","Oct 20, 2026",11:00 AM,https://epms.ppra.gov.pk/public/tenders/tender-details/TS0000015288E,IT/Technology,2026-10-20,2026-10-05T06:27:10.880745
11,TS0000015303E,Procurement of H.T. (Structure) 34`-8”,The Hazara Electric Supply Company (Hazara...,Electrical Items,P143940,Ministry of Energy (Power Division),Abbottabad - Pakistan,Published,"Oct 05, 2026","Oct 20, 2026",10:30 AM,https://epms.ppra.gov.pk/public/tenders/tender-details/TS0000015303E,Energy/Utilities,2026-10-20,2026-10-05T06:27:10.880745
12,TS0000015305E,Procurement of H.T. (Structure) 45',The Hazara Electric Supply Company (Hazara...,Electrical Items,P144978,Ministry of Energy (Power Division),Abbottabad - Pakistan,Published,"Oct 05, 2026","Oct 20, 2026",10:30 AM,https://epms.ppra.gov.pk/public/tenders/tender-details/TS0000015305E,Energy/Utilities,2026-10-20,2026-10-05T06:27:10.880745
13,TS0000015308E,Procurement of H.T. (Structure) 58',The Hazara Electric Supply Company (Hazara...,Electrical Items,P145182,Ministry of Energy (Power Division),Abbottabad - Pakistan,Published,"Oct 05, 2026","Oct 20, 2026",10:30 AM,https://epms.ppra.gov.pk/public/tenders/tender-details/TS0000015308E,Energy/Utilities,2026-10-20,2026-10-05T06:27:10.880745
14,TS0000015309E,Procurement of L.T. (Structure) 30`-8”,The Hazara Electric Supply Company (Hazara...,Electrical Items,P145191,Ministry of Energy (Power Division),Abbottabad - Pakistan,Published,"Oct 05, 2026","Oct 20, 2026",10:30 AM,https://epms.ppra.gov.pk/public/tenders/tender-details/TS0000015309E,Energy/Utilities,2026-10-20,2026-10-05T06:27:10.880745
15,TS0000015311E,Procurement of Static Energy Meter Single Phase AMI,The Hazara Electric Supply Company (Hazara...,Electrical Items,P145209,Ministry of Energy (Power Division),Abbottabad - Pakistan,Published,"Oct 05, 2026","Oct 20, 2026",10:30 AM,https://epms.ppra.gov.pk/public/tenders/tender-details/TS0000015311E,Energy/Utilities,2026-10-20,2026-10-05T06:27:10.880745
16,TS0000015312E,Procurement of ACSR OSPRAY,The Hazara Electric Supply Company (Hazara...,Electrical Items,P145224,Ministry of Energy (Power Division),Abbottabad - Pakistan,Published,"Oct 05, 2026","Oct 20, 2026",10:30 AM,https://epms.ppra.gov.pk/public/tenders/tender-details/TS0000015312E,Energy/Utilities,2026-10-20,2026-10-05T06:27:10.880745
17,TS0000013823E,01 x SNORKEL,01 x SNORKEL,Equipments,2690038/R2609/360113,Directorate of Procurement (Navy),Islamabad - Pakistan,PublishedCorrigendum,"Oct 05, 2026","Oct 20, 2026",10:30 AM,https://epms.ppra.gov.pk/public/tenders/tender-details/TS0000013823E,Goods/Supplies,2026-10-20,2026-10-05T06:27:10.880745
18,TS0000013977E,Misc Hardware Store Stock Materials,Supply Of Misc Hardware Store Stock Materials Supply Of Misc Hardware Store Stock Materials,Miscellaneous,WAH/TE/022/2026,Sui Northern Gas Pipelines Limited (SNGPL),Islamabad - Pakistan,PublishedCorrigendum,"Oct 05, 2026","Oct 15, 2026",11:00 AM,https://epms.ppra.gov.pk/public/tenders/tender-details/TS0000013977E,Goods/Supplies,2026-10-15,2026-10-05T06:27:10.880745
19,TS0000013700E,Repair of Office Buildings,Tender Notice For details please download the tender document,Civil Works,I&P/Repair/OB/26-27,Pakistan Meteorological Department,Islamabad - Pakistan,PublishedCorrigendum,"Oct 05, 2026","Oct 13, 2026",10:30 AM,https://epms.ppra.gov.pk/public/tenders/tender-details/TS0000013700E,Construction/Works,2026-10-13,2026-10-05T06:27:10.880745
20,TS0000015278E,"Hiring a Firm for Data Validation, Modeling and Designing of Mitigation Strategy against HVDC Interference with SNGPL’s Transmission & Distribution Pipelines","Hiring a Firm for Data Validation, Modeling and Designing of Mitigation Strategy against HVDC Interference with SNGPL’s Transmission & Distribution Pipelines Hiring a Firm for Data Validation, Modeling and...",Services,SNT/CC/HVDC/2027/01-R1,Ministry of Energy (Petroleum Division),Lahore - Pakistan,Published,"Oct 04, 2026","Nov 04, 2026",11:00 AM,https://epms.ppra.gov.pk/public/tenders/tender-details/TS0000015278E,Energy/Utilities,2026-11-04,2026-10-05T06:27:10.880745
21,TS0000015280E,"ENGAGEMENT OF BUSINESS CONSULTANT FOR DEVELOPMENT OF A BUSINESS PLAN AND FLEET FINANCING PLAN FOR PAKISTAN NATIONAL SHIPPING CORPORATION (PNSC),",for detail please visit https://www.pnsc.com.pk/tenders Pakistan National Shipping Corporation (PNSC)...,Services,PRCD/BSNS-CSLT/2026/008,Pakistan National Shipping Corporation (PNSC),Karachi - Pakistan,Published,"Oct 04, 2026","Nov 04, 2026",11:00 AM,https://epms.ppra.gov.pk/public/tenders/tender-details/TS0000015280E,Services,2026-11-04,2026-10-05T06:27:10.880745
22,TS0000015283E,HIRING OF CONSULTANCY SERVICES FOR ASSESSMENT & VALUATION OF UNWANTED SERVICEABLE / UN-SERVICEABLE / SCRAP MATERIAL LYING AT REGIONAL STORE ROHRI & LARKANA SEPCO,,Services,TENDER NO 1423/26,Ministry of Energy (Power Division),Sukkur - Pakistan,Published,"Oct 04, 2026","Oct 22, 2026",10:30 AM,https://epms.ppra.gov.pk/public/tenders/tender-details/TS0000015283E,Services,2026-10-22,2026-10-05T06:27:10.880745
23,TS0000015286E,Tender Notice No. 21/2026,Following items are required,Miscellaneous,21/2026,Pakistan Atomic Energy Commission (PAEC),Islamabad - Pakistan,Published,"Oct 04, 2026","Oct 21, 2026",12:30 PM,https://epms.ppra.gov.pk/public/tenders/tender-details/TS0000015286E,Other,2026-10-21,2026-10-05T06:27:10.880745
24,TS0000015279E,Office Stationery,Various Stationery Items for Office Use,Stationery,04/2026-27,Federal Board of Revenue (FBR),Lahore - Pakistan,Published,"Oct 04, 2026","Oct 20, 2026",11:00 AM,https://epms.ppra.gov.pk/public/tenders/tender-details/TS0000015279E,Goods/Supplies,2026-10-20,2026-10-05T06:27:10.880745
25,TS0000015281E,"Public Auction of unservicable / obselete stores, scrap, spare of vehicle, PM & vehicles",Public Auction will be held at CMT & SD Golra Road Rawlpindi (20 to 22 October 2026) Public Auction of unserviceable / obselete...,Miscellaneous,"Auction of unservicable / obselete stores, scrap, spare of vehicle, PM & vehicles",Ministry of Defence,Rawalpindi - Pakistan,Published,"Oct 04, 2026","Oct 20, 2026",08:30 AM,https://epms.ppra.gov.pk/public/tenders/tender-details/TS0000015281E,Goods/Supplies,2026-10-20,2026-10-05T06:27:10.880745
26,TS0000015287E,Procurement of Hardware IT Equipment networking Equipment server Infrastructure & data center for PQA,procurement Notice Tender Document attached.,Services,PQA/IT/ERP/HW/06/2026,Port Qasim Authority (PQA),Karachi - Pakistan,Published,"Oct 04, 2026","Oct 20, 2026",11:30 AM,https://epms.ppra.gov.pk/public/tenders/tender-details/TS0000015287E,Construction/Works,2026-10-20,2026-10-05T06:27:10.880745
27,TS0000015270E,Hiring the services of Resident Engineers through reputed Firms,Tender Notice,Services,p123535,Ministry of Defence,Rawalpindi - Pakistan,Published,"Oct 04, 2026","Oct 19, 2026",11:00 AM,https://epms.ppra.gov.pk/public/tenders/tender-details/TS0000015270E,Services,2026-10-19,2026-10-05T06:27:10.880745
28,TS0000015272E,"PROCUREMENT OF CARDIAC SURGERY EQUIPMENT (PACKAGE NO. 19) FOR, ESTABLISHMENT OF FEDERAL GOVERNMENT POLYCLINIC (PGMI)-II AT G-11/3, ISLAMABAD.","PROCUREMENT OF CARDIAC SURGERY EQUIPMENT (PACKAGE NO. 19) FOR, ESTABLISHMENT OF FEDERAL GOVERNMENT POLYCLINIC (PGMI)-II AT G-11/3, ISLAMABAD. PROCUREMENT OF CARDIAC SURGERY EQUIPMENT (PACKAGE...",Equipments,HCP/FGPC(PGMI)-II/ME260708-2/P19,Government of Punjab,Lahore - Pakistan,Published,"Oct 04, 2026","Oct 19, 2026",03:00 PM,https://epms.ppra.gov.pk/public/tenders/tender-details/TS0000015272E,Goods/Supplies,2026-10-19,2026-10-05T06:27:10.880745
29,TS0000015273E,PRE-QUALIFICATION OF CONTRACTORS FOR HIRING OF SERVICES FOR BORING / INSTALLATION OF DEEP WELL GROUND BEDS,PRE-QUALIFICATION OF CONTRACTORS FOR HIRING OF SERVICES FOR BORING / INSTALLATION OF DEEP WELL GROUND BEDS PRE-QUALIFICATION OF CONTRACTORS FOR HIRING OF...,Services,GM (CORR)-SNGPL/PQ/DWG/01/27,Ministry of Energy (Petroleum Division),Lahore - Pakistan,Published,"Oct 04, 2026","Oct 19, 2026",11:00 AM,https://epms.ppra.gov.pk/public/tenders/tender-details/TS0000015273E,Services,2026-10-19,2026-10-05T06:27:10.880745
30,TS0000015274E,"PROCUREMENT OF OPERATING MICROSCOPES (PACKAGE NO. 32) ON DDP BASIS FOR ESTABLISHMENT OF FEDERAL GOVERNMENT POLYCLINIC (PGMI)-II AT G-11/3, ISLAMABAD","PROCUREMENT OF OPERATING MICROSCOPES (PACKAGE NO. 32) ON DDP BASIS FOR ESTABLISHMENT OF FEDERAL GOVERNMENT POLYCLINIC (PGMI)-II AT G-11/3, ISLAMABAD PROCUREMENT OF OPERATING MICROSCOPES (PACKAGE NO....",Equipments,HCP/FGPC(PGMI)-II/ME-260911-1/P32,Government of Punjab,Lahore - Pakistan,Published,"Oct 04, 2026","Oct 19, 2026",03:30 PM,https://epms.ppra.gov.pk/public/tenders/tender-details/TS0000015274E,Goods/Supplies,2026-10-19,2026-10-05T06:27:10.880745
31,TS0000015276E,"PROCUREMENT OF LABORATORY EQUIPMENT (PACKAGE NO. 18, LOT-B, CHEMISTRY EQUIPMENT) ON DDP BASIS FOR ESTABLISHMENT OF FEDERAL GOVERNMENT POLYCLINIC (PGMI)-II AT G-11/3,","ISLAMABAD PROCUREMENT OF LABORATORY EQUIPMENT (PACKAGE NO. 18, LOT-B, CHEMISTRY EQUIPMENT) ON DDP BASIS FOR ESTABLISHMENT OF FEDERAL GOVERNMENT POLYCLINIC (PGMI)-II AT G-11/3, ISLAMABAD PROCUREMENT OF LABORATORY EQUIPMENT (PACKAGE NO....",Equipments,HCP/FGPC(PGMI)-II/ME-260807-2/P18B,Government of Punjab,Lahore - Pakistan,Published,"Oct 04, 2026","Oct 19, 2026",04:00 PM,https://epms.ppra.gov.pk/public/tenders/tender-details/TS0000015276E,Goods/Supplies,2026-10-19,2026-10-05T06:27:10.880745
32,TS0000015284E,Purchase of Items Communication Equipment,,Info and Comm Tech,P142353,Pakistan Rangers (Punjab),Lahore - Pakistan,Published,"Oct 04, 2026","Oct 19, 2026",11:00 AM,https://epms.ppra.gov.pk/public/tenders/tender-details/TS0000015284E,Goods/Supplies,2026-10-19,2026-10-05T06:27:10.880745
33,TS0000015264E,"Supply of Electric Vehicles (EV Buses) with Charging Station including Installation, Commissioning & Training",,Vehicles,IFB No. 9/2026-27 (P119857),Higher Education Commission (HEC),Islamabad - Pakistan,Published,"Oct 03, 2026","Oct 28, 2026",10:30 AM,https://epms.ppra.gov.pk/public/tenders/tender-details/TS0000015264E,Energy/Utilities,2026-10-28,2026-10-05T06:27:10.880745
34,TS0000015260E,"Installation of Fire Safety Equipment in CBM Office, The Malir CLub, Rest House, CB Workshop, CB Health Centre and CB School",Installation of Fire Safety Equipment in CBM...,Miscellaneous,P138975,Ministry of Defence,Karachi - Pakistan,Published,"Oct 03, 2026","Oct 22, 2026",02:00 PM,https://epms.ppra.gov.pk/public/tenders/tender-details/TS0000015260E,Medical/Health,2026-10-22,2026-10-05T06:27:10.880745
35,TS0000015255E,Hiring of Machines,,Printing,PCP.1-32/2026-P&D,Cabinet Division,Islamabad - Pakistan,Published,"Oct 03, 2026","Oct 21, 2026",02:00 PM,https://epms.ppra.gov.pk/public/tenders/tender-details/TS0000015255E,Other,2026-10-21,2026-10-05T06:27:10.880745
36,TS0000015257E,"Procurement of Non Consultancy Services for KEC, TDAP",,Miscellaneous,TDAP/TFD/KEC/2026-27,Ministry of Commerce,Karachi - Pakistan,Published,"Oct 03, 2026","Oct 21, 2026",11:00 AM,https://epms.ppra.gov.pk/public/tenders/tender-details/TS0000015257E,Services,2026-10-21,2026-10-05T06:27:10.880745
37,TS0000015263E,Re-tender for Maintenance Store Items SZHL FY – 2026-27,,Electrical Items,P89833,"Ministry of National Health Services, Regulation & Coordination",Lahore - Pakistan,Published,"Oct 03, 2026","Oct 21, 2026",11:00 AM,https://epms.ppra.gov.pk/public/tenders/tender-details/TS0000015263E,Energy/Utilities,2026-10-21,2026-10-05T06:27:10.880745
38,TS0000015254E,IT EQUIPMENTS AND CONSUMABLE STATIONERY ITEMS,IT EQUIPMENTS AND CONSUMABLE STATIONERY ITEMS Purchase of IT EQUIPMENTS AND CONSUMABLE...,Consumable Items,P141087,"Ministry of National Health Services, Regulation & Coordination",Rawalpindi - Pakistan,Published,"Oct 03, 2026","Oct 20, 2026",11:00 AM,https://epms.ppra.gov.pk/public/tenders/tender-details/TS0000015254E,Goods/Supplies,2026-10-20,2026-10-05T06:27:10.880745
39,TS0000015258E,"Contract for hiring of Parking space for employees on rental basis near State Life Building No.9, Dr. Ziauddin Ahmed Road, Karachi.",Car Parking,Services,P144846,Ministry of Commerce,Karachi - Pakistan,Published,"Oct 03, 2026","Oct 20, 2026",11:00 AM,https://epms.ppra.gov.pk/public/tenders/tender-details/TS0000015258E,Construction/Works,2026-10-20,2026-10-05T06:27:10.880745
40,TS0000015261E,REQUEST FOR EXPRESSION OF INTEREST FOR PROVISION OF HEADHUNTING SERVICES,,Services,P144867,Ministry of Energy (Power Division),Islamabad - Pakistan,Published,"Oct 03, 2026","Oct 20, 2026",11:00 AM,https://epms.ppra.gov.pk/public/tenders/tender-details/TS0000015261E,Services,2026-10-20,2026-10-05T06:27:10.880745
41,TS0000012897E,ENGAGEMENT OF INTERNATIONAL CERTIFICATION BODIES FOR INTERNATIONAL CERTIFICATION OF PMYSDP TRAINEES IN HIGH DEMAND TRADES,JV is not Allowed 1. The National Vocational and Technical Training...,Miscellaneous,NAV-04092026,Ministry of Federal Education and Professional Training,Islamabad - Pakistan,PublishedCorrigendum,"Oct 03, 2026","Oct 19, 2026",11:00 AM,https://epms.ppra.gov.pk/public/tenders/tender-details/TS0000012897E,Other,2026-10-19,2026-10-05T06:27:10.880745
42,TS0000015250E,"Supply installation with earthing testing/commissioning of APMS with ordering code-4 for 25-KVA, 50-KVA, 100-KVA and 200-KVA Distribution Transformers with complete",associated and allied material and accessories Supply installation with earthing...,Equipments,51/MM/2026-27,Gujranwala Electric Power Company Limited,Gujranwala - Pakistan,Published,"Oct 03, 2026","Oct 19, 2026",11:00 AM,https://epms.ppra.gov.pk/public/tenders/tender-details/TS0000015250E,Goods/Supplies,2026-10-19,2026-10-05T06:27:10.880745
43,TS0000015252E,Renewal of Support and License Subscription for Web Application Firewall (WAF),Renewal of Support and License Subscription for Web Application Firewall (WAF) Renewal of Support and License Subscription for...,Info and Comm Tech,FMU/IT EQUIPMENT & SERVICES/2026-27/005,Ministry of Finance,Karachi - Pakistan,Published,"Oct 03, 2026","Oct 19, 2026",11:00 AM,https://epms.ppra.gov.pk/public/tenders/tender-details/TS0000015252E,Construction/Works,2026-10-19,2026-10-05T06:27:10.880745
44,TS0000015253E,REQUEST FOR PROPSAL for FOR ENGAGEMENT OF CYBERSECURITY & GRC CONSULTANT,,Info and Comm Tech,PITC/G-224(126)/10-2026,Ministry of Energy (Power Division),Lahore - Pakistan,Published,"Oct 03, 2026","Oct 19, 2026",11:00 AM,https://epms.ppra.gov.pk/public/tenders/tender-details/TS0000015253E,Services,2026-10-19,2026-10-05T06:27:10.880745
45,TS0000015256E,Invitation to E-Bid,Through SAP ARIBA Discovery,Miscellaneous,202/13,Oil and Gas Development Company Limited (OGDCL),Islamabad - Pakistan,Published,"Oct 03, 2026","Oct 19, 2026",11:00 AM,https://epms.ppra.gov.pk/public/tenders/tender-details/TS0000015256E,Other,2026-10-19,2026-10-05T06:27:10.880745
46,TS0000015262E,PROCUREMENT AND SUPPLY OF LABORATORY ITEMS,,Miscellaneous,P85912,"Ministry of National Health Services, Regulation & Coordination",Islamabad - Pakistan,Published,"Oct 03, 2026","Oct 19, 2026",11:00 AM,https://epms.ppra.gov.pk/public/tenders/tender-details/TS0000015262E,Goods/Supplies,2026-10-19,2026-10-05T06:27:10.880745
47,TS0000015265E,4760-IT Equipment LED TVs with Protective Glass and Smart Amplifier for Installation in Classroom and Labs,", CUI-Lahore Campus",Info and Comm Tech,CUI-LHR-TN-26-1951,COMSATS University Islamabad,lahore - Pakistan,Published,"Oct 03, 2026","Oct 19, 2026",11:00 AM,https://epms.ppra.gov.pk/public/tenders/tender-details/TS0000015265E,Goods/Supplies,2026-10-19,2026-10-05T06:27:10.880745
48,TS0000015266E,Procurement of Laptops,Procurement of Laptops Nil,Equipments,P139206,Ministry of Energy (Petroleum Division),Islamabad - Pakistan,Published,"Oct 03, 2026","Oct 19, 2026",03:00 PM,https://epms.ppra.gov.pk/public/tenders/tender-details/TS0000015266E,Goods/Supplies,2026-10-19,2026-10-05T06:27:10.880745
49,TS0000015251E,Fresh water,Provision of Fresh Water to 32nd CBN at district...,Services,400/32ndCB/07 dated 03 Oct 26,Ministry of Defence,Karachi - Pakistan,Published,"Oct 03, 2026","Oct 18, 2026",11:30 AM,https://epms.ppra.gov.pk/public/tenders/tender-details/TS0000015251E,Services,2026-10-18,2026-10-05T06:27:10.880745
50,TS0000015259E,"Outsourcing, Operation, Management, Maintenance and Commercialization of IT Park Islamabad","Outsourcing, Operation, Management, Maintenance and Commercialization of IT Park Islamabad Outsourcing, Operation, Management, Maintenance...",Miscellaneous,A (01)/PSEB/2026-27(C),Ministry of IT and Telecom,Islamabad - Pakistan,Published,"Oct 03, 2026","Oct 18, 2026",03:00 PM,https://epms.ppra.gov.pk/public/tenders/tender-details/TS0000015259E,IT/Technology,2026-10-18,2026-10-05T06:27:10.880745
51,TS0000015267E,Repair & Maint of Transport,Tender Notice,Repair/Maintenance,Tender Notice,HQs Frontier Core-North KPK,Peshawar - Pakistan,Published,"Oct 03, 2026","Oct 18, 2026",03:00 PM,https://epms.ppra.gov.pk/public/tenders/tender-details/TS0000015267E,Services,2026-10-18,2026-10-05T06:27:10.880745
52,TS0000015268E,Notice of tender,,Miscellaneous,4062-SMG-02/E-4,Ministry of Defence,Rawalpindi - Pakistan,Published,"Oct 03, 2026","Oct 18, 2026",11:30 AM,https://epms.ppra.gov.pk/public/tenders/tender-details/TS0000015268E,Other,2026-10-18,2026-10-05T06:27:10.880745
53,TS0000015269E,Notice of tender,,Miscellaneous,4021-71- FSL/02/E-4,Ministry of Defence,Rawalpindi - Pakistan,Published,"Oct 03, 2026","Oct 18, 2026",11:30 AM,https://epms.ppra.gov.pk/public/tenders/tender-details/TS0000015269E,Other,2026-10-18,2026-10-05T06:27:10.880745
54,TS0000013189E,Provision of Additional Office Space for Pakistan Digital Authority,,Miscellaneous,P113887,Ministry of IT and TeleCommunication,Islamabad - Pakistan,PublishedCorrigendum,"Oct 03, 2026","Oct 12, 2026",11:00 AM,https://epms.ppra.gov.pk/public/tenders/tender-details/TS0000013189E,IT/Technology,2026-10-12,2026-10-05T06:27:10.880745
55,TS0000014189E,"Construction of Pre-Engineered Building (PEB) for Industry Hub – Daanish University, Islamabad",,Civil Works,P128125,Ministry of Federal Education and Professional Training,Islamabad - Pakistan,PublishedCorrigendum,"Oct 03, 2026","Oct 09, 2026",11:00 AM,https://epms.ppra.gov.pk/public/tenders/tender-details/TS0000014189E,Construction/Works,2026-10-09,2026-10-05T06:27:10.880745
56,TS0000012068E,"MT Spres, Avn Stores, GS&C, Medicine, Electro Medical & Lab Kits & Implants","2 x P-1, 1 x P-2, 3 x P-3, 1 x P-12/13, 30 x P-26, 2 x P-27 & 30 x P-29 1. Corrigendum against Tender no....",Miscellaneous,"2 x P-1, 1 x P-2, 3 x P-3, 1 x P-12/13, 30 x P-26, 2 x P-27 & 30 x P-29",Directorate General Procurement (Army),Rawalpindi. - Pakistan,PublishedCorrigendum,"Oct 02, 2026","Nov 27, 2026",10:30 PM,https://epms.ppra.gov.pk/public/tenders/tender-details/TS0000012068E,Medical/Health,2026-11-27,2026-10-05T06:27:10.880745
57,TS0000015164E,"Steel Line Pipe 1"", 2"" & 4""","Steel Line Pipe 1"", 2"" & 4"" (03 Items) Steel Line Pipe 1"" (50,000 Meters), Steel...",Miscellaneous,SND-2639/26,Sui Northern Gas Pipelines Limited (SNGPL),Islamabad - Pakistan,Published,"Oct 02, 2026","Nov 18, 2026",02:30 PM,https://epms.ppra.gov.pk/public/tenders/tender-details/TS0000015164E,Other,2026-11-18,2026-10-05T06:27:10.880745
58,TS0000013664E,"Engr store, Sig Eqpt, GS&C, POL, Medicine, Medical, Med Disposable, Lab Kit & Implants","1xP-7, 4 x P-8/9, 3 x P-15, 4 x P-25, 21 x P-26, 2 x P-27, 30 x P-28, 9 x P-29 1. Corrigendum pub on 25 Sep 2026 against tender...",Miscellaneous,"1xP-7, 4 x P-8/9, 3 x P-15, 4 x P-25, 21 x P-26, 2 x P-27, 30 x P-28, 9 x P-29",Directorate General Procurement (Army),Rawalpindi. - Pakistan,PublishedCorrigendum,"Oct 02, 2026","Nov 17, 2026",12:45 AM,https://epms.ppra.gov.pk/public/tenders/tender-details/TS0000013664E,Medical/Health,2026-11-17,2026-10-05T06:27:10.880745
59,TS0000015166E,Procurement of D.N.T,0005/FP/HVN/57 Dt:29-SEP-26 DI-NITRO TOLUENE (D.N.T) TMP-512 20 M.Ton,Chemical Items,0005/FP/HVN/57 Dt:29-SEP-26,Ministry of Defence Production,Abbottabad - Pakistan,Published,"Oct 02, 2026","Nov 10, 2026",10:30 AM,https://epms.ppra.gov.pk/public/tenders/tender-details/TS0000015166E,Goods/Supplies,2026-11-10,2026-10-05T06:27:10.880745
60,TS0000015147E,P.E. Fittings,P.E. Fittings (14 Items) PE Fittings,Miscellaneous,SND-2637/26,Sui Northern Gas Pipelines Limited (SNGPL),Islamabad - Pakistan,PublishedCorrigendum,"Oct 02, 2026","Nov 10, 2026",02:30 PM,https://epms.ppra.gov.pk/public/tenders/tender-details/TS0000015147E,Other,2026-11-10,2026-10-05T06:27:10.880745
61,TS0000015243E,"Components for Remus G-1.6, Gas Meters (Diaphragm)","FOB/C&F/FOR(Only for Local Manufacturers as per SRO 827(1)/2001) Components for Remus G-1.6, Gas Meters...",Miscellaneous,SSGC/FP/PT/EPADS-1/14473,Ministry of Energy (Petroleum Division),Karachi - Pakistan,Published,"Oct 02, 2026","Nov 05, 2026",03:00 PM,https://epms.ppra.gov.pk/public/tenders/tender-details/TS0000015243E,Energy/Utilities,2026-11-05,2026-10-05T06:27:10.880745
62,TS0000015127E,PAKISTAN ORDNANCE FACTORIES POF SANJWAL,GRINDING/POLISHING MEDIA & ABRASIVE PROCUREMENT OF: GRINDING/POLISHING MEDIA &...,Miscellaneous,0252/FP/Sjl/56,Pakistan Ordnance Factories (POF),Attock - Pakistan,Published,"Oct 02, 2026","Nov 05, 2026",11:00 AM,https://epms.ppra.gov.pk/public/tenders/tender-details/TS0000015127E,Other,2026-11-05,2026-10-05T06:27:10.880745
63,TS0000015149E,"Procurement of 10,916-Nos. of Asset Performance Management System (APMS) for Pole Mounted Distribution Transformers as per PPMC specification No. DS-01:2026 including","Supply, Installation, Testing & Commissioning with allied accessories Invitation for E-Bid Procurement of 10,916-Nos. of Asset Performance...",Electrical Items,Ref erence No. P138519,Ministry of Energy (Power Division),Sukkur - Pakistan,Published,"Oct 02, 2026","Nov 05, 2026",11:30 AM,https://epms.ppra.gov.pk/public/tenders/tender-details/TS0000015149E,IT/Technology,2026-11-05,2026-10-05T06:27:10.880745
64,TS0000015153E,PVMS DRESSING (13x Items),PVMS DRESSING (13x Items),Health/Medicines,2683025/R-2609/380196,Directorate of Procurement (Navy),Islamabad - Pakistan,Published,"Oct 02, 2026","Nov 03, 2026",10:30 AM,https://epms.ppra.gov.pk/public/tenders/tender-details/TS0000015153E,Medical/Health,2026-11-03,2026-10-05T06:27:10.880745
65,TS0000015154E,PVMS DRESSING (09x Items),PVMS DRESSING (09x Items),Health/Medicines,2683026/R-2609/380197,Directorate of Procurement (Navy),Islamabad - Pakistan,Published,"Oct 02, 2026","Nov 03, 2026",10:30 AM,https://epms.ppra.gov.pk/public/tenders/tender-details/TS0000015154E,Medical/Health,2026-11-03,2026-10-05T06:27:10.880745
66,TS0000015237E,PROCUREMENT OF WIRE BALL BEARING,MD APF,Miscellaneous,PACB/786/261830019/0543/P-4,Ministry of Defence Production,Rawalpindi - Pakistan,Published,"Oct 02, 2026","Nov 03, 2026",10:30 AM,https://epms.ppra.gov.pk/public/tenders/tender-details/TS0000015237E,Goods/Supplies,2026-11-03,2026-10-05T06:27:10.880745
67,TS0000015238E,(PROC OF ITEMS FOR UP-GRADATION OF TERADYNE TESTER) & (UP-GRADATION OF RF CABLE ASSEMBLING FACILITY),MD APF,Miscellaneous,PACB/786-A/26212022/0542/P-4 & PACB/786-A/26211015/0548/P-4,Ministry of Defence Production,Rawalpindi - Pakistan,Published,"Oct 02, 2026","Nov 03, 2026",10:30 AM,https://epms.ppra.gov.pk/public/tenders/tender-details/TS0000015238E,Other,2026-11-03,2026-10-05T06:27:10.880745
68,TS0000015132E,PROCUREMENT OF OFFICE FURNITURE AT NBP PANJERA BRANCH (0594) RO MIRPUR A.K,PROCUREMENT OF OFFICE FURNITURE AT NBP PANJERA...,Furniture/Fixture,P138249,National Bank of Pakistan (NBP),Karachi - Pakistan,Published,"Oct 02, 2026","Nov 03, 2026",11:00 AM,https://epms.ppra.gov.pk/public/tenders/tender-details/TS0000015132E,Goods/Supplies,2026-11-03,2026-10-05T06:27:10.880745
69,TS0000015134E,PROCUREMENT OF OFFICE FURNITURE AT NBP MAIN BRANCH TIMERGARAH (0841) RO SWAT,PROCUREMENT OF OFFICE FURNITURE AT NBP MAIN...,Furniture/Fixture,P140892,National Bank of Pakistan (NBP),Karachi - Pakistan,Published,"Oct 02, 2026","Nov 03, 2026",11:00 AM,https://epms.ppra.gov.pk/public/tenders/tender-details/TS0000015134E,Goods/Supplies,2026-11-03,2026-10-05T06:27:10.880745
70,TS0000015136E,PROCUREMENT OF OFFICE FURNITURE AT NBP CHAPPRI BAZAR BRANCH (1632) RO RAWALAKOT A.K,PROCUREMENT OF OFFICE FURNITURE AT NBP CHAPPRI...,Furniture/Fixture,P138033,National Bank of Pakistan (NBP),Karachi - Pakistan,Published,"Oct 02, 2026","Nov 03, 2026",11:00 AM,https://epms.ppra.gov.pk/public/tenders/tender-details/TS0000015136E,Goods/Supplies,2026-11-03,2026-10-05T06:27:10.880745
71,TS0000015138E,PROCUREMENT OF OFFICE FURNITURE AT NBP SEHNSA BRANCH (1302) RO MIRPUR A.K,PROCUREMENT OF OFFICE FURNITURE AT NBP SEHNSA...,Furniture/Fixture,P138438,National Bank of Pakistan (NBP),Karachi - Pakistan,Published,"Oct 02, 2026","Nov 03, 2026",11:00 AM,https://epms.ppra.gov.pk/public/tenders/tender-details/TS0000015138E,Goods/Supplies,2026-11-03,2026-10-05T06:27:10.880745
72,TS0000015151E,PVMS DRESSING (22x Items),PVMS DRESSING (22x Items),Health/Medicines,2683024/R-2609/380195,Directorate of Procurement (Navy),Islamabad - Pakistan,Published,"Oct 02, 2026","Nov 03, 2026",10:30 AM,https://epms.ppra.gov.pk/public/tenders/tender-details/TS0000015151E,Medical/Health,2026-11-03,2026-10-05T06:27:10.880745
73,TS0000015174E,"Government of Balochistan- Learjet-45XR (AP-BKP) for HULL, HULL WAR, TPL, and PLL, PA TO Crew & PA TO Passengers Reinsurance 2027",,Services,138 (PRCL-RETRO-GOB-VIP FLIGHTS)/2027,Ministry of Commerce,Karachi - Pakistan,Published,"Oct 02, 2026","Nov 02, 2026",11:00 AM,https://epms.ppra.gov.pk/public/tenders/tender-details/TS0000015174E,Services,2026-11-02,2026-10-05T06:27:10.880745
74,TS0000015240E,"Purchase of Miscellaneous Canine Feed Ingredients, Additives and PM",Army Canine Cen,Miscellaneous,005,Ministry of Defence,Rawalpindi - Pakistan,Published,"Oct 02, 2026","Oct 31, 2026",11:00 AM,https://epms.ppra.gov.pk/public/tenders/tender-details/TS0000015240E,Goods/Supplies,2026-10-31,2026-10-05T06:27:10.880745
75,TS0000015202E,Construction of Jamal Din Wali Interchange on Sukkur Multan Motorway (M-5),,Civil Works,2(565-B),Ministry of Communications,Islamabad - Pakistan,Published,"Oct 02, 2026","Oct 29, 2026",11:30 AM,https://epms.ppra.gov.pk/public/tenders/tender-details/TS0000015202E,Construction/Works,2026-10-29,2026-10-05T06:27:10.880745
76,TS0000015144E,PVMS DRESSING (28x Items),PVMS DRESSING (28x Items),Health/Medicines,2683021/R-2609/380192,Directorate of Procurement (Navy),Islamabad - Pakistan,Published,"Oct 02, 2026","Oct 29, 2026",10:30 AM,https://epms.ppra.gov.pk/public/tenders/tender-details/TS0000015144E,Medical/Health,2026-10-29,2026-10-05T06:27:10.880745
77,TS0000015145E,PVMS DRESSING (20x Items),PVMS DRESSING (20x Items),Health/Medicines,2683022/R-2609/380193,Directorate of Procurement (Navy),Islamabad - Pakistan,Published,"Oct 02, 2026","Oct 29, 2026",10:30 AM,https://epms.ppra.gov.pk/public/tenders/tender-details/TS0000015145E,Medical/Health,2026-10-29,2026-10-05T06:27:10.880745
78,TS0000015148E,PVMS DRESSING (28x Items),PVMS DRESSING (28x Items),Health/Medicines,2683023/R-2609/380194,Directorate of Procurement (Navy),Islamabad - Pakistan,Published,"Oct 02, 2026","Oct 29, 2026",10:30 AM,https://epms.ppra.gov.pk/public/tenders/tender-details/TS0000015148E,Medical/Health,2026-10-29,2026-10-05T06:27:10.880745
79,TS0000015213E,PROCUREMENT OF INDUSTRIAL STACKERS (RIDE ON) - 1.5-02 TON IN LIEU OF BTY CARS ON “FOR BASIS”,2871/RT-7623/26-27/FOR (GROUP-III)/ME/SCM Dte dated 28 September 2026 PROCUREMENT OF INDUSTRIAL STACKERS (RIDE ON) -...,Miscellaneous,2871/RT-7623/26-27/FOR (GROUP-III)/ME/SCM Dte dated 28 September 2026,Ministry of Defence Production,Taxila - Pakistan,Published,"Oct 02, 2026","Oct 28, 2026",10:30 AM,https://epms.ppra.gov.pk/public/tenders/tender-details/TS0000015213E,Goods/Supplies,2026-10-28,2026-10-05T06:27:10.880745
80,TS0000015215E,Procurement of Tow Truck 20-33 KN,5041/2026-27/RT-6606/FOR-A/NEVF/SCM dated 30 September 2026 Procurement of Tow Truck 20-33 KN,Miscellaneous,5041/2026-27/RT-6606/FOR-A/NEVF/SCM dated 30 September 2026,Ministry of Defence Production,Taxila - Pakistan,Published,"Oct 02, 2026","Oct 28, 2026",10:30 AM,https://epms.ppra.gov.pk/public/tenders/tender-details/TS0000015215E,Goods/Supplies,2026-10-28,2026-10-05T06:27:10.880745
81,TS0000015226E,Procurement of Expandable Store,8600/2026-27/IT-8203/FOR (Gp-III)/DECOM/SCM dated 01 Oct 2026 Procurement of Expandable Store,Miscellaneous,8600/2026-27/IT-8203/FOR (Gp-III)/DECOM/SCM dated 01 Oct 2026,Ministry of Defence Production,Taxila - Pakistan,Published,"Oct 02, 2026","Oct 28, 2026",10:30 AM,https://epms.ppra.gov.pk/public/tenders/tender-details/TS0000015226E,Goods/Supplies,2026-10-28,2026-10-05T06:27:10.880745
82,TS0000012493E,"MT Spares, Avn, Armnt, Tank Spares, Medicine & Lab Kits & Implants","3 x P-1, 1 x P-2, 1xP-3,1 x P-12/13, 2 x P-14, 30 x P-26, 40 x P-29 1. Corrigendum pub on 20 Sep 2026 against tender...",Miscellaneous,"3 x P-1, 1 x P-2, 1xP-3,1 x P-12/13, 2 x P-14, 30 x P-26, 40 x P-29",Directorate General Procurement (Army),Rawalpindi. - Pakistan,PublishedCorrigendum,"Oct 02, 2026","Oct 28, 2026",10:30 AM,https://epms.ppra.gov.pk/public/tenders/tender-details/TS0000012493E,Medical/Health,2026-10-28,2026-10-05T06:27:10.880745
83,TS0000015135E,PVMS DRUGS (01x Items),PVMS DRUGS (01x Items),Health/Medicines,2683017/R-2609/380188,Directorate of Procurement (Navy),Islamabad - Pakistan,Published,"Oct 02, 2026","Oct 28, 2026",10:30 AM,https://epms.ppra.gov.pk/public/tenders/tender-details/TS0000015135E,Medical/Health,2026-10-28,2026-10-05T06:27:10.880745
84,TS0000015137E,PVMS DRUGS (15x Items),PVMS DRUGS (15x Items),Health/Medicines,2683018/R-2609/380189,Directorate of Procurement (Navy),Islamabad - Pakistan,Published,"Oct 02, 2026","Oct 28, 2026",10:30 AM,https://epms.ppra.gov.pk/public/tenders/tender-details/TS0000015137E,Medical/Health,2026-10-28,2026-10-05T06:27:10.880745
85,TS0000015140E,PVMS DRUGS (04x Items),PVMS DRUGS (04x Items),Health/Medicines,2683019/R-2609/380190,Directorate of Procurement (Navy),Islamabad - Pakistan,Published,"Oct 02, 2026","Oct 28, 2026",10:30 AM,https://epms.ppra.gov.pk/public/tenders/tender-details/TS0000015140E,Medical/Health,2026-10-28,2026-10-05T06:27:10.880745
86,TS0000015142E,PVMS DRUGS (18x Items),PVMS DRUGS (18x Items),Health/Medicines,2683020/R-2609/380191,Directorate of Procurement (Navy),Islamabad - Pakistan,Published,"Oct 02, 2026","Oct 28, 2026",10:30 AM,https://epms.ppra.gov.pk/public/tenders/tender-details/TS0000015142E,Medical/Health,2026-10-28,2026-10-05T06:27:10.880745
87,TS0000015180E,PROCUREMENT OF PLATE FLOOR METAL (THREAD PLATE),PROCUREMENT OF PLATE FLOOR METAL (THREAD PLATE),Equipments,CICP/B03/IND/2505142/R-2511/ 320226,Directorate of Procurement (Navy),Islamabad - Pakistan,Published,"Oct 02, 2026","Oct 27, 2026",10:30 AM,https://epms.ppra.gov.pk/public/tenders/tender-details/TS0000015180E,Goods/Supplies,2026-10-27,2026-10-05T06:27:10.880745
88,TS0000015208E,Tender For Purchase of Uniform Items 2026-27,Tender For Purchase of Uniform Items 2026-27 Tender For Purchase of Uniform Items 2026-27,Clothing/Uniform,GL/Tender.Uniform/11/2026-27,Federal Board of Revenue (FBR),Islamabad - Pakistan,Published,"Oct 02, 2026","Oct 27, 2026",01:00 PM,https://epms.ppra.gov.pk/public/tenders/tender-details/TS0000015208E,Goods/Supplies,2026-10-27,2026-10-05T06:27:10.880745
89,TS0000015212E,Procurement of Items for Refurbishment of 40 x 105 mm Gun Tk-59 & 69,5126/RT-6705/GF/FOR (Gp-l)/2026-27/SCM dated 28 September 2026 Procurement of Items for Refurbishment of 40 x...,Miscellaneous,5126/RT-6705/GF/FOR (Gp-l)/2026-27/SCM dated 28 September 2026,Ministry of Defence Production,Taxila - Pakistan,Published,"Oct 02, 2026","Oct 27, 2026",10:30 AM,https://epms.ppra.gov.pk/public/tenders/tender-details/TS0000015212E,Goods/Supplies,2026-10-27,2026-10-05T06:27:10.880745
90,TS0000015216E,Development of Mobility Plat Form for Catapult Facility,4997/RT-6502/Dev/2026-27/FOR(A)/UASF/SCM dated 28 Sep 2026 Development of Mobility Plat Form for Catapult...,Miscellaneous,4997/RT-6502/Dev/2026-27/FOR(A)/UASF/SCM dated 28 Sep 2026,Ministry of Defence Production,Taxila - Pakistan,Published,"Oct 02, 2026","Oct 27, 2026",10:30 AM,https://epms.ppra.gov.pk/public/tenders/tender-details/TS0000015216E,Other,2026-10-27,2026-10-05T06:27:10.880745
91,TS0000015223E,Procurement of Tooling Cabinets,7885/RT-7711/26-27/GF/FOR (Gp-I)/SCM dated 30 Sep 2026 Procurement of Tooling Cabinets,Equipments,7885/RT-7711/26-27/GF/FOR (Gp-I)/SCM dated 30 Sep 2026,Ministry of Defence Production,Taxila - Pakistan,Published,"Oct 02, 2026","Oct 27, 2026",10:30 AM,https://epms.ppra.gov.pk/public/tenders/tender-details/TS0000015223E,Goods/Supplies,2026-10-27,2026-10-05T06:27:10.880745
92,TS0000015227E,PROCUREMENT OF COMBINATION THERAPY 5 IN 1,MS/RT-7966/26-27/Hosp/Gp-III/FOR/SCMD dated 30 Sep 2026 PROCUREMENT OF COMBINATION THERAPY 5 IN 1,Health/Medicines,MS/RT-7966/26-27/Hosp/Gp-III/FOR/SCMD dated 30 Sep 2026,Ministry of Defence Production,Taxila - Pakistan,Published,"Oct 02, 2026","Oct 27, 2026",10:30 AM,https://epms.ppra.gov.pk/public/tenders/tender-details/TS0000015227E,Medical/Health,2026-10-27,2026-10-05T06:27:10.880745
93,TS0000012769E,"NOR-140E-2026: Design, Manufacture, Supply, Installation Erection, Testing and Commissioning of 500/220kV Ludewala Substation (Upgradation from 220kV Substation) and Two","No. 500kV Line Bays at 500kV Faisalabad West Substation NOR-140E-2026: Design, Manufacture, Supply,... Civil Works","NOR-140E-2026: Design, Manufacture, Supply, Installation Erection, Testing and Commissioning of 500/220kV Ludewala Substation (Upgradation from 220kV Substation) and Two",No. 500kV Line Bays at 500kV Faisalabad West Substation,Ministry of Energy (Power Division),Lahore - Pakistan,PublishedCorrigendum,"Oct 02, 2026","Oct 27, 2026",11:00 AM,https://epms.ppra.gov.pk/public/tenders/tender-details/TS0000012769E,Goods/Supplies,2026-10-27,2026-10-05T06:27:10.880745
94,TS0000015128E,PVMS DRUGS (05x Items),PVMS DRUGS (05x Items),Health/Medicines,2683013/R-2609/380184,Directorate of Procurement (Navy),Islamabad - Pakistan,Published,"Oct 02, 2026","Oct 27, 2026",10:30 AM,https://epms.ppra.gov.pk/public/tenders/tender-details/TS0000015128E,Medical/Health,2026-10-27,2026-10-05T06:27:10.880745
95,TS0000015129E,PVMS DRUGS (06x Items),PVMS DRUGS (06x Items),Health/Medicines,2683014/R-2609/380185,Directorate of Procurement (Navy),Islamabad - Pakistan,Published,"Oct 02, 2026","Oct 27, 2026",10:30 AM,https://epms.ppra.gov.pk/public/tenders/tender-details/TS0000015129E,Medical/Health,2026-10-27,2026-10-05T06:27:10.880745
96,TS0000015131E,PVMS DRUGS (27x Items),PVMS DRUGS (27x Items),Health/Medicines,2683015/R-2609/380186,Directorate of Procurement (Navy),Islamabad - Pakistan,Published,"Oct 02, 2026","Oct 27, 2026",10:30 AM,https://epms.ppra.gov.pk/public/tenders/tender-details/TS0000015131E,Medical/Health,2026-10-27,2026-10-05T06:27:10.880745
97,TS0000015133E,PVMS DRUGS (21x Items),PVMS DRUGS (21x Items),Health/Medicines,2683016/R-2609/380187,Directorate of Procurement (Navy),Islamabad - Pakistan,Published,"Oct 02, 2026","Oct 27, 2026",10:30 AM,https://epms.ppra.gov.pk/public/tenders/tender-details/TS0000015133E,Medical/Health,2026-10-27,2026-10-05T06:27:10.880745
98,TS0000015190E,Pre Qualification of Firms for supply of IT items and Accessories,The FGO HQRs (Federal Government Organization...,Consumable Items,FFW10150,Prime Minister's Office,Islamabad - Pakistan,Published,"Oct 02, 2026","Oct 26, 2026",12:00 PM,https://epms.ppra.gov.pk/public/tenders/tender-details/TS0000015190E,IT/Technology,2026-10-26,2026-10-05T06:27:10.880745
99,TS0000015199E,Tender For Stationary Items,,Stationery,P143034,Ministry of Communications,Karachi - Pakistan,Published,"Oct 02, 2026","Oct 26, 2026",11:00 AM,https://epms.ppra.gov.pk/public/tenders/tender-details/TS0000015199E,Goods/Supplies,2026-10-26,2026-10-05T06:27:10.880745
100,TS0000015205E,PROCUREMENT OF EXPENDABLE STORE,4756/IT-7173/2026-27/HRF(T)/GP-II/SCM dated 25 Sep 2026 PROCUREMENT OF EXPENDABLE STORE,Miscellaneous,4756/IT-7173/2026-27/HRF(T)/GP-II/SCM dated 25 Sep 2026,Ministry of Defence Production,Taxila - Pakistan,Published,"Oct 02, 2026","Oct 26, 2026",10:30 AM,https://epms.ppra.gov.pk/public/tenders/tender-details/TS0000015205E,Goods/Supplies,2026-10-26,2026-10-05T06:27:10.880745
101,TS0000015206E,Expendables for ARDIC Labs,5652/IT-7525/ARDIC/FOR (B)/SCMD dated 25 Sep 2026 Expendables for ARDIC Labs,Miscellaneous,5652/IT-7525/ARDIC/FOR (B)/SCMD dated 25 Sep 2026,Ministry of Defence Production,Taxila - Pakistan,Published,"Oct 02, 2026","Oct 26, 2026",10:30 AM,https://epms.ppra.gov.pk/public/tenders/tender-details/TS0000015206E,Other,2026-10-26,2026-10-05T06:27:10.880745
102,TS0000015207E,Procurement of Customized Based Shower Testing System,5061/RT-6301/STS/2026-27/FOR (Gp-I)/APC/SCM dated 28 Sep 2026 Procurement of Customized Based Shower Testing...,Miscellaneous,5061/RT-6301/STS/2026-27/FOR (Gp-I)/APC/SCM dated 28 Sep 2026,Ministry of Defence Production,Taxila - Pakistan,Published,"Oct 02, 2026","Oct 26, 2026",10:30 AM,https://epms.ppra.gov.pk/public/tenders/tender-details/TS0000015207E,IT/Technology,2026-10-26,2026-10-05T06:27:10.880745
103,TS0000015210E,Procurement of Battery Car 8 Ton x 8M,5126/RT-6703/GF/FOR (Gp-l)/2026-27/SCM dated 28 September 2026 Procurement of Battery Car 8 Ton x 8M,Electrical Items,5126/RT-6703/GF/FOR (Gp-l)/2026-27/SCM dated 28 September 2026,Ministry of Defence Production,Taxila - Pakistan,Published,"Oct 02, 2026","Oct 26, 2026",10:30 AM,https://epms.ppra.gov.pk/public/tenders/tender-details/TS0000015210E,Energy/Utilities,2026-10-26,2026-10-05T06:27:10.880745
104,TS0000015155E,Provision of Certain facilities at PAF,,Civil Works,630/32/CMES/58/E-6,Ministry of Defence,Rawalpindi - Pakistan,Published,"Oct 02, 2026","Oct 23, 2026",11:30 AM,https://epms.ppra.gov.pk/public/tenders/tender-details/TS0000015155E,Construction/Works,2026-10-23,2026-10-05T06:27:10.880745
105,TS0000015230E,Tender For Security Guards,,Services,P144306,Ministry of Communications,Karachi - Pakistan,Published,"Oct 02, 2026","Oct 23, 2026",10:00 AM,https://epms.ppra.gov.pk/public/tenders/tender-details/TS0000015230E,Services,2026-10-23,2026-10-05T06:27:10.880745
106,TS0000015158E,Procurement CCTV IP Camera's,I CCTV IP CAMERAS I 4MP Entry IR Fixed-Focal...,Electrical Items,HRA&P /SKP/ 02/ 2026 (CCTV IP CAMERA'S),State Life Insurance Corporation of Pakistan,Sheikhupura - Pakistan,Published,"Oct 02, 2026","Oct 22, 2026",10:00 AM,https://epms.ppra.gov.pk/public/tenders/tender-details/TS0000015158E,Energy/Utilities,2026-10-22,2026-10-05T06:27:10.880745
107,TS0000015161E,Supply of IT Equipment for PSF Project,Tender No. 02/2026 IT Equipment,Equipments,P141906,National University of Sciences and Technology (NUST),Islamabad - Pakistan,Published,"Oct 02, 2026","Oct 22, 2026",11:00 AM,https://epms.ppra.gov.pk/public/tenders/tender-details/TS0000015161E,IT/Technology,2026-10-22,2026-10-05T06:27:10.880745
108,TS0000015204E,"PROCUREMENT OF TOOL ALIGNMENT WITH 2 x ITEMS, PROCUREMENT OF 15 x EXPENDABLE ITEMS OFF TK FOR GRINDING AND CUTTING DISCS, PROCUREMENT OF EXPENDABLE ITEMS OFF TK – 42 x","GEN TOOL ITEMS 4882/RT-70121/2026-27/TMF/Gp-I/SCM dated 28 Sep 2026, 4882/IT-70142/2026-27/TMF/FOR-B/SCM Dte dated 28 Sep 2026, 4882/IT-70143/2026-27/TMF/FOR-B/SCM Dte dated 28 Sep 2026 PROCUREMENT OF TOOL ALIGNMENT WITH 2 x ITEMS,...",Equipments,"4882/RT-70121/2026-27/TMF/Gp-I/SCM dated 28 Sep 2026, 4882/IT-70142/2026-27/TMF/FOR-B/SCM Dte dated 28 Sep 2026, 4882/IT-70143/2026-27/TMF/FOR-B/SCM Dte dated 28 Sep 2026",Ministry of Defence Production,Taxila - Pakistan,Published,"Oct 02, 2026","Oct 22, 2026",10:30 AM,https://epms.ppra.gov.pk/public/tenders/tender-details/TS0000015204E,Goods/Supplies,2026-10-22,2026-10-05T06:27:10.880745
109,TS0000015222E,PROC OF SECURITY EQUIPMENT FOR QRF,5608/RT-7848/26-27/5 DSF/FOR Gp-I/SCM Dte dated 28 Sep 2026 PROC OF SECURITY EQUIPMENT FOR QRF,Equipments,5608/RT-7848/26-27/5 DSF/FOR Gp-I/SCM Dte dated 28 Sep 2026,Ministry of Defence Production,Taxila - Pakistan,Published,"Oct 02, 2026","Oct 22, 2026",10:30 AM,https://epms.ppra.gov.pk/public/tenders/tender-details/TS0000015222E,Services,2026-10-22,2026-10-05T06:27:10.880745
110,TS0000015229E,RENOVATION AND MAINTENANCE OF TRAFFIC OFFICER (COMPLAINT) GROUND FLOOR OLD BUILDING AT KPT HEAD OFFICE.,RENOVATION AND MAINTENANCE OF TRAFFIC OFFICER (COMPLAINT) GROUND FLOOR OLD BUILDING AT KPT HEAD OFFICE. RENOVATION AND MAINTENANCE OF TRAFFIC OFFICER...,Civil Works,P-143775,Ministry of Maritime Affairs,Karachi - Pakistan,Published,"Oct 02, 2026","Oct 22, 2026",10:00 AM,https://epms.ppra.gov.pk/public/tenders/tender-details/TS0000015229E,Construction/Works,2026-10-22,2026-10-05T06:27:10.880745
111,TS0000015246E,Misc Works at GE DFHQ Ckl,Misc Works at GE DFHQ Ckl Misc Works at GE DFHQ Ckl,Civil Works,6000-Adv/02/E-6,Ministry of Defence,Rawalpindi - Pakistan,Published,"Oct 02, 2026","Oct 22, 2026",11:30 AM,https://epms.ppra.gov.pk/public/tenders/tender-details/TS0000015246E,Construction/Works,2026-10-22,2026-10-05T06:27:10.880745
112,TS0000015187E,"Renovation Work of the Main Building Washrooms (Officers, Staff & Ladies)’ at Pakistan Maritime Museum","On-Site visit by the bidder is mandatory, prior participating in the bid. 1. PMM invites sealed tenders from experienced...",Civil Works,PMM/Adm/2026/03,Ministry of Defence,Karachi - Pakistan,Published,"Oct 02, 2026","Oct 21, 2026",10:00 PM,https://epms.ppra.gov.pk/public/tenders/tender-details/TS0000015187E,Construction/Works,2026-10-21,2026-10-05T06:27:10.880745
113,TS0000015191E,TN-765 (EFS-61516 & 62611) Repair & Maintenance and supply of HVAC (Mcquay) System parts in AB-III,"REQUEST FOR BIDS PROCUREMENT OF GOODS 1. The Comsats University, Islamabad (Islamabad Campus) (Comsats University, Islamabad) has reserved Funds for the procurement planned for FY 2026-27. The Comsats University, Islamabad (Islamabad Campus) (Comsats University, Islamabad) intends to apply part of the proceeds of this Fund to cover eligible payments under the contract for the ""TN-765 (EFS 61516 & 62611) Repair & Maintenance and supply of HVAC (Mcquay) System parts in AB-III"" with the reference of ""P129394"" 2. The Comsats University, Islamabad (Islamabad Campus) (Comsats University, Islamabad) invites sealed Bids from eligible Bidders for procurement of goods described in the bidding documents on EPADS v2.0. 3. Single Stage-Two Envelope will be used by adopting Least Cost Based Selection (LCBS) Technique for the subject procurement, in line with the Public Procurement Rules, 2004 and any Regulations, Regulatory Guides, Procurement Guidelines or Instructions issued by the Authority from time to time. 4. All Bids must be accompanied by a Bid Security amounting described in Bid Security Section in Bidding Document in the form of  Pay Order, Demand Draft or all bids must be accompanied by bid securing declaration in the format specified in the Bidding documents 5. E-Bidding documents, containing detailed terms & conditions, specifications and requirements etc. are available on e-Pak Acquisition and Disposal System  (EPADS)  at https://epads.gov.pk/opportunities/federal/procurements/129394 for all the interested bidders registered on EPADS v2.0. Bidders are required to get themselves registered on EPADS v2.0 to participate in Bidding process. 6. The e-bids, prepared in accordance with the instructions in the e-Bidding Documents, must be submitted through EPADS v2.0 on or before Wednesday, October 21, 2026 11:00 AM. E-bids will be opened using EPADS v2.0 on the same day at Wednesday, October 21, 2026 11:30 AM Page 1 of 82 e-Pak Acquisition and Disposal System (EPADS) generated document   © 2026 . Manual submission of Bids shall not be entertained. Those vendors who have not yet registered on the new version of EPADS v2.0, may register themselves on https://vendors.epads.gov.pk/. A tutorial to explain the registration process is available at https://www.youtube.com/watch?v=MNW6T38v7tc In terms of Rule 48 of Public Procurement Rules, 2004 Grievance Redressal Committee (GRC) is notified for the subject procurement and notification copy is available on the procuring agency’s website and on Authority’s website at ( www.ppra.org.pk). Comsats University, Islamabad (Islamabad Campus) (Comsats University, Islamabad), Assistant Program Officer Procurement Office, 2nd Floor, Faculty Block-2, Comsats University Islamabad, Park Road., Islamabad Capital Territory +92-336-552-4334 habibullah@comsats.edu.pk REQUEST FOR BIDS PROCUREMENT OF GOODS 1. The...",Civil Goods,TN-765 (EFS-61516 & 62611) Repair & Maintenance and supply of HVAC (Mcquay) System parts in AB-III,COMSATS University Islamabad,Islamabad - Pakistan,Published,"Oct 02, 2026","Oct 21, 2026",11:00 AM,https://epms.ppra.gov.pk/public/tenders/tender-details/TS0000015191E,IT/Technology,2026-10-21,2026-10-05T06:27:10.880745
114,TS0000015203E,"PROCUREMENT OF CHAIN SLING WITH 5 X ITEMS, PROCUREMENT OF ELECTRIC BATTERY CART LIFTER, PROCUREMENT OF CUPOLA KEY WITH 11 X ITEMS","4882/RT-70131/2026-27/TMF/Gp-I/SCM dated 28 Sep 2026, 4882/RT-70118/2026-27/TMF/Gp-I/SCM dated 28 Sep 2026, 4882/RT-70132/2026-27/TMF/Gp-I/SCM dated 28 Sep 2026 PROCUREMENT OF CHAIN SLING WITH 5 X ITEMS,...",Miscellaneous,"4882/RT-70131/2026-27/TMF/Gp-I/SCM dated 28 Sep 2026, 4882/RT-70118/2026-27/TMF/Gp-I/SCM dated 28 Sep 2026, 4882/RT-70132/2026-27/TMF/Gp-I/SCM dated 28 Sep 2026",Ministry of Defence Production,Taxila - Pakistan,Published,"Oct 02, 2026","Oct 21, 2026",10:30 AM,https://epms.ppra.gov.pk/public/tenders/tender-details/TS0000015203E,Energy/Utilities,2026-10-21,2026-10-05T06:27:10.880745
115,TS0000015224E,PROCUREMENT OF DENTAL MEDICINES (123 X ITEMS),MS/RT-8902/2026-27/Hosp/FOR-A/SCMD 28 Sep 2026 PROCUREMENT OF DENTAL MEDICINES (123 X ITEMS),Health/Medicines,MS/RT-8902/2026-27/Hosp/FOR-A/SCMD 28 Sep 2026,Ministry of Defence Production,Taxila - Pakistan,Published,"Oct 02, 2026","Oct 21, 2026",10:30 AM,https://epms.ppra.gov.pk/public/tenders/tender-details/TS0000015224E,Medical/Health,2026-10-21,2026-10-05T06:27:10.880745
116,TS0000015231E,"TENDER NOTICE (REVERSE PROCUREMENT) BUSINESS OPPORTUNITY AT ALLAMA IQBAL INTERNATIONAL AIRPORT, LAHORE ESTABLISHMENT AND OPERATION OF BRANDED SANDWICH BAR AND COFFEE","OUTLET IN INTERNATIONAL AND DOMESTIC DEPARTURE LOUNGE TENDER NOTICE (REVERSE PROCUREMENT) BUSINESS OPPORTUNITY AT ALLAMA IQBAL INTERNATIONAL AIRPORT, LAHORE ESTABLISHMENT AND OPERATION OF BRANDED SANDWICH BAR AND COFFEE OUTLET IN INTERNATIONAL AND DOMESTIC DEPARTURE LOUNGE TENDER NOTICE (REVERSE PROCUREMENT) BUSINESS...",Services,12599,Pakistan Airports Authority (PAA),Karachi - Pakistan,Published,"Oct 02, 2026","Oct 21, 2026",11:00 AM,https://epms.ppra.gov.pk/public/tenders/tender-details/TS0000015231E,Services,2026-10-21,2026-10-05T06:27:10.880745
117,TS0000014281E,Provision & Implementation of Back Office Operations & Workflow Automation System for CDNS,Provision & Implementation of Back Office Operations & Workflow Automation System for CDNS Provision & Implementation of Back Office...,Info and Comm Tech,F.7(151)AgenticAI-CDNS/2026,Ministry of Finance,Islamabad - Pakistan,PublishedCorrigendum,"Oct 02, 2026","Oct 21, 2026",11:00 AM,https://epms.ppra.gov.pk/public/tenders/tender-details/TS0000014281E,IT/Technology,2026-10-21,2026-10-05T06:27:10.880745
118,TS0000015159E,"Purchase of Stationery, Computer Stationery and Other Miscellaneous items","Purchase of Stationery, Computer Stationery and...",Stationery,FFW9967,National Accountability Bureau (NAB),Islamabad - Pakistan,Published,"Oct 02, 2026","Oct 20, 2026",02:00 PM,https://epms.ppra.gov.pk/public/tenders/tender-details/TS0000015159E,IT/Technology,2026-10-20,2026-10-05T06:27:10.880745
119,TS0000015169E,PROCUREMENT OF SERVER HARDWARE,,Services,P130819,National Bank of Pakistan (NBP),Karachi - Pakistan,Published,"Oct 02, 2026","Oct 20, 2026",11:00 AM,https://epms.ppra.gov.pk/public/tenders/tender-details/TS0000015169E,IT/Technology,2026-10-20,2026-10-05T06:27:10.880745
120,TS0000015171E,"Disposal of Station Battery Cells Off-Size, Miscellaneous Iron Plastic and Wooden Scrap and Tyres Off Sizes",National Grid Company of Pakistan Limited (NGC)...,Miscellaneous,TENDER # 13/Disposal/(NGC) 2026-27,Ministry of Energy (Power Division),Rawalpindi - Pakistan,Published,"Oct 02, 2026","Oct 20, 2026",11:00 AM,https://epms.ppra.gov.pk/public/tenders/tender-details/TS0000015171E,Defence/Military,2026-10-20,2026-10-05T06:27:10.880745
121,TS0000015175E,Pre-Qualification/ Tender Notice For Civil Work,,Civil Works,P142941,Ministry of Communications,Karachi - Pakistan,Published,"Oct 02, 2026","Oct 20, 2026",11:00 AM,https://epms.ppra.gov.pk/public/tenders/tender-details/TS0000015175E,Construction/Works,2026-10-20,2026-10-05T06:27:10.880745
122,TS0000015177E,"Procurement Cutting Dicsc, Electrical items, Water Filtration cartridges & Bronze impeller etc & Plasma cutter & HSS bits etc","0017,0023,0043 & 0044-HVN-LP-57 Dt. 22-09-2026 GOVERNMENT OF PAKISTAN PAKISTAN ORDNANCE...",Miscellaneous,"0017,0023,0043 & 0044-HVN-LP-57 Dt. 22-09-2026",Ministry of Defence Production,Abbottabad - Pakistan,Published,"Oct 02, 2026","Oct 20, 2026",10:00 AM,https://epms.ppra.gov.pk/public/tenders/tender-details/TS0000015177E,Energy/Utilities,2026-10-20,2026-10-05T06:27:10.880745
123,TS0000015179E,Tender for Office Stationery/ Computer Stationery/ Miscellaneous Items for SIFC for FY 26-27,Tender for Office Stationery/ Computer...,Stationery,04 (1) SIFC/ General/ Tender for Office Stationery/ Computer Stationery/ Miscellaneous Items,Prime Minister's Office,Islamabad - Pakistan,Published,"Oct 02, 2026","Oct 20, 2026",11:00 AM,https://epms.ppra.gov.pk/public/tenders/tender-details/TS0000015179E,IT/Technology,2026-10-20,2026-10-05T06:27:10.880745
124,TS0000015184E,REQUEST FOR PROPOSAL(RFP) SERVICE LEVEL AGREEMENT (SLA) FOR OPERATIONS & MAINTENANCE SERVICES OF E&M FACILITIES AT QUETTA INTERNATIONAL AIRPORT (QIAP),REQUEST FOR PROPOSAL(RFP) SERVICE LEVEL AGREEMENT (SLA) FOR OPERATIONS & MAINTENANCE SERVICES OF E&M FACILITIES AT QUETTA INTERNATIONAL AIRPORT (QIAP) REQUEST FOR PROPOSAL(RFP) SERVICE LEVEL AGREEMENT...,Services,12596,Pakistan Airports Authority (PAA),Karachi - Pakistan,Published,"Oct 02, 2026","Oct 20, 2026",11:30 AM,https://epms.ppra.gov.pk/public/tenders/tender-details/TS0000015184E,Services,2026-10-20,2026-10-05T06:27:10.880745
125,TS0000015188E,"TENDER NOTICE (REVERSE PROCUREMENT) BUSINESS OPPORTUNITY AT ALLAMA IQBAL INTERNATIONAL AIRPORT, LAHORE MAINTENANCE OF MAIN SHED AND BRANDING / ADVERTISEMENT RIGHTS ON","DESIGNATED AREAS TENDER NOTICE (REVERSE PROCUREMENT) BUSINESS OPPORTUNITY AT ALLAMA IQBAL INTERNATIONAL AIRPORT, LAHORE MAINTENANCE OF MAIN SHED AND BRANDING / ADVERTISEMENT RIGHTS ON DESIGNATED AREAS TENDER NOTICE (REVERSE PROCUREMENT) BUSINESS...",Services,12597,Pakistan Airports Authority (PAA),Karachi - Pakistan,Published,"Oct 02, 2026","Oct 20, 2026",11:00 AM,https://epms.ppra.gov.pk/public/tenders/tender-details/TS0000015188E,Services,2026-10-20,2026-10-05T06:27:10.880745
126,TS0000015193E,"Tender for Security Guards Services at State Life Buildings # 02, 03 Hyderabad, Mirpurkhas, Sukkur, Larkana & Plot at Benazirabad (Nawabshah)","Tender for Security Guards Services at State Life Buildings # 02, 03 Hyderabad, Mirpurkhas, Sukkur, Larkana & Plot at Benazirabad (Nawabshah) Tender for Security Guards Services at State Life...",Services,RE-HYD/SECURITY SERVICES/04/202,State Life Insurance Corporation of Pakistan,Hyderabad - Pakistan,Published,"Oct 02, 2026","Oct 20, 2026",11:00 AM,https://epms.ppra.gov.pk/public/tenders/tender-details/TS0000015193E,Construction/Works,2026-10-20,2026-10-05T06:27:10.880745
127,TS0000015194E,Hiring of Rental Office Space for Establishment of NADRA Office Mumtaz City or Tarnol,Hiring of Rental Office Space for Establishment of NADRA Office Mumtaz City or Tarnol Hiring of Rental Office Space for Establishment...,Miscellaneous,Hiring of Rental Office Space for Establishment of NADRA Office Mumtaz City or Tarnol,Ministry of Interior and Narcotics Control,Islamabad - Pakistan,Published,"Oct 02, 2026","Oct 20, 2026",11:00 AM,https://epms.ppra.gov.pk/public/tenders/tender-details/TS0000015194E,Other,2026-10-20,2026-10-05T06:27:10.880745
128,TS0000015196E,SUPPLY OF STATIONERY / MISC ITEMS / PHOTOCOPIER TONERS / PRINTING ITEMS AND COMPUTER ACCESSORIES,SUPPLY OF STATIONERY / MISC ITEMS / PHOTOCOPIER...,Stationery,FFW9664,Pakistan Electronic Media Regulatory Authority (PEMRA),Islamabad - Pakistan,Published,"Oct 02, 2026","Oct 20, 2026",11:00 AM,https://epms.ppra.gov.pk/public/tenders/tender-details/TS0000015196E,IT/Technology,2026-10-20,2026-10-05T06:27:10.880745
129,TS0000015218E,"TENDER NOTICE (REVERSE PROCUREMENT) BUSINESS OPPORTUNITY AT BACHA KHAN INTERNATIONAL AIRPORT (BKIAP), PESHAWAR ESTABLISHMENT AND OPERATION OF FOREIGN CURRENCY EXCHANGE","COUNTER LOCATED IN CONCOURSE HALL TENDER NOTICE (REVERSE PROCUREMENT) BUSINESS OPPORTUNITY AT BACHA KHAN INTERNATIONAL AIRPORT (BKIAP), PESHAWAR ESTABLISHMENT AND  OPERATION OF FOREIGN CURRENCY EXCHANGE COUNTER LOCATED IN CONCOURSE HALL TENDER NOTICE (REVERSE PROCUREMENT) BUSINESS...",Services,12598,Pakistan Airports Authority (PAA),Karachi - Pakistan,Published,"Oct 02, 2026","Oct 20, 2026",10:00 AM,https://epms.ppra.gov.pk/public/tenders/tender-details/TS0000015218E,Services,2026-10-20,2026-10-05T06:27:10.880745
130,TS0000015219E,Procurement of 125 MM Tank Gun Components,7885/RT-7712/26-27/GF/FOR (Gp-I)/SCM dated 28 Sep 2026 Procurement of 125 MM Tank Gun Components,Equipments,7885/RT-7712/26-27/GF/FOR (Gp-I)/SCM dated 28 Sep 2026,Ministry of Defence Production,Taxila - Pakistan,Published,"Oct 02, 2026","Oct 20, 2026",10:30 AM,https://epms.ppra.gov.pk/public/tenders/tender-details/TS0000015219E,Defence/Military,2026-10-20,2026-10-05T06:27:10.880745
131,TS0000015220E,Procurement of Inventory Management Equipment,5010/IT-6806/26-27/SCM/FOR/GP-II/SCM dated 16 September 2026 Procurement of Inventory Management Equipment,Equipments,5010/IT-6806/26-27/SCM/FOR/GP-II/SCM dated 16 September 2026,Ministry of Defence Production,Taxila - Pakistan,Published,"Oct 02, 2026","Oct 20, 2026",10:30 AM,https://epms.ppra.gov.pk/public/tenders/tender-details/TS0000015220E,Goods/Supplies,2026-10-20,2026-10-05T06:27:10.880745
132,TS0000015221E,Procurement of Electrical Loader Vehicle,7885/RT-7717/26-27/GF/FOR (Gp-I)/SCM Dte dated 28 Sep 2026 Procurement of Electrical Loader Vehicle,Vehicles,7885/RT-7717/26-27/GF/FOR (Gp-I)/SCM Dte dated 28 Sep 2026,Ministry of Defence Production,Taxila - Pakistan,Published,"Oct 02, 2026","Oct 20, 2026",10:30 AM,https://epms.ppra.gov.pk/public/tenders/tender-details/TS0000015221E,Energy/Utilities,2026-10-20,2026-10-05T06:27:10.880745
133,TS0000015225E,Procurement of Customized Table Calendars & Diaries,,Miscellaneous,IFB No. 10/2026-27 (P140556),Higher Education Commission (HEC),Islamabad - Pakistan,Published,"Oct 02, 2026","Oct 20, 2026",10:30 AM,https://epms.ppra.gov.pk/public/tenders/tender-details/TS0000015225E,Goods/Supplies,2026-10-20,2026-10-05T06:27:10.880745
134,TS0000015233E,Fabrication of Wooden Workstations,Fabrication of Wooden Workstaion Qty 15,Furniture/Fixture,P144438,Federal Tax Ombudsman Secretariat,Islamabad - Pakistan,Published,"Oct 02, 2026","Oct 20, 2026",10:00 AM,https://epms.ppra.gov.pk/public/tenders/tender-details/TS0000015233E,Other,2026-10-20,2026-10-05T06:27:10.880745
135,TS0000015236E,Security Guards,,Services,PMDC_08,"Ministry of National Health Services, Regulation & Coordination",Islamabad - Pakistan,Published,"Oct 02, 2026","Oct 20, 2026",10:30 AM,https://epms.ppra.gov.pk/public/tenders/tender-details/TS0000015236E,Services,2026-10-20,2026-10-05T06:27:10.880745
136,TS0000015130E,Monitoring and Fixing/Repairing of Building Security Cameras & Surveillance System at Emigration Tower,Monitoring and Fixing/Repairing of Building Security Cameras & Surveillance System at Emigration Tower Bureau of Emigration & Overseas Employment...,Services,Security Cameras Surveillance-2026-27,Ministry of Overseas Pakistanis & Human Resource Development,Islamabad - Pakistan,Published,"Oct 02, 2026","Oct 20, 2026",10:00 AM,https://epms.ppra.gov.pk/public/tenders/tender-details/TS0000015130E,Construction/Works,2026-10-20,2026-10-05T06:27:10.880745
137,TS0000015139E,Pre-qualification of firms/vendors for Repair & Maintenance of Vehicle,Pre-qualification of firms/vendors for Repair...,Repair/Maintenance,FFW10245,National Accountability Bureau (NAB),Islamabad - Pakistan,Published,"Oct 02, 2026","Oct 20, 2026",11:00 AM,https://epms.ppra.gov.pk/public/tenders/tender-details/TS0000015139E,Services,2026-10-20,2026-10-05T06:27:10.880745
138,TS0000015143E,"Pre-qualification of firms/vendors for Repair & Maintenance of Machinery, Building, Furniture and Other Services",Pre-qualification of firms/vendors for Repair...,Repair/Maintenance,FFW10251,National Accountability Bureau (NAB),Islamabad - Pakistan,Published,"Oct 02, 2026","Oct 20, 2026",11:00 AM,https://epms.ppra.gov.pk/public/tenders/tender-details/TS0000015143E,Construction/Works,2026-10-20,2026-10-05T06:27:10.880745
139,TS0000015152E,Pre-qualification of firms/vendors for Repair & Maintenance of Hardware & IT items,Pre-qualification of firms/vendors for Repair...,Repair/Maintenance,FFW10254,National Accountability Bureau (NAB),Islamabad - Pakistan,Published,"Oct 02, 2026","Oct 20, 2026",11:00 AM,https://epms.ppra.gov.pk/public/tenders/tender-details/TS0000015152E,IT/Technology,2026-10-20,2026-10-05T06:27:10.880745
140,TS0000015160E,"Iron Valve Pit Cover, SNGPL Monogram Marked","Supply of Iron Valve Pit Cover, SNGPL Monogram Marked Iron Valve Pit Cover, SNGPL Monogram Marked",Miscellaneous,LE-049/26,Sui Northern Gas Pipelines Limited (SNGPL),Lahore - Pakistan,Published,"Oct 02, 2026","Oct 19, 2026",02:30 PM,https://epms.ppra.gov.pk/public/tenders/tender-details/TS0000015160E,Other,2026-10-19,2026-10-05T06:27:10.880745
141,TS0000015162E,"Gas Service Tee size 3/4"" & 1""","Supply of Gas Service Tee size 3/4"" & 1"" Gas Service Tee size 3/4"" & 1""",Miscellaneous,LE-050/26,Sui Northern Gas Pipelines Limited (SNGPL),Lahore - Pakistan,Published,"Oct 02, 2026","Oct 19, 2026",02:30 PM,https://epms.ppra.gov.pk/public/tenders/tender-details/TS0000015162E,Energy/Utilities,2026-10-19,2026-10-05T06:27:10.880745
142,TS0000015163E,"M.S Angle Iron 2"" Mesh","Supply of M.S Angle Iron 2"" Mesh M.S Angle Iron 2"" Mesh",Miscellaneous,LE-051/26,Sui Northern Gas Pipelines Limited (SNGPL),Lahore - Pakistan,Published,"Oct 02, 2026","Oct 19, 2026",02:30 PM,https://epms.ppra.gov.pk/public/tenders/tender-details/TS0000015163E,Other,2026-10-19,2026-10-05T06:27:10.880745
143,TS0000015165E,MEDICAL HEALTH INSURANCE PLAN,MEDICAL HEALTH INSURANCE PLAN,Health/Medicines,P143403,Ministry of National Food Security & Research (MNFSR),Islamabad - Pakistan,Published,"Oct 02, 2026","Oct 19, 2026",11:00 AM,https://epms.ppra.gov.pk/public/tenders/tender-details/TS0000015165E,Medical/Health,2026-10-19,2026-10-05T06:27:10.880745
144,TS0000015170E,PROCUREMENT OF MISC SPARES AND GOODS,NORMAL TENDER Tender bulletin of Misc spares / goods of items...,Miscellaneous,CLP/IT/1202,Ministry of Defence,Karachi. - Pakistan,Published,"Oct 02, 2026","Oct 19, 2026",10:00 AM,https://epms.ppra.gov.pk/public/tenders/tender-details/TS0000015170E,Goods/Supplies,2026-10-19,2026-10-05T06:27:10.880745
145,TS0000015172E,"Dualization of Shahrah-e-Jamhuriate from NADRA Head Quarter to Constitution Avenue Sector G-5, Islamabad",,Miscellaneous,P136116,Ministry of Interior and Narcotics Control,Islamabad - Pakistan,Published,"Oct 02, 2026","Oct 19, 2026",11:30 AM,https://epms.ppra.gov.pk/public/tenders/tender-details/TS0000015172E,Other,2026-10-19,2026-10-05T06:27:10.880745
146,TS0000015173E,HIRING OF HIGH-CAPACITY ELECTRIC BUSES WITH DRIVERS & HELPERS,"PROCUREMENT NOTICE PROCUREMENT OF NON-CONSULTANCY SERVICES 1. The Comsats University, Islamabad (Islamabad Campus) (Comsats University, Islamabad) has reserved Funds for the procurement planned for FY 2026-27. The Comsats University, Islamabad (Islamabad Campus) (Comsats University, Islamabad) intends to apply part of the proceeds of this Fund to cover eligible payments under the contract for the “HIRING OF HIGH-CAPACITY ELECTRIC BUSES WITH DRIVERS & HELPERS” with the reference of ""P136776"" 2. The Comsats University, Islamabad (Islamabad Campus) (Comsats University, Islamabad) invites Bids through EPADS v2.0 from eligible Bidders registered on EPADS v2.0 for provision of Non-Consultancy Services. 3.  Single Stage-Two Envelope Procedure of Principal Method of Procurement (i.e. Open Competitive Bidding) will be used by adopting Least Cost Based Selection (LCBS)Technique for the subject procurement, in line with the Public Procurement Rules, 2004  and any Regulations, and Instructions issued by the Authority (from time to time). 4. All Bids must be accompanied by a Bid Security described in Bid Security Section in Bidding Document in the form of  Pay Order, Call at Deposit, Demand Draft or Bid Securing Declaration on the prescribed format described. 5. E-Bidding documents, containing detailed terms & conditions, specifications and requirements etc. are available on e-Pak Acquisition and Disposal System  (EPADS) at https://epads.gov.pk/opportunities/federal/procurements/136776. 6. The e-bids, prepared in accordance with the instructions in the e-Bidding documents, must be submitted through EPADS v2.0 on or before Monday, October 19, 2026 11:00 AM. E-bids will be opened on the same day at Monday, October 19, 2026 11:30 AM. Manual submission of Bids shall not be entertained.  Those vendors who have not yet registered on the new Page 1 of 92 e-Pak Acquisition and Disposal System (EPADS) generated document   © 2026 version of EPADS v2.0, may register themselves on https://vendors.epads.gov.pk/. A  tutorial  to  explain  the  registration  https://www.youtube.com/watch?v=MNW6T38v7tc process  is  available  at 7. In terms of Rules  48 of Public Procurement Rules, 2004  Grievance Redressal Committee (GRC) is notified for the subject procurement and notification copy is available on the procuring agency’s website and also available on EPADS v2.0 as well as Authority’s website at (www.ppra.org.pk). Comsats University, Islamabad (Islamabad Campus) (Comsats University, Islamabad), Assistant Program Officer Procurement Office, 2nd Floor, Faculty Block-2, Comsats University Islamabad, Park Road., Islamabad Capital Territory +92-336-552-4334 habibullah@comsats.edu.pk PROCUREMENT NOTICE PROCUREMENT OF NON-CONSULTANCY...",Services,HIRING OF HIGH-CAPACITY ELECTRIC BUSES WITH DRIVERS & HELPERS,COMSATS University Islamabad,Islamabad - Pakistan,Published,"Oct 02, 2026","Oct 19, 2026",11:00 AM,https://epms.ppra.gov.pk/public/tenders/tender-details/TS0000015173E,Energy/Utilities,2026-10-19,2026-10-05T06:27:10.880745
147,TS0000015181E,"Procurement of Furniture for RM Office, Islamabad.",AD-20079-YP - Procurement of Furniture for RM...,Miscellaneous,AD-20079-YP,Pakistan State Oil (PSO),Karachi - Pakistan,Published,"Oct 02, 2026","Oct 19, 2026",02:15 PM,https://epms.ppra.gov.pk/public/tenders/tender-details/TS0000015181E,Goods/Supplies,2026-10-19,2026-10-05T06:27:10.880745
148,TS0000015182E,Procurement of Laptops for RISE Project,,Info and Comm Tech,P83695,National Commission for Human Development (NCHD),Islamabad - Pakistan,Published,"Oct 02, 2026","Oct 19, 2026",11:00 AM,https://epms.ppra.gov.pk/public/tenders/tender-details/TS0000015182E,Goods/Supplies,2026-10-19,2026-10-05T06:27:10.880745
149,TS0000015183E,"T-4242/26/MK ""HIRING SERVICES FOR REVAMPING OF ION EXCHANGER (RO) PLANT",,Miscellaneous,"T-4242/26/MK ""HIRING SERVICES FOR REVAMPING OF ION EXCHANGER (RO) PLANT",Pakistan Security Printing Corporaion (PSPC),Islamabad - Pakistan,Published,"Oct 02, 2026","Oct 19, 2026",11:00 AM,https://epms.ppra.gov.pk/public/tenders/tender-details/TS0000015183E,Services,2026-10-19,2026-10-05T06:27:10.880745
150,TS0000015186E,TENDER FOR CONSTRUCTION OF INDUSTRIAL FLOOR AND RENOVATION OF PIPE FABRICATION SHOP AT PNSC WORKSHOP,FOR DETAIL PLEASE VISIT https://pnsc.com.pk/tenders The Pakistan National Shipping Corporation (PNSC)...,Civil Works,P73945,Pakistan National Shipping Corporation (PNSC),Karachi - Pakistan,Published,"Oct 02, 2026","Oct 19, 2026",11:00 AM,https://epms.ppra.gov.pk/public/tenders/tender-details/TS0000015186E,Construction/Works,2026-10-19,2026-10-05T06:27:10.880745
151,TS0000015189E,"Tender for Promotional Material Invest Pak, SIFCD for FY 26-27","Tender for Promotional Material Invest Pak, SIFCD...",Consumable Items,"04 (1) SIFCD/ General/ Tender for Promotional Material Invest Pak, 26-27",Prime Minister's Office,Islamabad - Pakistan,Published,"Oct 02, 2026","Oct 19, 2026",11:00 AM,https://epms.ppra.gov.pk/public/tenders/tender-details/TS0000015189E,Goods/Supplies,2026-10-19,2026-10-05T06:27:10.880745
152,TS0000015197E,"Provision of Lithium Batteries (72V, 300Ah, 22.00 KWH with charger)","Provision of Lithium Batteries (72V, 300Ah, 22.00...",Miscellaneous,58131,Ministry of Defence,Peshawar - Pakistan,Published,"Oct 02, 2026","Oct 19, 2026",11:00 AM,https://epms.ppra.gov.pk/public/tenders/tender-details/TS0000015197E,Other,2026-10-19,2026-10-05T06:27:10.880745
153,TS0000015198E,PROVISION OF SECURITY SERVICES FOR PEMRA HEADQUARTERS AND REGIONAL OFFICES,PROVISION OF SECURITY SERVICES FOR PEMRA...,Services,P125362,Pakistan Electronic Media Regulatory Authority (PEMRA),Islamabad - Pakistan,Published,"Oct 02, 2026","Oct 19, 2026",11:00 AM,https://epms.ppra.gov.pk/public/tenders/tender-details/TS0000015198E,Services,2026-10-19,2026-10-05T06:27:10.880745
154,TS0000015200E,Procurement of Stationery & Other Miscellaneous Stores Items,"The procurement is being undertaken for the supply of stationery and other miscellaneous stores items required for official use. Bidders are required to submit their bids through ePADS in accordance with the bidding documents, specifications, terms and conditions. The procuring agency reserves the right to accept or reject bids in accordance with the applicable PPRA Rules and bidding documents. Procurement of stationery and other miscellaneous...",Stationery,FFW10039,Wafaqi Mohtasib (Ombudsman) Secretariat,Quetta - Pakistan,Published,"Oct 02, 2026","Oct 19, 2026",11:30 AM,https://epms.ppra.gov.pk/public/tenders/tender-details/TS0000015200E,Goods/Supplies,2026-10-19,2026-10-05T06:27:10.880745
155,TS0000015201E,TN-760 EFS # 48792 Supply of Multimedia Projectors & AV Equipment for CUI Islamabad Campus,"REQUEST FOR BIDS PROCUREMENT OF GOODS 1. The Comsats University, Islamabad (Islamabad Campus) (Comsats University, Islamabad) has reserved Funds for the procurement planned for FY 2026-27. The Comsats University, Islamabad (Islamabad Campus) (Comsats University, Islamabad) intends to apply part of the proceeds of this Fund to cover eligible payments under the contract for the ""TN-760 EFS # 48792 Supply of Multimedia Projectors & AV Equipment for CUI Islamabad Campus"" with the reference of ""P110029"" 2. The Comsats University, Islamabad (Islamabad Campus) (Comsats University, Islamabad) invites sealed Bids from eligible Bidders for procurement of goods described in the bidding documents on EPADS v2.0. 3. Single Stage-Two Envelope will be used by adopting Least Cost Based Selection (LCBS) Technique for the subject procurement, in line with the Public Procurement Rules, 2004 and any Regulations, Regulatory Guides, Procurement Guidelines or Instructions issued by the Authority from time to time. 4. All Bids must be accompanied by a Bid Security amounting described in Bid Security Section in Bidding Document in the form of  Pay Order, Demand Draft or all bids must be accompanied by bid securing declaration in the format specified in the Bidding documents 5. E-Bidding documents, containing detailed terms & conditions, specifications and requirements etc. are available on e-Pak Acquisition and Disposal System  (EPADS)  at https://epads.gov.pk/opportunities/federal/procurements/110029 for all the interested bidders registered on EPADS v2.0. Bidders are required to get themselves registered on EPADS v2.0 to participate in Bidding process. 6. The e-bids, prepared in accordance with the instructions in the e-Bidding Documents, must be submitted through EPADS v2.0 on or before Monday, October 19, 2026 11:00 AM. E-bids will be opened using EPADS v2.0 on the same day at Monday, October 19, 2026 11:30 AM. Manual submission Page 1 of 82 e-Pak Acquisition and Disposal System (EPADS) generated document   © 2026 of Bids shall not be entertained. Those vendors who have not yet registered on the  new version of EPADS v2.0, may register themselves on https://vendors.epads.gov.pk/. A tutorial to explain the registration process is available at https://www.youtube.com/watch?v=MNW6T38v7tc In terms of Rule 48 of Public Procurement Rules, 2004 Grievance Redressal Committee (GRC) is notified for the subject procurement and notification copy is available on the procuring agency’s website and on Authority’s website at ( www.ppra.org.pk). Comsats University, Islamabad (Islamabad Campus) (Comsats University, Islamabad), Assistant Program Officer Procurement Office, 2nd Floor, Faculty Block-2, Comsats University Islamabad, Park Road., Islamabad Capital Territory +92-336-552-4334 habibullah@comsats.edu.pk REQUEST FOR BIDS PROCUREMENT OF GOODS 1. The...",Equipments,TN-760 EFS # 48792 Supply of Multimedia Projectors & AV Equipment for CUI Islamabad Campus,COMSATS University Islamabad,Islamabad - Pakistan,Published,"Oct 02, 2026","Oct 19, 2026",11:00 AM,https://epms.ppra.gov.pk/public/tenders/tender-details/TS0000015201E,Goods/Supplies,2026-10-19,2026-10-05T06:27:10.880745
156,TS0000015217E,PROCUREMENT OF CHEMICAL,4756/IT-7175/2026-27/HRF(T)/GP-II/SCM dated 28 Sep 2026 PROCUREMENT OF CHEMICAL,Miscellaneous,4756/IT-7175/2026-27/HRF(T)/GP-II/SCM dated 28 Sep 2026,Ministry of Defence Production,Taxila - Pakistan,Published,"Oct 02, 2026","Oct 19, 2026",10:30 AM,https://epms.ppra.gov.pk/public/tenders/tender-details/TS0000015217E,Goods/Supplies,2026-10-19,2026-10-05T06:27:10.880745
157,TS0000015228E,REPAIR AND MAINTENANCE TO KPT FLAT NO. GK-40 AT KV-43 BUILDING KEMARI.,REPAIR AND MAINTENANCE TO KPT FLAT NO. GK-40 AT KV-43 BUILDING KEMARI. REPAIR AND MAINTENANCE TO KPT FLAT NO. GK-40 AT...,Repair/Maintenance,P-138366,Ministry of Maritime Affairs,Karachi - Pakistan,Published,"Oct 02, 2026","Oct 19, 2026",09:30 AM,https://epms.ppra.gov.pk/public/tenders/tender-details/TS0000015228E,Construction/Works,2026-10-19,2026-10-05T06:27:10.880745
158,TS0000015232E,"CLEANING OF SEWERAGE LINES MANHOLES & SEPTIC TANKS IN LALAZAR, BATH ISLAND , AND TPX AREA (RUNNING CONTRACT FOR 06 MONTHS)","CLEANING OF SEWERAGE LINES MANHOLES & SEPTIC TANKS IN LALAZAR, BATH ISLAND  , AND TPX AREA (RUNNING CONTRACT FOR 06 MONTHS) CLEANING OF SEWERAGE LINES MANHOLES & SEPTIC...",Civil Works,P-139236,Ministry of Maritime Affairs,Karachi - Pakistan,Published,"Oct 02, 2026","Oct 19, 2026",09:00 AM,https://epms.ppra.gov.pk/public/tenders/tender-details/TS0000015232E,Construction/Works,2026-10-19,2026-10-05T06:27:10.880745
159,TS0000015234E,Supply of Air Filters for JGS420,,Electrical Items,T-4244/26-NB,Pakistan Security Printing Corporaion (PSPC),Islamabad - Pakistan,Published,"Oct 02, 2026","Oct 19, 2026",11:00 AM,https://epms.ppra.gov.pk/public/tenders/tender-details/TS0000015234E,Energy/Utilities,2026-10-19,2026-10-05T06:27:10.880745
160,TS0000015235E,Tender Notice for Supply of Machinery and Equipment,,Mechanical/Machinery,TUSDEC/TUG/NSPAIT-28 - EPADS Reference # P84316,Ministry of Industries & Production (MoIP),Lahore - Pakistan,Published,"Oct 02, 2026","Oct 19, 2026",11:00 AM,https://epms.ppra.gov.pk/public/tenders/tender-details/TS0000015235E,Goods/Supplies,2026-10-19,2026-10-05T06:27:10.880745
161,TS0000015239E,HIRING OF SERVICES OF CLEARING AND FORWARDING AGENT,,Printing,LP/T-2432,Pakistan Security Printing Corporaion (PSPC),Islamabad - Pakistan,Published,"Oct 02, 2026","Oct 19, 2026",11:00 AM,https://epms.ppra.gov.pk/public/tenders/tender-details/TS0000015239E,Services,2026-10-19,2026-10-05T06:27:10.880745
162,TS0000015241E,Pre Qualification of MT Repair & Maintenance Vehicles,Repair & Maintenance of Vehicle Pre Qualification of MT Repair & Maintenance...,Miscellaneous,FFW10266,Ministry of Defence,Rawalpindi - Pakistan,Published,"Oct 02, 2026","Oct 19, 2026",11:00 AM,https://epms.ppra.gov.pk/public/tenders/tender-details/TS0000015241E,Services,2026-10-19,2026-10-05T06:27:10.880745
163,TS0000015242E,Supply of Misc. IT Equipment,Supply of Misc. IT Equipment Supply of Misc. IT Equipment,Equipments,GHPL/IT/02/10-26,Ministry of Energy (Petroleum Division),Islamabad - Pakistan,Published,"Oct 02, 2026","Oct 19, 2026",12:00 PM,https://epms.ppra.gov.pk/public/tenders/tender-details/TS0000015242E,IT/Technology,2026-10-19,2026-10-05T06:27:10.880745
164,TS0000015245E,4802-Civil Work (Dismantling and Renovation) of Washrooms and Partition work at IRCBM,CUI Lahore Campus,Civil Works,CUI-LHR-TN-26-1950,COMSATS University Islamabad,lahore - Pakistan,Published,"Oct 02, 2026","Oct 19, 2026",11:00 AM,https://epms.ppra.gov.pk/public/tenders/tender-details/TS0000015245E,Construction/Works,2026-10-19,2026-10-05T06:27:10.880745
165,TS0000015248E,"Procurement of Papers and Allied material for PCP Press, Islamabad",,Printing,PCP.1-29/2026-P&D,Cabinet Division,Islamabad - Pakistan,Published,"Oct 02, 2026","Oct 19, 2026",02:00 PM,https://epms.ppra.gov.pk/public/tenders/tender-details/TS0000015248E,Goods/Supplies,2026-10-19,2026-10-05T06:27:10.880745
166,TS0000015117E,"Tender Notice for Sports, NCF and Conservancy Items at PAF Base, Mushaf","Tender Notice for Sports, NCF and Conservancy...",Miscellaneous,AHQ/3504/2/DGPR (AF),Ministry of Defence,islamabad - Pakistan,Published,"Oct 02, 2026","Oct 19, 2026",10:30 AM,https://epms.ppra.gov.pk/public/tenders/tender-details/TS0000015117E,Services,2026-10-19,2026-10-05T06:27:10.880745
167,TS0000015141E,"INVITATION TO BIDS FOR PROCUREMENT OF COMPUTER AND PHOTOCOPY MACHINE PAPERS FOR PAA OFFICES AT IIAP, ISLAMABAD I.T.No. IIAP/1764-36/01/7769/ISSS","INVITATION TO BIDS FOR PROCUREMENT OF COMPUTER AND PHOTOCOPY MACHINE PAPERS FOR PAA OFFICES AT IIAP, ISLAMABAD  I.T.No. IIAP/1764-36/01/7769/ISSS INVITATION TO BIDS FOR PROCUREMENT OF COMPUTER...",Miscellaneous,12595,Pakistan Airports Authority (PAA),Karachi - Pakistan,Published,"Oct 02, 2026","Oct 19, 2026",11:00 AM,https://epms.ppra.gov.pk/public/tenders/tender-details/TS0000015141E,IT/Technology,2026-10-19,2026-10-05T06:27:10.880745
168,TS0000015156E,"Procurement of Top S.S Plate 30""x18""x32mm","Steel Plate (Top Plate) (Size 30""x18""x32...",Consumable Items,494-REH/0001-02/2026,Pakistan Railways,Lahore - Pakistan,Published,"Oct 02, 2026","Oct 17, 2026",10:30 AM,https://epms.ppra.gov.pk/public/tenders/tender-details/TS0000015156E,Goods/Supplies,2026-10-17,2026-10-05T06:27:10.880745
169,TS0000015167E,"Procurement of CRM Standards, Chemicals, and Consumables","Single Stage-Two Envelope will be used by adopting Least Cost Based Selection (LCBS) Technique for the subject procurement, in line with the Public Procurement Rules, 2004 and any Regulations, Regulatory Guides, Procurement Guidelines or Instructions issued by the Authority from time to time. REQUEST FOR BIDS PROCUREMENT OF GOODS 1. The...",Chemical Items,P130771,Ministry of Energy (Petroleum Division),Karachi - Pakistan,Published,"Oct 02, 2026","Oct 17, 2026",01:00 PM,https://epms.ppra.gov.pk/public/tenders/tender-details/TS0000015167E,Goods/Supplies,2026-10-17,2026-10-05T06:27:10.880745
170,TS0000015168E,Allocation of Funds for Special ATG FY 2026/2027,This FF Regiment intends to purchase misc trg aid...,Miscellaneous,1909/Sp ATG/Accts,Ministry of Defence,Okara - Pakistan,Published,"Oct 02, 2026","Oct 17, 2026",12:00 PM,https://epms.ppra.gov.pk/public/tenders/tender-details/TS0000015168E,Other,2026-10-17,2026-10-05T06:27:10.880745
171,TS0000015185E,Providing Services for Modification in blue bars with End Cap at NVROs - Karachi Division,,Civil Works,RC-20067-SJ,Pakistan State Oil (PSO),Karachi - Pakistan,Published,"Oct 02, 2026","Oct 17, 2026",02:15 PM,https://epms.ppra.gov.pk/public/tenders/tender-details/TS0000015185E,Construction/Works,2026-10-17,2026-10-05T06:27:10.880745
172,TS0000015195E,Procurement of Samsung QLED TV 65inch,"65"" QLED Q8F 4K Samsung Vision AI Smart TV (Model: QA65Q8FAAUSMM ) 65"" QLED Q8F 4K Samsung Vision AI Smart TV...",Appliances,P143589,Islamabad High Court,Islamabad - Pakistan,Published,"Oct 02, 2026","Oct 17, 2026",11:00 AM,https://epms.ppra.gov.pk/public/tenders/tender-details/TS0000015195E,Goods/Supplies,2026-10-17,2026-10-05T06:27:10.880745
173,TS0000015209E,Purchase of Misc items,Procurement Quotations are invited for purchase of items as...,Miscellaneous,AMF/751-A/4607/LOG/2026-27(PC-02),Ministry of Defence Production,Kamra - Pakistan,Published,"Oct 02, 2026","Oct 17, 2026",10:30 PM,https://epms.ppra.gov.pk/public/tenders/tender-details/TS0000015209E,Goods/Supplies,2026-10-17,2026-10-05T06:27:10.880745
174,TS0000015211E,PROCUREMENT OF NETWORK INFRASTRUCTURE UPGRADATION PROJECT,,Equipments,P139038,Election Commission of Pakistan,Lahore - Pakistan,Published,"Oct 02, 2026","Oct 17, 2026",12:00 PM,https://epms.ppra.gov.pk/public/tenders/tender-details/TS0000015211E,Construction/Works,2026-10-17,2026-10-05T06:27:10.880745
175,TS0000015122E,Sale of Copper & Brass Ingots,Sale of Copper & Brass Ingots Sale of Copper & Brass Ingots,Miscellaneous,001/2026-27/WBM,Wah Industries Limited,Wah Cantt - Pakistan,Published,"Oct 02, 2026","Oct 17, 2026",12:00 PM,https://epms.ppra.gov.pk/public/tenders/tender-details/TS0000015122E,Other,2026-10-17,2026-10-05T06:27:10.880745
176,TS0000015146E,Military Engineer Services (Army),"NOTICE OF TENDER Repair Renov, Abnormal Repair Minor Maint Works,...",Civil Works,Tender Notice No 1,Ministry of Defence,Bahawalpur - Pakistan,Published,"Oct 02, 2026","Oct 17, 2026",12:00 PM,https://epms.ppra.gov.pk/public/tenders/tender-details/TS0000015146E,Construction/Works,2026-10-17,2026-10-05T06:27:10.880745
177,TS0000015099E,PROCUREMENT OF BORING ACCESSORIES,PROCUREMENT OF BORING ACCESSORIES,Miscellaneous,AMF/751-A/4604/646/LOG,Ministry of Defence Production,Kamra - Pakistan,PublishedCorrigendum,"Oct 02, 2026","Oct 16, 2026",11:30 AM,https://epms.ppra.gov.pk/public/tenders/tender-details/TS0000015099E,Goods/Supplies,2026-10-16,2026-10-05T06:27:10.880745
178,TS0000014579E,"Repair, Replacement & Re-installation of Canopy Blue bars & Associated Electrical Works at NVROs of Lahore Division",,Miscellaneous,RC-20044-SJ,Pakistan State Oil (PSO),Karachi - Pakistan,PublishedCorrigendum,"Oct 02, 2026","Oct 15, 2026",02:15 PM,https://epms.ppra.gov.pk/public/tenders/tender-details/TS0000014579E,Energy/Utilities,2026-10-15,2026-10-05T06:27:10.880745
179,TS0000011561E,"Sig, Armt, Tank Spare, GS&C and Med","1x P-8/9, 1 x P-12/13, 3 x P-14, 1 x P-15, 2x P-16 & 15 x P-27 Corrigendum against Tender...",Miscellaneous,"1x P-8/9, 1 x P-12/13, 3 x P-14, 1 x P-15, 2x P-16 & 15 x P-27",Directorate General Procurement (Army),Rawalpindi. - Pakistan,PublishedCorrigendum,"Oct 02, 2026","Oct 13, 2026",10:30 AM,https://epms.ppra.gov.pk/public/tenders/tender-details/TS0000011561E,Defence/Military,2026-10-13,2026-10-05T06:27:10.880745
180,TS0000012339E,"LM-19937-YP-Supply, Installation, and Commissioning of Automatic, Double-Side (Front & Back) Labeling Machine for Filling Line at LMT","LM-19937-YP-Supply, Installation, and...",Miscellaneous,LM-19937-YP,Pakistan State Oil (PSO),Karachi - Pakistan,PublishedCorrigendum,"Oct 02, 2026","Oct 12, 2026",02:15 PM,https://epms.ppra.gov.pk/public/tenders/tender-details/TS0000012339E,Goods/Supplies,2026-10-12,2026-10-05T06:27:10.880745
181,TS0000013389E,Tender No. P-49/2026 Renewal of SLA Support Services Contract for IT Hardware Equipment at FBR Data Centers (Islamabad & Karachi),Tender No. P-49/2026 Renewal of SLA Support Services Contract for IT Hardware Equipment at FBR Data Centers (Islamabad & Karachi) Tender No. P-49/2026 Renewal of SLA Support...,Info and Comm Tech,P-49/2026,Ministry of Finance,Islamabad - Pakistan,PublishedCorrigendum,"Oct 02, 2026","Oct 12, 2026",03:00 PM,https://epms.ppra.gov.pk/public/tenders/tender-details/TS0000013389E,IT/Technology,2026-10-12,2026-10-05T06:27:10.880745
182,TS0000014274E,Procurement of Cisco ISE Premier Subscription Licenses,,Miscellaneous,Procurement of Cisco ISE Premier Subscription Licenses,Ministry of Finance,Islamabad - Pakistan,PublishedCorrigendum,"Oct 02, 2026","Oct 12, 2026",11:00 AM,https://epms.ppra.gov.pk/public/tenders/tender-details/TS0000014274E,Goods/Supplies,2026-10-12,2026-10-05T06:27:10.880745
183,TS0000013885E,Procurement of ENT Equipments,PIMS,Equipments,06/2026-2027/PIMS,Pakistan Institute of Medical Sciences,Islamabad - Pakistan,PublishedCorrigendum,"Oct 02, 2026","Oct 10, 2026",11:00 AM,https://epms.ppra.gov.pk/public/tenders/tender-details/TS0000013885E,Goods/Supplies,2026-10-10,2026-10-05T06:27:10.880745
184,TS0000013887E,1600 kVA DIESEL GENERATOR SYSTEM,PIMS,Equipments,06/2026-2027/PIMS,Pakistan Institute of Medical Sciences,Islamabad - Pakistan,PublishedCorrigendum,"Oct 02, 2026","Oct 10, 2026",11:00 AM,https://epms.ppra.gov.pk/public/tenders/tender-details/TS0000013887E,IT/Technology,2026-10-10,2026-10-05T06:27:10.880745
185,TS0000013888E,VESSEL SEALER,PIMS,Equipments,06/2026-2027/PIMS,Pakistan Institute of Medical Sciences,Islamabad - Pakistan,PublishedCorrigendum,"Oct 02, 2026","Oct 10, 2026",11:00 AM,https://epms.ppra.gov.pk/public/tenders/tender-details/TS0000013888E,Goods/Supplies,2026-10-10,2026-10-05T06:27:10.880745
186,TS0000014036E,"PROCUREMENT OF OPERATIVE MICROSCOPE FOR ENT SURGERY , MICRO DEBRIDER SHAVER SYSTEM & ENT OPERATING DRILL SYSTEM",PIMS,Equipments,06/2026-2027/PIMS,Pakistan Institute of Medical Sciences,Islamabad - Pakistan,PublishedCorrigendum,"Oct 02, 2026","Oct 10, 2026",11:00 AM,https://epms.ppra.gov.pk/public/tenders/tender-details/TS0000014036E,IT/Technology,2026-10-10,2026-10-05T06:27:10.880745
187,TS0000013147E,Procurement of Miscullaneous Oil,Procurement of Miscullaneous Oil Nil,Consumable Items,09/FP/LP/Misc Oil/155/WIL/2026-27,Wah Industries Limited,Wah Cantt - Pakistan,PublishedCorrigendum,"Oct 02, 2026","Oct 08, 2026",11:30 AM,https://epms.ppra.gov.pk/public/tenders/tender-details/TS0000013147E,Goods/Supplies,2026-10-08,2026-10-05T06:27:10.880745
188,TS0000013715E,Procurement of H.T Spun Poles 36' feet long,"Hyderabad Electric Supply Company (HESCO),...",Electrical Items,1991/26,Ministry of Energy (Power Division),Hyderabad - Pakistan,PublishedCorrigendum,"Oct 02, 2026","Oct 06, 2026",11:00 AM,https://epms.ppra.gov.pk/public/tenders/tender-details/TS0000013715E,Energy/Utilities,2026-10-06,2026-10-05T06:27:10.880745
189,TS0000014204E,"Engrs, Sig, Armt, Tank Spares, GS&C, Medicine, Med, Med Disposable and Lab Kit & Implant","1xP7, 1xP8/9, 2xP12/13, 5xP14, 14xP15, 30xP26, 9xP27, 32xP28A, 113xP-28B & 6xP-29 1. Corrigendum pub on 20 Sep 2026 against tender...",Miscellaneous,"1xP7, 1xP8/9, 2xP12/13, 5xP14, 14xP15, 30xP26, 9xP27, 32xP28A, 113xP-28B & 6xP-29",Directorate General Procurement (Army),Rawalpindi. - Pakistan,PublishedCorrigendum,"Oct 01, 2026","Dec 28, 2026",09:30 AM,https://epms.ppra.gov.pk/public/tenders/tender-details/TS0000014204E,Medical/Health,2026-12-28,2026-10-05T06:27:10.880745
190,TS0000013104E,Three Phase Induction Motors,"Three Phase Induction Motors, Qty. 01 Item (02...",Miscellaneous,SNC-1938/26,Sui Northern Gas Pipelines Limited (SNGPL),Islamabad - Pakistan,PublishedCorrigendum,"Oct 01, 2026","Nov 17, 2026",02:30 PM,https://epms.ppra.gov.pk/public/tenders/tender-details/TS0000013104E,Other,2026-11-17,2026-10-05T06:27:10.880745
191,TS0000011910E,Air Intake Filter Elements & Pre-Filter Socks,Air Intake Filter Elements & Pre-Filter...,Miscellaneous,SNC-1937/26,Sui Northern Gas Pipelines Limited (SNGPL),Islamabad - Pakistan,PublishedCorrigendum,"Oct 01, 2026","Nov 17, 2026",02:30 PM,https://epms.ppra.gov.pk/public/tenders/tender-details/TS0000011910E,Other,2026-11-17,2026-10-05T06:27:10.880745
192,TS0000011904E,Valve Lubricants / Grease,"Valve Lubricants/Grease, Qty. 520 Nos. (04 Items)",Miscellaneous,SNC-1936/26,Sui Northern Gas Pipelines Limited (SNGPL),Islamabad - Pakistan,PublishedCorrigendum,"Oct 01, 2026","Nov 16, 2026",02:30 PM,https://epms.ppra.gov.pk/public/tenders/tender-details/TS0000011904E,Other,2026-11-16,2026-10-05T06:27:10.880745
193,TS0000015056E,procurement of Ferrous Metals,Tender Enquiry for Procurement of Ferrous Metal,Miscellaneous,0013/FP/P-782/P-WIL/55,Wah Industries Limited,Wah Cantt - Pakistan,Published,"Oct 01, 2026","Nov 05, 2026",11:00 AM,https://epms.ppra.gov.pk/public/tenders/tender-details/TS0000015056E,Goods/Supplies,2026-11-05,2026-10-05T06:27:10.880745
194,TS0000015039E,Publication of Tender (Misc Works) TC / DC & Bazar Supply,Publication of Tender (Misc Works) TC / DC & Bazar Supply Publication of Tender (Misc Works) TC / DC &...,Civil Works,6006/260/E-6,Ministry of Defence,Gujranwala - Pakistan,Published,"Oct 01, 2026","Oct 28, 2026",11:30 AM,https://epms.ppra.gov.pk/public/tenders/tender-details/TS0000015039E,Construction/Works,2026-10-28,2026-10-05T06:27:10.880745
195,TS0000013789E,Enamel Paint,supply of Enamel Paint Enamel Paint,Miscellaneous,LE-038/26,Sui Northern Gas Pipelines Limited (SNGPL),Lahore - Pakistan,PublishedCorrigendum,"Oct 01, 2026","Oct 28, 2026",02:30 PM,https://epms.ppra.gov.pk/public/tenders/tender-details/TS0000013789E,Other,2026-10-28,2026-10-05T06:27:10.880745
196,TS0000015092E,Disposal of Bank’s Fixed Assets (Motor Bikes) at NBP Regional Head Quarters Lahore,Disposal of Bank’s Fixed Assets (Motor Bikes)...,Vehicles,D10834,National Bank of Pakistan (NBP),Karachi - Pakistan,Published,"Oct 01, 2026","Oct 28, 2026",10:00 AM,https://epms.ppra.gov.pk/public/tenders/tender-details/TS0000015092E,Other,2026-10-28,2026-10-05T06:27:10.880745
197,TS0000014964E,RENOVATION & REFURBISHMENT WORKS OF NBP MAYAR BRANCH (0828) RO MARDAN,RENOVATION & REFURBISHMENT WORKS OF NBP MAYAR...,Civil Works,P129532,National Bank of Pakistan (NBP),Karachi - Pakistan,Published,"Oct 01, 2026","Oct 27, 2026",11:00 AM,https://epms.ppra.gov.pk/public/tenders/tender-details/TS0000014964E,Construction/Works,2026-10-27,2026-10-05T06:27:10.880745
198,TS0000015074E,0007-LP-CLO-57 Dated: 16-09-2026 Cloth 01 X item,0007-LP-CLO-57 Dated: 16-09-2026 Cloth 01 X item 0007-LP-CLO-57 Dated: 16-09-2026 Cloth Drill...,Clothing/Uniform,Tender No. 0007-LP-CLO-57 Dated: 16-09-2026 Cloth 01 X item,Ministry of Defence Production,Wah Cantt - Pakistan,Published,"Oct 01, 2026","Oct 27, 2026",12:30 PM,https://epms.ppra.gov.pk/public/tenders/tender-details/TS0000015074E,Other,2026-10-27,2026-10-05T06:27:10.880745
199,TS0000015044E,"Procurement,Installation, Testing and Commissioning of Swimming Pool Water Heating System at NBP Sports Complex, Karachi","Procurement,Installation, Testing and Commissioning of Swimming Pool Water Heating System at NBP Sports Complex, Karachi Procurement,Installation, Testing and...",Equipments,P132211,National Bank of Pakistan (NBP),Karachi - Pakistan,Published,"Oct 01, 2026","Oct 26, 2026",11:00 AM,https://epms.ppra.gov.pk/public/tenders/tender-details/TS0000015044E,IT/Technology,2026-10-26,2026-10-05T06:27:10.880745
200,TS0000015046E,"FIRE FIGHTING SYSTEM- COMPLETE SCOPE OF PROCUREMENT, SUPPLY & INSTALLATION OF FIRE HYDRANT SYSTEM & FIRE ALARM SYTEM ALONG WITH OPERATION & MAINTENANCE","SERVICES CONTRACT FOR THREE (03) YEARS AT NBP REGIONAL OFFICE BUILDING MULTAN FIRE FIGHTING SYSTEM, FIRE HYDRANT SYSTEM 2. FIRE FIGHTING SYSTEM- COMPLETE SCOPE OF...",Equipments,P109864,National Bank of Pakistan (NBP),Karachi - Pakistan,Published,"Oct 01, 2026","Oct 26, 2026",11:00 AM,https://epms.ppra.gov.pk/public/tenders/tender-details/TS0000015046E,IT/Technology,2026-10-26,2026-10-05T06:27:10.880745
201,TS0000014798E,INVITATION TO TENDER- INDIGENOUS DEVELOPMENT OF CABLE ASSEMBLY AC AND CABLE ASSEMBLY DC,INDIGENOUS DEVELOPMENT OF CABLE ASSEMBLY AC AND CABLE ASSEMBLY DC INDIGENOUS DEVELOPMENT OF CABLE ASSEMBLY AC AND...,Electrical Items,Inv.Del/8/cable Assembly/26/2022,Ministry of Defence,Karachi - Pakistan,PublishedCorrigendum,"Oct 01, 2026","Oct 26, 2026",11:00 AM,https://epms.ppra.gov.pk/public/tenders/tender-details/TS0000014798E,Energy/Utilities,2026-10-26,2026-10-05T06:27:10.880745
202,TS0000015086E,Syringes,"Rs. 1,000 Demand Draft, Pay Order in the name of...",Health/Medicines,07/2026-27,Pakistan Atomic Energy Commission (PAEC),Lahore - Pakistan,Published,"Oct 01, 2026","Oct 26, 2026",11:00 AM,https://epms.ppra.gov.pk/public/tenders/tender-details/TS0000015086E,Medical/Health,2026-10-26,2026-10-05T06:27:10.880745
203,TS0000015082E,Printer & Toners (China),"Rs. 1,000 Demand Draft, Pay Order in the name of...",Miscellaneous,04/2026-27,Pakistan Atomic Energy Commission (PAEC),Lahore - Pakistan,Published,"Oct 01, 2026","Oct 24, 2026",11:00 AM,https://epms.ppra.gov.pk/public/tenders/tender-details/TS0000015082E,Other,2026-10-24,2026-10-05T06:27:10.880745
204,TS0000015066E,Procurement of Courier Services for EOBI for two years,,Services,P136317,Ministry of Overseas Pakistanis & Human Resource Development,Karachi - Pakistan,Published,"Oct 01, 2026","Oct 23, 2026",11:00 AM,https://epms.ppra.gov.pk/public/tenders/tender-details/TS0000015066E,Services,2026-10-23,2026-10-05T06:27:10.880745
205,TS0000015095E,TENDER FOR CONST. OF 2X2 DUCT LINE WITH MANHOLES FROM ALI TECH. VIRTUAL G-5/2 GATE NO.7 (PART-IV) TO BE GOT EXECUTED ACCORDING TO WAPDA/IESCO SDI/SPECIFICATION UNDER THE,JURISDICTION OF CONST. DIVISION IESCO ISLAMABAD (T. NO. 44/2026-27) TENDER FOR CONST. OF 2X2 DUCT LINE WITH MANHOLES...,Civil Works,44/2026-27,Islamabad Electric Supply Company (IESCO),Islamabad - Pakistan,Published,"Oct 01, 2026","Oct 23, 2026",09:30 AM,https://epms.ppra.gov.pk/public/tenders/tender-details/TS0000015095E,Construction/Works,2026-10-23,2026-10-05T06:27:10.880745
206,TS0000015096E,TENDER FOR CONST. OF 2X2 DUCT LINE WITH MANHOLES FROM P.M STAFF COLONY TO BARI IMAM ROAD (PART-V) TO BE GOT EXECUTED ACCORDING TO WAPDA/IESCO SDI/SPECIFICATION UNDER THE,JURISDICTION OF CONST. DIVISION IESCO ISLAMABAD (T. NO. 45/2026-27) TENDER FOR CONST. OF 2X2 DUCT LINE WITH MANHOLES...,Civil Works,45/2026-27,Islamabad Electric Supply Company (IESCO),Islamabad - Pakistan,Published,"Oct 01, 2026","Oct 23, 2026",09:30 AM,https://epms.ppra.gov.pk/public/tenders/tender-details/TS0000015096E,Construction/Works,2026-10-23,2026-10-05T06:27:10.880745
207,TS0000015098E,TENDER FOR CONST. OF 2X2 DUCT LINE WITH MANHOLES FROM MARGALLAH AVENUE CHOWK TO STAFF GUEST HOUSE (PART-VI) TO BE GOT EXECUTED ACCORDING TO WAPDA/IESCO SDI/SPECIFICATION,UNDER THE JURISDICTION OF CONST. DIVISION IESCO ISLAMABAD (T. NO. 46/2026-27) TENDER FOR CONST. OF 2X2 DUCT LINE WITH MANHOLES...,Civil Works,46/2026-27,Islamabad Electric Supply Company (IESCO),Islamabad - Pakistan,Published,"Oct 01, 2026","Oct 23, 2026",09:30 AM,https://epms.ppra.gov.pk/public/tenders/tender-details/TS0000015098E,Construction/Works,2026-10-23,2026-10-05T06:27:10.880745
208,TS0000015031E,Re-Auction Notice for Damaged Pedestrain Bridge at Khybaer (N-5) in Karachi,,Ammunition,Karachi,Ministry of Communications,Islamabad - Pakistan,Published,"Oct 01, 2026","Oct 22, 2026",11:30 AM,https://epms.ppra.gov.pk/public/tenders/tender-details/TS0000015031E,Defence/Military,2026-10-22,2026-10-05T06:27:10.880745
209,TS0000014265E,V/UHF COMMUNICATION EQUIPMENT,V/UHF COMMUNICATION EQUIPMENT,Equipments,2690054/B-2609/310140,Directorate of Procurement (Navy),Islamabad - Pakistan,PublishedCorrigendum,"Oct 01, 2026","Oct 22, 2026",10:30 AM,https://epms.ppra.gov.pk/public/tenders/tender-details/TS0000014265E,Goods/Supplies,2026-10-22,2026-10-05T06:27:10.880745
210,TS0000012737E,"CORRIGENDUM PROCUREMENT NOTICE PROCUREMENT OF WORKS CONSTRUCTION OF AVIATION COMPLEX AT BLUE AREA, ISLAMABAD","CORRIGENDUM PROCUREMENT NOTICE PROCUREMENT OF WORKS CONSTRUCTION OF AVIATION COMPLEX AT BLUE AREA, ISLAMABAD CORRIGENDUM PROCUREMENT NOTICE PROCUREMENT OF...",Civil Works,12513C,Pakistan Airports Authority (PAA),Karachi - Pakistan,PublishedCorrigendum,"Oct 01, 2026","Oct 22, 2026",11:00 AM,https://epms.ppra.gov.pk/public/tenders/tender-details/TS0000012737E,Construction/Works,2026-10-22,2026-10-05T06:27:10.880745
211,TS0000015052E,procurement of Industrial Chemical / Gases,Industrial Chemicals & Gases TENDER ENQUIRY FOR PROCUREMENT OF INDUSTRIAL...,Chemical Items,0030/LP/P-782/P-WIL/55,Wah Industries Limited,Wah Cantt - Pakistan,Published,"Oct 01, 2026","Oct 22, 2026",11:00 AM,https://epms.ppra.gov.pk/public/tenders/tender-details/TS0000015052E,Energy/Utilities,2026-10-22,2026-10-05T06:27:10.880745
212,TS0000015053E,procurement of Industrial Chemical / Gases,Industrial Chemical / Gases TENDER ENQUIRY FOR PROCUREMENT OF INDUSTRIAL...,Chemical Items,0036/LP/P-782/P-WIL/55,Wah Industries Limited,Wah Cantt - Pakistan,Published,"Oct 01, 2026","Oct 22, 2026",11:00 AM,https://epms.ppra.gov.pk/public/tenders/tender-details/TS0000015053E,Energy/Utilities,2026-10-22,2026-10-05T06:27:10.880745
213,TS0000015054E,procurement of Strontium Oxalate,Strontium Oxalate TENDER ENQUIRY FOR PROCUREMENT OF STRONTIUM...,Miscellaneous,0029/LP/P-782/P-WIL/55,Wah Industries Limited,Wah Cantt - Pakistan,Published,"Oct 01, 2026","Oct 22, 2026",11:00 AM,https://epms.ppra.gov.pk/public/tenders/tender-details/TS0000015054E,Goods/Supplies,2026-10-22,2026-10-05T06:27:10.880745
214,TS0000015055E,procurement of Oils & Lubricants,TENDER ENQUIRY FOR PROCUREMENT OF OILS &...,"Petroleum, Oil & Lubricants",0063/LP/P-782/P-WIL/55,Wah Industries Limited,Wah Cantt - Pakistan,Published,"Oct 01, 2026","Oct 22, 2026",11:00 AM,https://epms.ppra.gov.pk/public/tenders/tender-details/TS0000015055E,Energy/Utilities,2026-10-22,2026-10-05T06:27:10.880745
215,TS0000015062E,"TES NO.0112,0015,0012,0113,0011,0111,0212,0213 & 0219-LP-B&G/MAA-57/56-B/A","MILD STEEL SHEET HOT ROLLED PICKLED OILED AND ANNEALED 14 BG THICK, MS SHEET/STRIP/WIRE, 60MM MORTAR BOMBS & THEIR COMPONENTS, SAFETY ITEMS MS RODS & MS STRIPS, WOOD (TIMBER & BAMBOOS), STANDARD CUTTING TOOLS STANDARD CUTTINGS TOOLS & MOLY KOTE POWDER & EASY FLOW FLUX MILD STEEL SHEET HOT ROLLED PICKLED OILED AND...",Miscellaneous,"TES NO.0112,0015,0012,0113,0011,0111,0212,0213 & 0219-LP-B&G/MAA-57/56-B/A",Ministry of Defence,Wah Cantt - Pakistan,Published,"Oct 01, 2026","Oct 22, 2026",11:00 AM,https://epms.ppra.gov.pk/public/tenders/tender-details/TS0000015062E,Other,2026-10-22,2026-10-05T06:27:10.880745
216,TS0000015073E,Vest Summer Cotton White,Vest Summer Cotton White,Clothing/Uniform,625016/R2610/ 330254,Directorate of Procurement (Navy),Islamabad - Pakistan,Published,"Oct 01, 2026","Oct 22, 2026",10:30 AM,https://epms.ppra.gov.pk/public/tenders/tender-details/TS0000015073E,Other,2026-10-22,2026-10-05T06:27:10.880745
217,TS0000015080E,Tender Notice No. 01/2026,Purchase of stationery & Hygienic Items,Stationery,01/2026,Public Sector Organization,Islamabad - Pakistan,Published,"Oct 01, 2026","Oct 22, 2026",11:30 AM,https://epms.ppra.gov.pk/public/tenders/tender-details/TS0000015080E,Goods/Supplies,2026-10-22,2026-10-05T06:27:10.880745
218,TS0000015083E,Large Format Transmission Flatbed Scanner,"Rs. 1,000 Demand Draft, Pay Order in the name of...",Equipments,05/2026-27,Pakistan Atomic Energy Commission (PAEC),Lahore - Pakistan,Published,"Oct 01, 2026","Oct 22, 2026",11:00 AM,https://epms.ppra.gov.pk/public/tenders/tender-details/TS0000015083E,Goods/Supplies,2026-10-22,2026-10-05T06:27:10.880745
219,TS0000015084E,Disposal Of Condemned Govt Vehicles,,Vehicles,D11058,Ministry of Communications,Karachi - Pakistan,Published,"Oct 01, 2026","Oct 22, 2026",11:00 AM,https://epms.ppra.gov.pk/public/tenders/tender-details/TS0000015084E,Other,2026-10-22,2026-10-05T06:27:10.880745
220,TS0000015091E,TENDER FOR CONST. OF 2X3 DUCT LINE WITH MANHOLES F-6 GRID STATION TO HOUSE NO.52 F-6/1 (PART-I) TO BE GOT EXECUTED ACCORDING TO WAPDA/IESCO SDI/SPECIFICATION UNDER THE,JURISDICTION OF CONST. DIVISION IESCO ISLAMABAD (T. NO. 41/2026-27) TENDER FOR CONST. OF 2X3 DUCT LINE WITH MANHOLES...,Civil Works,41/2026-27,Islamabad Electric Supply Company (IESCO),Islamabad - Pakistan,Published,"Oct 01, 2026","Oct 22, 2026",09:30 AM,https://epms.ppra.gov.pk/public/tenders/tender-details/TS0000015091E,Construction/Works,2026-10-22,2026-10-05T06:27:10.880745
221,TS0000015093E,TENDER FOR CONST. OF 2X3 DUCT LINE WITH MANHOLES FROM HOUSE NO.54 NDR ROAD TO NEAR CUSTOMER SERVICE CENTRE (PART-II) TO BE GOT EXECUTED ACCORDING TO WAPDA,SDI/SPECIFICATION UNDER THE JURISDICTION OF CONST. DIVISION IESCO ISLAMABAD (T. NO. 42/2026-27) TENDER FOR CONST. OF 2X3 DUCT LINE WITH MANHOLES...,Civil Works,42/2026-27,Islamabad Electric Supply Company (IESCO),Islamabad - Pakistan,Published,"Oct 01, 2026","Oct 22, 2026",09:30 AM,https://epms.ppra.gov.pk/public/tenders/tender-details/TS0000015093E,Construction/Works,2026-10-22,2026-10-05T06:27:10.880745
222,TS0000015094E,TENDER FOR CONST. OF 2x2 & 2X3 DUCT LINE WITH MANHOLES FROM CHINA CHOWK TO EMBASSY ROAD D-CHOWK AND OPPOSITE PAK SECRETARIATE TO KOHSAR COMPLEX (PART-III) ACCORDING,TO WAPDA SDI/SPECIFICATION IRO CONST. DIVISION IESCO ISLAMABAD (T. NO. 43/2026-27) TENDER FOR CONST. OF 2x2 & 2X3 DUCT LINE WITH...,Civil Works,43/2026-27,Islamabad Electric Supply Company (IESCO),Islamabad - Pakistan,Published,"Oct 01, 2026","Oct 22, 2026",09:30 AM,https://epms.ppra.gov.pk/public/tenders/tender-details/TS0000015094E,Construction/Works,2026-10-22,2026-10-05T06:27:10.880745
223,TS0000012416E,Invitation of Technical and Financial Proposals-Hiring of Financial Advisor for the Privatisation of Pakistan Reinsurance Company Limited (PRCL),Invitation of Technical and Financial Proposals-Hiring of Financial Advisor for the Privatisation of Pakistan Reinsurance Company Limited (PRCL) Invitation of Technical and Financial...,Services,PRCL/B&U/PC/05,Ministry of Privatisation-Privatisation Commission,Islamabad - Pakistan,PublishedCorrigendum,"Oct 01, 2026","Oct 21, 2026",03:00 PM,https://epms.ppra.gov.pk/public/tenders/tender-details/TS0000012416E,Services,2026-10-21,2026-10-05T06:27:10.880745
224,TS0000015040E,"Supply, Installation, Testing, Commissioning, Including Civil Works, Operation & Maintenance of Diesel Generator Sets at Gaddafi Stadium, Lahore",,Miscellaneous,P141480,Pakistan Cricket Board,Lahore - Pakistan,Published,"Oct 01, 2026","Oct 21, 2026",11:00 AM,https://epms.ppra.gov.pk/public/tenders/tender-details/TS0000015040E,Construction/Works,2026-10-21,2026-10-05T06:27:10.880745
225,TS0000015050E,PROCUREMENT OF INDIRECT & RAW MATERIALS,PROCUREMENT OF INDIRECT & RAW MATERIALS PROCUREMENT OF INDIRECT & RAW MATERIALS,Miscellaneous,"0006, 0016, 0030-LP-W-57",Ministry of Defence Production,Wah Cantt - Pakistan,Published,"Oct 01, 2026","Oct 21, 2026",10:30 AM,https://epms.ppra.gov.pk/public/tenders/tender-details/TS0000015050E,Goods/Supplies,2026-10-21,2026-10-05T06:27:10.880745
226,TS0000015014E,ANNUAL CONTRACT OF WATER AND SUPPLY OF PRINTERS AND SCNAERS,ANNUAL CONTRACT OF WATER AND SUPPLY OF PRINTERS AND SCNAERS ANNUAL CONTRACT OF WATER AND SUPPLY OF PRINTERS...,Equipments,SLIC/HRA&P/ISB/09/2026,Ministry of Commerce,Islamabad - Pakistan,PublishedCorrigendum,"Oct 01, 2026","Oct 20, 2026",10:30 AM,https://epms.ppra.gov.pk/public/tenders/tender-details/TS0000015014E,Services,2026-10-20,2026-10-05T06:27:10.880745
227,TS0000015042E,INVITATION TO BID PROCUREMENT OF FILTERS FOR OSHKOSH STRIKER AND LFCT BARRACUDA HELD AT NORTH REGION AIRPORTS/LOCATIONS LC(N)/2011/11/RNSN/5548,INVITATION TO BID PROCUREMENT OF FILTERS FOR OSHKOSH STRIKER AND LFCT  BARRACUDA HELD AT NORTH  REGION AIRPORTS/LOCATIONS  LC(N)/2011/11/RNSN/5548 INVITATION TO BID PROCUREMENT OF FILTERS FOR...,Miscellaneous,12592,Pakistan Airports Authority (PAA),Karachi - Pakistan,Published,"Oct 01, 2026","Oct 20, 2026",11:00 AM,https://epms.ppra.gov.pk/public/tenders/tender-details/TS0000015042E,Goods/Supplies,2026-10-20,2026-10-05T06:27:10.880745
228,TS0000015049E,"Supply of Cleaning, Sweeping and Sanitation Materials","Supply of Cleaning, Sweeping and Sanitation Materials Supply of Cleaning, Sweeping and Sanitation...",Consumable Items,P120895,"Lasbela University of Agriculture, Water & Marine Sciences",Uthal - Pakistan,Published,"Oct 01, 2026","Oct 20, 2026",12:00 PM,https://epms.ppra.gov.pk/public/tenders/tender-details/TS0000015049E,Services,2026-10-20,2026-10-05T06:27:10.880745
229,TS0000015051E,SSGC/LP/EPADS2/PT/2189307 (Spares),SSGC/LP/EPADS2/PT/2189307 (Spares) Different Types of Spares & Allied Materials...,Miscellaneous,SSGC/LP/EPADS2/PT/2189307,Ministry of Energy (Petroleum Division),Karachi - Pakistan,Published,"Oct 01, 2026","Oct 20, 2026",09:30 AM,https://epms.ppra.gov.pk/public/tenders/tender-details/TS0000015051E,Goods/Supplies,2026-10-20,2026-10-05T06:27:10.880745
230,TS0000015057E,RFP for Third Party Validation of Infrastructure Development of Islamabad Technopolis,RFP for Third Party Validation of Infrastructure...,Services,P135600,Cabinet Division,Islamabad - Pakistan,Published,"Oct 01, 2026","Oct 20, 2026",11:00 AM,https://epms.ppra.gov.pk/public/tenders/tender-details/TS0000015057E,Construction/Works,2026-10-20,2026-10-05T06:27:10.880745
231,TS0000015059E,NOTICE INVITING E-BIDDING PROVISION OF SUN SHEDS WITH ALLIED WORKS AT ENTRY POINTS OF JIAP KARACHI,NOTICE INVITING E-BIDDING PROVISION OF SUN SHEDS WITH ALLIED WORKS AT ENTRY POINTS OF JIAP KARACHI NOTICE INVITING E-BIDDING FOR PROVISION OF SUN...,Civil Works,12593,Pakistan Airports Authority (PAA),Karachi - Pakistan,Published,"Oct 01, 2026","Oct 20, 2026",11:00 AM,https://epms.ppra.gov.pk/public/tenders/tender-details/TS0000015059E,Construction/Works,2026-10-20,2026-10-05T06:27:10.880745
232,TS0000015060E,ATR Brake Test Bench Tools & Training for Overhaul of Aircrafts Main,ATR Brake Test Bench Tools & Training for...,Miscellaneous,2690410/R2609/360132/P-36,Directorate of Procurement (Navy),Islamabad - Pakistan,Published,"Oct 01, 2026","Oct 20, 2026",10:30 AM,https://epms.ppra.gov.pk/public/tenders/tender-details/TS0000015060E,Goods/Supplies,2026-10-20,2026-10-05T06:27:10.880745
233,TS0000015063E,"TENDER NOTICE (REVERSE PROCUREMENT) BUSINESS OPPORTUNITY AT JINNAH INTERNATIONAL AIRPORT KARACHI ESTABLISH, OPERATE AND MAINTAIN “02 REFRESHMENT COUNTERS AT LEVEL – I","AND II MEASURING 299.5729 SQFT. AND 221.8333 SQFT. RESPECTIVELY, IN CONCOURSE HALL (WESTERN SIDE) AND 2 VENDING MACHINES ALONG WITH VISI COOLERS, 1 EACH INSIDE INTERNATIONAL / DOMESTIC BRIEFING AREA OF JINNAH TERMINAL, JIAP KARACHI TENDER NOTICE (REVERSE PROCUREMENT) BUSINESS OPPORTUNITY AT JINNAH INTERNATIONAL AIRPORT KARACHI ESTABLISH, OPERATE AND MAINTAIN “02 REFRESHMENT COUNTERS AT LEVEL – I AND II MEASURING 299.5729 SQFT. AND 221.8333 SQFT. RESPECTIVELY, IN CONCOURSE HALL (WESTERN SIDE) AND 2 VENDING MACHINES ALONG WITH VISI COOLERS, 1 EACH INSIDE INTERNATIONAL / DOMESTIC BRIEFING AREA OF JINNAH TERMINAL, JIAP  KARACHI TENDER NOTICE (REVERSE PROCUREMENT) BUSINESS...",Services,12594,Pakistan Airports Authority (PAA),Karachi - Pakistan,Published,"Oct 01, 2026","Oct 20, 2026",03:00 PM,https://epms.ppra.gov.pk/public/tenders/tender-details/TS0000015063E,Services,2026-10-20,2026-10-05T06:27:10.880745
234,TS0000015065E,Swerage Cleaning Vehicle,Swerage Cleaning Vehicle,Vehicles,2690066/R2609/360202/P-36,Directorate of Procurement (Navy),Islamabad - Pakistan,Published,"Oct 01, 2026","Oct 20, 2026",10:30 AM,https://epms.ppra.gov.pk/public/tenders/tender-details/TS0000015065E,Services,2026-10-20,2026-10-05T06:27:10.880745
235,TS0000015068E,Revenue Civil Works,No: 1844-36-B-PPRA-GMC (HVN) 1. Repair / Maint. of Single Tiling of Brick or...,Civil Works,No: 1844-36-B-PPRA-GMC (HVN),Ministry of Defence Production,Abbottabad - Pakistan,Published,"Oct 01, 2026","Oct 20, 2026",10:30 AM,https://epms.ppra.gov.pk/public/tenders/tender-details/TS0000015068E,Construction/Works,2026-10-20,2026-10-05T06:27:10.880745
236,TS0000015069E,"PROC OF WHEEL ALIGMENT SYSTEM , COMPUTERIZED WHEEL BALANCER & MECHANICAL SPARES","123456 PROC OF WHEEL ALIGNMENT SYSTEM , COMPUTERIZED...",Miscellaneous,"APF/1920/41/LOG(PC-300,301,314,316/26)",Pakistan Aeronautical Complex (PAC),Kamra - Pakistan,Published,"Oct 01, 2026","Oct 20, 2026",11:30 AM,https://epms.ppra.gov.pk/public/tenders/tender-details/TS0000015069E,IT/Technology,2026-10-20,2026-10-05T06:27:10.880745
237,TS0000015070E,Self Propelled Articulating Boom Lift,Self Propelled Articulating Boom Lift,Equipments,2690443/R2609/360137/P-36,Directorate of Procurement (Navy),Islamabad - Pakistan,Published,"Oct 01, 2026","Oct 20, 2026",10:30 AM,https://epms.ppra.gov.pk/public/tenders/tender-details/TS0000015070E,Goods/Supplies,2026-10-20,2026-10-05T06:27:10.880745
238,TS0000015075E,PROCUREMENT OF ANGLE STEEL CARBON E/S BLACK,PROCUREMENT OF ANGLE STEEL CARBON E/S BLACK,Equipments,CICP/H01/IND/2605083/R-2609/320162,Directorate of Procurement (Navy),Islamabad - Pakistan,Published,"Oct 01, 2026","Oct 20, 2026",10:30 AM,https://epms.ppra.gov.pk/public/tenders/tender-details/TS0000015075E,Goods/Supplies,2026-10-20,2026-10-05T06:27:10.880745
239,TS0000015076E,CTGS SAA 5.56 x 45MM BALL,CTGS SAA 5.56 x 45MM BALL,Ammunition,2690365/R2608/360061/P-36,Directorate of Procurement (Navy),Islamabad - Pakistan,Published,"Oct 01, 2026","Oct 20, 2026",10:30 AM,https://epms.ppra.gov.pk/public/tenders/tender-details/TS0000015076E,Defence/Military,2026-10-20,2026-10-05T06:27:10.880745
240,TS0000015077E,OFC REPAIR TOOL KIT AND OTDR (QTY: AS PER ANNEX A ),OFC REPAIR TOOL KIT AND OTDR (QTY: AS PER ANNEX A...,Miscellaneous,2690423/R-2609/310161,Directorate of Procurement (Navy),Islamabad - Pakistan,Published,"Oct 01, 2026","Oct 20, 2026",10:30 AM,https://epms.ppra.gov.pk/public/tenders/tender-details/TS0000015077E,Medical/Health,2026-10-20,2026-10-05T06:27:10.880745
241,TS0000015078E,VIDEO SCOPE SET WITH 3D STEREO MEASUREMENT FEATURES (QTY: 01),VIDEO SCOPE SET WITH 3D STEREO MEASUREMENT...,Miscellaneous,2690332/R-2609/310165,Directorate of Procurement (Navy),Islamabad - Pakistan,Published,"Oct 01, 2026","Oct 20, 2026",10:30 AM,https://epms.ppra.gov.pk/public/tenders/tender-details/TS0000015078E,Other,2026-10-20,2026-10-05T06:27:10.880745
242,TS0000015085E,Provision Of Janitorial Services,Provision Of Janitorial Services We intend to hire Janitorial Services,Miscellaneous,Provision Of Janitorial Services ADMIN: SGD: 11.5 (R-4),Sui Northern Gas Pipelines Limited (SNGPL),Islamabad - Pakistan,Published,"Oct 01, 2026","Oct 20, 2026",12:00 PM,https://epms.ppra.gov.pk/public/tenders/tender-details/TS0000015085E,Services,2026-10-20,2026-10-05T06:27:10.880745
243,TS0000015089E,1. Repair / maint / repl works,Tender Notice No. 01 03 The contractor are required to submit their...,Repair/Maintenance,6020-CMES/01/E-6 dated 01-10-2026,Ministry of Defence,Karachi - Pakistan,Published,"Oct 01, 2026","Oct 20, 2026",11:30 AM,https://epms.ppra.gov.pk/public/tenders/tender-details/TS0000015089E,Services,2026-10-20,2026-10-05T06:27:10.880745
244,TS0000015111E,Procurement of Stationary Items,,Stationery,9005/Gen/ST6B-ZYP2UNB,HQ Log 10 Corps,Rawalpindi - Pakistan,Published,"Oct 01, 2026","Oct 20, 2026",11:00 AM,https://epms.ppra.gov.pk/public/tenders/tender-details/TS0000015111E,Goods/Supplies,2026-10-20,2026-10-05T06:27:10.880745
245,TS0000015034E,INSTALLATION OF 14 KW SOLAR AT CRICKET HOUSE,,Miscellaneous,P141723,Pakistan Cricket Board,Lahore - Pakistan,Published,"Oct 01, 2026","Oct 19, 2026",11:00 AM,https://epms.ppra.gov.pk/public/tenders/tender-details/TS0000015034E,Energy/Utilities,2026-10-19,2026-10-05T06:27:10.880745
246,TS0000015037E,Appointment of External Auditors for Financial Year (FYs) 2026 27 and 2027 28,"Appointment of External Auditors for Financial Year (FYs) 2026 27 and 2027 28 PROCUREMENT DEPARTMENT NADRA HQ, State Bank of...",Services,NADRA-HQ-RFB-118 /2026,National Database and Registration Authority (NADRA),Islamabad - Pakistan,Published,"Oct 01, 2026","Oct 19, 2026",11:00 AM,https://epms.ppra.gov.pk/public/tenders/tender-details/TS0000015037E,Services,2026-10-19,2026-10-05T06:27:10.880745
247,TS0000015043E,"Engineering, Design, Fabrication, Supply, Erection and Installation of Pre Engineered Industrial Shed for “ESTABLISHMENT OF MINERAL TESTING LAB, AT PCSIR LAB, SKARDU","Engineering, Design, Fabrication, Supply, Erection and Installation of Pre Engineered Industrial Shed for “ESTABLISHMENT OF MINERAL TESTING LAB, AT PCSIR LAB, SKARDU Engineering, Design, Fabrication, Supply,...",Civil Works,Civil,Ministry of Science and Technology,Islamabad - Pakistan,Published,"Oct 01, 2026","Oct 19, 2026",11:00 AM,https://epms.ppra.gov.pk/public/tenders/tender-details/TS0000015043E,Construction/Works,2026-10-19,2026-10-05T06:27:10.880745
248,TS0000015081E,Repair & Maintenance of Official vehicles,Repair & Maintenance of Official vehicles Repair & Maintenance of Official vehicles,Repair/Maintenance,FFW9979,Ministry of Finance,Islamabad - Pakistan,Published,"Oct 01, 2026","Oct 19, 2026",12:00 PM,https://epms.ppra.gov.pk/public/tenders/tender-details/TS0000015081E,Services,2026-10-19,2026-10-05T06:27:10.880745
249,TS0000015087E,"CONSTRUCTION OF ANCILLARY WORKS IN UNIVERSITY OF BUNER, SWARI CAMPUS (PHASE-I, PACKAGE-5","1.	The University of Buner (University of Buner) invites electronic Bids from eligible Bidders for procurement of Works (CONSTRUCTION OF ANCILLARY WORKS IN UNIVERSITY OF BUNER, SWARI CAMPUS (PHASE-I, PACKAGE-5)) described in the bidding documents on EPADS v2.0. 1. The University of Buner (University of Buner)...",Civil Works,08/UoB/2026,Higher Education Commission (HEC),Buner - Pakistan,PublishedCorrigendum,"Oct 01, 2026","Oct 19, 2026",11:00 AM,https://epms.ppra.gov.pk/public/tenders/tender-details/TS0000015087E,Construction/Works,2026-10-19,2026-10-05T06:27:10.880745
250,TS0000015097E,Annual Contract for Purchase of Medicines for AU Campuses,Annual Contract for Purchase of Medicines for AU...,Health/Medicines,Tender No: IBD/AU/Med/32/26,Higher Education Commission (HEC),Islamabad - Pakistan,Published,"Oct 01, 2026","Oct 19, 2026",11:00 AM,https://epms.ppra.gov.pk/public/tenders/tender-details/TS0000015097E,Medical/Health,2026-10-19,2026-10-05T06:27:10.880745
251,TS0000015110E,Construction of Boundary Wall and main Gate at proposed 132Kv Grid Station Chak Shahbaz District Mandi Bahauddin.132KV D/C T/Line Pasrur – Narowal. Construction of,tower foundations Type ZM-1 (03-Nos.) Semi Sub Merged (Drawing PDW/TC-440) & Shifting of Material from GEPCO Ware house Wazirabad to site. Erection of tower type ZM-1+6 meter complete (03-Nos.) along with welding of Nut & Bolts as well as dismantling of existing tower type ZM-1 (03-Nos.) without stubs. Construction of Boundary Wall and main Gate at...,Civil Works,06 to 07/2026-27,Ministry of Energy (Power Division),Gujranwala - Pakistan,Published,"Oct 01, 2026","Oct 19, 2026",11:00 AM,https://epms.ppra.gov.pk/public/tenders/tender-details/TS0000015110E,Construction/Works,2026-10-19,2026-10-05T06:27:10.880745
252,TS0000015112E,"Provision of Internet connectivity services at PTA Headquarters, Islamabad","Provision of Internet connectivity services at PTA Headquarters, Islamabad Provision of Internet connectivity services at...",Info and Comm Tech,PTA/ICT/P76792/2026,Cabinet Division,Islamabad - Pakistan,Published,"Oct 01, 2026","Oct 19, 2026",11:00 AM,https://epms.ppra.gov.pk/public/tenders/tender-details/TS0000015112E,Services,2026-10-19,2026-10-05T06:27:10.880745
253,TS0000015038E,Procurement of Lub Items,363/Lub/2027/ST-2 Proc of Lub Items,"Petroleum, Oil & Lubricants",363/Lub/2027/ST-2,Frontier Works Organization (FWO),Rawalpindi - Pakistan,Published,"Oct 01, 2026","Oct 18, 2026",11:00 AM,https://epms.ppra.gov.pk/public/tenders/tender-details/TS0000015038E,Energy/Utilities,2026-10-18,2026-10-05T06:27:10.880745
254,TS0000013912E,Open Tender,"Open Tender Lab Equipment, Paint material and Paint work/...",Civil Works,63 to 67 / 2026,Pakistan Atomic Energy Commission (PAEC),Faisalabad - Pakistan,PublishedCorrigendum,"Oct 01, 2026","Oct 16, 2026",03:00 PM,https://epms.ppra.gov.pk/public/tenders/tender-details/TS0000013912E,Construction/Works,2026-10-16,2026-10-05T06:27:10.880745
255,TS0000014955E,"Supply installation, Commissioning & Net Metering of 30KW On-Grid Solar System at State Life Building Minara Road Sukkur","Supply installation, Commissioning & Net Metering of 30KW On-Grid Solar System at State Life Building Minara Road Sukkur",Services,RE/SOLAR/SUK/SEP/2026,State Life Insurance Corporation of Pakistan,sukkur - Pakistan,Published,"Oct 01, 2026","Oct 16, 2026",11:00 AM,https://epms.ppra.gov.pk/public/tenders/tender-details/TS0000014955E,Construction/Works,2026-10-16,2026-10-05T06:27:10.880745
256,TS0000014960E,Multiple Tenders for Procurement of Goods & Services,,Miscellaneous,PD/O&M/PP/34749/26,Pakistan Petroleum Limited (PPL),Karachi - Pakistan,Published,"Oct 01, 2026","Oct 16, 2026",03:00 PM,https://epms.ppra.gov.pk/public/tenders/tender-details/TS0000014960E,Services,2026-10-16,2026-10-05T06:27:10.880745
257,TS0000014988E,Tender No. 4455 Enterprise Hardware Servers for LESCO Data Centre,,Miscellaneous,Tender No. 4455 Enterprise Hardware Servers for LESCO Data Centre,Ministry of Energy (Power Division),Lahore - Pakistan,Published,"Oct 01, 2026","Oct 16, 2026",10:30 AM,https://epms.ppra.gov.pk/public/tenders/tender-details/TS0000014988E,IT/Technology,2026-10-16,2026-10-05T06:27:10.880745
258,TS0000014997E,Advertisement for Open Tendor of Feed Itmes FY 2026/ 27,Advertisement for Open Tendor of Feed Itmes FY 2026/ 27,Agricultural Products,1,Ministry of Defence,Multan - Pakistan,Published,"Oct 01, 2026","Oct 16, 2026",11:00 AM,https://epms.ppra.gov.pk/public/tenders/tender-details/TS0000014997E,Other,2026-10-16,2026-10-05T06:27:10.880745
259,TS0000015032E,"Rehabilitation of CCTV Room, supply and installation of spiral stairs on various buildings at LPG Plant Lahore","- Rehabilitation of CCTV Room, supply and...",Books/Journals/Manuals(Technical/Literature),GF-20082-AM,Pakistan State Oil (PSO),Karachi - Pakistan,Published,"Oct 01, 2026","Oct 16, 2026",02:14 PM,https://epms.ppra.gov.pk/public/tenders/tender-details/TS0000015032E,Construction/Works,2026-10-16,2026-10-05T06:27:10.880745
260,TS0000015036E,PROCUREMENT OF CUTTING & STITCHING OF UNIFORMS,"PROCUREMENT OF NON-CONSULTANCY SERVICES . The NHMP, M-5 Sector-II (National Highways...",Clothing/Uniform,02/NHMP/M-5/Sector-II/2026-27,National Highway and Motorway Police (NHMP),Ghotki - Pakistan,Published,"Oct 01, 2026","Oct 16, 2026",11:00 AM,https://epms.ppra.gov.pk/public/tenders/tender-details/TS0000015036E,Goods/Supplies,2026-10-16,2026-10-05T06:27:10.880745
261,TS0000015045E,Purchase of Uniform for Security Staff of FESCO,Purchase of Uniform items for Security Staff of FESCO Purchase of Uniform items for Security Staff of...,Clothing/Uniform,P127369,Faisalabad Electric Supply Company (FESCO),Faisalabad - Pakistan,Published,"Oct 01, 2026","Oct 16, 2026",02:30 PM,https://epms.ppra.gov.pk/public/tenders/tender-details/TS0000015045E,Services,2026-10-16,2026-10-05T06:27:10.880745
262,TS0000015048E,Others,,Miscellaneous,P136980,Ministry of Federal Education and Professional Training,Islamabad - Pakistan,Published,"Oct 01, 2026","Oct 16, 2026",10:00 AM,https://epms.ppra.gov.pk/public/tenders/tender-details/TS0000015048E,Other,2026-10-16,2026-10-05T06:27:10.880745
263,TS0000015061E,Provision of Janitorial Services at various EOBI Properties situated in Lahore,Provision of Janitorial Services at various EOBI Properties situated in Lahore Provision of Janitorial Services at various EOBI...,Services,PRIMACO/P&C/Janitorial Services Lahore/12/01/2026,Ministry of Overseas Pakistanis & Human Resource Development,Islamabad - Pakistan,Published,"Oct 01, 2026","Oct 16, 2026",11:00 AM,https://epms.ppra.gov.pk/public/tenders/tender-details/TS0000015061E,Services,2026-10-16,2026-10-05T06:27:10.880745
264,TS0000015064E,"ARCHITECTURAL ILLUMINATION OF FBR BUILDING, RADIO PAKISTAN, FPSC BUILDING & CABINRT BUILDING AT CONSTITUTION AVENUE ISLAMABAD",,Mechanical/Machinery,P137931,Capital Development Authority,Islamabad - Pakistan,Published,"Oct 01, 2026","Oct 16, 2026",11:00 AM,https://epms.ppra.gov.pk/public/tenders/tender-details/TS0000015064E,Construction/Works,2026-10-16,2026-10-05T06:27:10.880745
265,TS0000015067E,Networking and Electrical Work for AI Lab,Networking and Electrical Work for AI Lab,Electrical Items,Ref # BULC/2026/IT/AILab/4032/Networking,Higher Education Commission (HEC),Lahore - Pakistan,Published,"Oct 01, 2026","Oct 16, 2026",11:30 AM,https://epms.ppra.gov.pk/public/tenders/tender-details/TS0000015067E,IT/Technology,2026-10-16,2026-10-05T06:27:10.880745
266,TS0000015071E,Stationary Items,,Stationery,P142080,Ministry of Federal Education and Professional Training,Islamabad - Pakistan,Published,"Oct 01, 2026","Oct 16, 2026",10:00 AM,https://epms.ppra.gov.pk/public/tenders/tender-details/TS0000015071E,Goods/Supplies,2026-10-16,2026-10-05T06:27:10.880745
267,TS0000015072E,4798-62665-Uniform Items for Security Section,"CUI Lahore Campus ,",Clothing/Uniform,CUI-LHR-TN-26-1949,COMSATS University Islamabad,lahore - Pakistan,Published,"Oct 01, 2026","Oct 16, 2026",11:00 AM,https://epms.ppra.gov.pk/public/tenders/tender-details/TS0000015072E,Services,2026-10-16,2026-10-05T06:27:10.880745
268,TS0000015079E,MILITARY ENGINEER SERVICES - NOTICE OF TENDER,,Civil Works,CMES (N) COMCOAST NO.6006/Advt/CMES/78/E-6 dated 01 Oct 2026g 2026,Ministry of Defence,Karachi - Pakistan,Published,"Oct 01, 2026","Oct 16, 2026",11:30 AM,https://epms.ppra.gov.pk/public/tenders/tender-details/TS0000015079E,Construction/Works,2026-10-16,2026-10-05T06:27:10.880745
269,TS0000015088E,PROCUREMENT OF MECHANICAL SPARES FOR CNC/NC MACHINES,,Miscellaneous,AMF/751-A/4604/633/LOG-R,Ministry of Defence Production,Kamra - Pakistan,PublishedCorrigendum,"Oct 01, 2026","Oct 16, 2026",11:30 AM,https://epms.ppra.gov.pk/public/tenders/tender-details/TS0000015088E,Goods/Supplies,2026-10-16,2026-10-05T06:27:10.880745
270,TS0000015100E,PROCUREMENT OF SPARES FOR CNC MACHINES,PROCUREMENT OF SPARES FOR CNC MACHINES,Miscellaneous,AMF/751-A/4604/647/LOG,Ministry of Defence Production,Kamra - Pakistan,Published,"Oct 01, 2026","Oct 16, 2026",11:30 AM,https://epms.ppra.gov.pk/public/tenders/tender-details/TS0000015100E,Goods/Supplies,2026-10-16,2026-10-05T06:27:10.880745
271,TS0000015101E,PROCUREMENT OF RECORDER,PROCUREMENT OF DATA RECORDER,Miscellaneous,AMF/751-A/4604/653/LOG,Ministry of Defence Production,Kamra - Pakistan,Published,"Oct 01, 2026","Oct 16, 2026",11:30 AM,https://epms.ppra.gov.pk/public/tenders/tender-details/TS0000015101E,Goods/Supplies,2026-10-16,2026-10-05T06:27:10.880745
272,TS0000015103E,Notice of Tender,Notice of Tender,Miscellaneous,6000-Advt-Ckl/23/E-6,Ministry of Defence,Rawalpindi - Pakistan,Published,"Oct 01, 2026","Oct 16, 2026",11:30 AM,https://epms.ppra.gov.pk/public/tenders/tender-details/TS0000015103E,Other,2026-10-16,2026-10-05T06:27:10.880745
273,TS0000015104E,Supply of Explosion-proof Rechargeable LED Hand Lamp at PSO Mehmood Kot Terminal.,AM-20080-MS-Supply of Explosion-proof...,Miscellaneous,AM-20080-MS,Pakistan State Oil (PSO),Karachi - Pakistan,Published,"Oct 01, 2026","Oct 16, 2026",02:15 PM,https://epms.ppra.gov.pk/public/tenders/tender-details/TS0000015104E,Goods/Supplies,2026-10-16,2026-10-05T06:27:10.880745
274,TS0000015105E,PROCUREMENT OF IT EQUIPMENT,,Equipments,11/2026-27,Ministry of Energy (Power Division),Islamabad - Pakistan,Published,"Oct 01, 2026","Oct 16, 2026",11:00 AM,https://epms.ppra.gov.pk/public/tenders/tender-details/TS0000015105E,IT/Technology,2026-10-16,2026-10-05T06:27:10.880745
275,TS0000015106E,"PROCUREMENT OF LAPTOPS, DESKTOP COMPUTERS, SERVERS AND HCI SOLUTION",,Equipments,12/2026-27,Ministry of Energy (Power Division),Islamabad - Pakistan,Published,"Oct 01, 2026","Oct 16, 2026",11:00 AM,https://epms.ppra.gov.pk/public/tenders/tender-details/TS0000015106E,IT/Technology,2026-10-16,2026-10-05T06:27:10.880745
276,TS0000015107E,Notice of Tender,Notice of Tender 03 Tender Certain Facilities,Repair/Maintenance,6000-Advt/02/E6 dt 29 Sep 2026,Ministry of Defence,Skardu - Pakistan,Published,"Oct 01, 2026","Oct 16, 2026",11:30 AM,https://epms.ppra.gov.pk/public/tenders/tender-details/TS0000015107E,Services,2026-10-16,2026-10-05T06:27:10.880745
277,TS0000015108E,RFP FOR PURCHASE OF STATIONERY & COMPUTER STATIONERY,Request For Proposal (RFP),Consumable Items,A (01)/PSEB/2026-27,Ministry of IT and Telecom,Islamabad - Pakistan,Published,"Oct 01, 2026","Oct 16, 2026",03:00 PM,https://epms.ppra.gov.pk/public/tenders/tender-details/TS0000015108E,IT/Technology,2026-10-16,2026-10-05T06:27:10.880745
278,TS0000015115E,Upgradation of 132 KV Transmission Line,,Electrical Items,PESCO/PD(GSC)/NIT-02/2026-27,Ministry of Energy (Power Division),Islamabad - Pakistan,Published,"Oct 01, 2026","Oct 16, 2026",10:00 AM,https://epms.ppra.gov.pk/public/tenders/tender-details/TS0000015115E,Energy/Utilities,2026-10-16,2026-10-05T06:27:10.880745
279,TS0000015116E,"Installation, Testing, Painting & Commissioning of 2-Inch Natural Gas Supply Pipeline for Boiler-1 & Boiler-2 (335 meters).","- Installation, Testing, Painting &...",Appliances,LT-20076-AM,Pakistan State Oil (PSO),Karachi - Pakistan,Published,"Oct 01, 2026","Oct 16, 2026",02:15 PM,https://epms.ppra.gov.pk/public/tenders/tender-details/TS0000015116E,Energy/Utilities,2026-10-16,2026-10-05T06:27:10.880745
280,TS0000013455E,"T-3027-FA-REQ-1025-1-00166- SUPPLY AND HIRING SERVICES FOR COMPLETE AIR-SIDE LOCAL WORKS, INCLUDING ALL ASSOCIATED EQUIPMENT, AUXILIARIES, DUCTING, INSULATION, FANS, BMS,","INSTALLATION, AND RELATED ITEMS AS PER BOQ T-3027-FA-REQ-1025-1-00166 Equipments","T-3027-FA-REQ-1025-1-00166- SUPPLY AND HIRING SERVICES FOR COMPLETE AIR-SIDE LOCAL WORKS, INCLUDING ALL ASSOCIATED EQUIPMENT, AUXILIARIES, DUCTING, INSULATION, FANS, BMS,","INSTALLATION, AND RELATED ITEMS AS PER BOQ",Pakistan Security Printing Corporaion (PSPC),Islamabad - Pakistan,PublishedCorrigendum,"Oct 01, 2026","Oct 15, 2026",11:00 AM,https://epms.ppra.gov.pk/public/tenders/tender-details/TS0000013455E,Services,2026-10-15,2026-10-05T06:27:10.880745
281,TS0000015058E,"Construction of RCC Switch Room, 18 Nos Fiber Stall & Special Repair to Short embankment","EPADS Reference P124756, P115396, P132199, P132844 1. Construction of RCC Switch Room/Sub stations...",Civil Works,No.128-W/14/T.N./Pt-II/WA,Pakistan Railways,Lahore - Pakistan,Published,"Oct 01, 2026","Oct 15, 2026",11:00 AM,https://epms.ppra.gov.pk/public/tenders/tender-details/TS0000015058E,Construction/Works,2026-10-15,2026-10-05T06:27:10.880745
282,TS0000014004E,"DEVELOPMENT OF CAPITAL HOUSE IN SECTOR F-5, ISLAMABAD ON TURN-KEY/EPC MODE",,Civil Works,f-26071947085,Ministry of Interior and Narcotics Control,Islamabad - Pakistan,PublishedCorrigendum,"Oct 01, 2026","Oct 12, 2026",03:00 PM,https://epms.ppra.gov.pk/public/tenders/tender-details/TS0000014004E,Construction/Works,2026-10-12,2026-10-05T06:27:10.880745
283,TS0000013751E,Supply & Installation of Electrical & Mechanical Parts of Establishment Mechanical Workshop at Power House,"Supply & Installation of Electrical & Mechanical Parts of Establishment Mechanical Workshop at Power House SSGC Karachi Terminal (As Per BOQ/T&C)(Under Single Stage One Envelope Bidding Procedure) (Having Valid PEC Licenses with Relevant Fields of specialization of EE03/04, ME-01/02/03/04 Category) (On Complete Package Basis). Supply & Installation of Electrical &...",Services,SSGC/SC/PT/EPADS2/14393,Ministry of Energy (Petroleum Division),Karachi - Pakistan,PublishedCorrigendum,"Oct 01, 2026","Oct 12, 2026",11:00 AM,https://epms.ppra.gov.pk/public/tenders/tender-details/TS0000013751E,Energy/Utilities,2026-10-12,2026-10-05T06:27:10.880745
284,TS0000013798E,08 x HAND HELD EXPLOSIVE DETECTORS,08 x HAND HELD EXPLOSIVE DETECTORS,Equipments,2690055/R-2609/310086,Directorate of Procurement (Navy),Islamabad - Pakistan,PublishedCorrigendum,"Oct 01, 2026","Oct 06, 2026",10:30 AM,https://epms.ppra.gov.pk/public/tenders/tender-details/TS0000013798E,Goods/Supplies,2026-10-06,2026-10-05T06:27:10.880745
285,TS0000012648E,Cold Applied Polymeric Corrosion & Mechanical Protection Tape alongwith Primer,Cold Applied Polymeric Corrosion & Mechanical...,Miscellaneous,SNT-2327/26,Sui Northern Gas Pipelines Limited (SNGPL),Islamabad - Pakistan,PublishedCorrigendum,"Sep 30, 2026","Nov 19, 2026",02:30 PM,https://epms.ppra.gov.pk/public/tenders/tender-details/TS0000012648E,Other,2026-11-19,2026-10-05T06:27:10.880745
286,TS0000008573E,GAS TURBINE METERS,"GAS TURBINE METERS, Qty 12 Nos., Tender Fee Rs....",Miscellaneous,SNT-2329/26,Sui Northern Gas Pipelines Limited (SNGPL),Islamabad - Pakistan,PublishedCorrigendum,"Sep 30, 2026","Nov 19, 2026",02:30 PM,https://epms.ppra.gov.pk/public/tenders/tender-details/TS0000008573E,Energy/Utilities,2026-11-19,2026-10-05T06:27:10.880745
287,TS0000013216E,Plug Valve Lubricants & Ball Valve Sealants,"Plug Valve Lubricants & Ball Valve Sealants,...",Miscellaneous,SNT-2334/26,Sui Northern Gas Pipelines Limited (SNGPL),Islamabad - Pakistan,PublishedCorrigendum,"Sep 30, 2026","Nov 19, 2026",02:30 PM,https://epms.ppra.gov.pk/public/tenders/tender-details/TS0000013216E,Other,2026-11-19,2026-10-05T06:27:10.880745
288,TS0000008660E,Online Gas Chromatograph,"Online Gas Chromatograph, Qty 04 Nos., Tender Fee...",Miscellaneous,SNT-2295/25,Sui Northern Gas Pipelines Limited (SNGPL),Islamabad - Pakistan,PublishedCorrigendum,"Sep 30, 2026","Nov 18, 2026",02:30 PM,https://epms.ppra.gov.pk/public/tenders/tender-details/TS0000008660E,Energy/Utilities,2026-11-18,2026-10-05T06:27:10.880745
289,TS0000008661E,Flow Computers (Complete with Accessories),"Flow Computers (Complete with Accessories), 14...",Miscellaneous,SNT-2294/25,Sui Northern Gas Pipelines Limited (SNGPL),Islamabad - Pakistan,PublishedCorrigendum,"Sep 30, 2026","Nov 18, 2026",02:30 PM,https://epms.ppra.gov.pk/public/tenders/tender-details/TS0000008661E,IT/Technology,2026-11-18,2026-10-05T06:27:10.880745
290,TS0000013218E,Portable Moisture Analyzer,"Portable Moisture Analyzer, Qty 01 No.",Miscellaneous,SNT-2335/26,Sui Northern Gas Pipelines Limited (SNGPL),Islamabad - Pakistan,PublishedCorrigendum,"Sep 30, 2026","Nov 16, 2026",02:30 PM,https://epms.ppra.gov.pk/public/tenders/tender-details/TS0000013218E,Other,2026-11-16,2026-10-05T06:27:10.880745
291,TS0000010498E,Welding Fittings & Screwed Fittings,"Welding Fittings & Screwed Fittings, Qty: 498...",Miscellaneous,SNT-2332-26,Sui Northern Gas Pipelines Limited (SNGPL),Islamabad - Pakistan,PublishedCorrigendum,"Sep 30, 2026","Nov 13, 2026",02:30 PM,https://epms.ppra.gov.pk/public/tenders/tender-details/TS0000010498E,Other,2026-11-13,2026-10-05T06:27:10.880745
292,TS0000010502E,Corrosion Inhibitor Injection Skid,"Corrosion Inhibitor Injection Skid, Qty: 01 No.,...",Miscellaneous,SNT-2333/26,Sui Northern Gas Pipelines Limited (SNGPL),Islamabad - Pakistan,PublishedCorrigendum,"Sep 30, 2026","Nov 13, 2026",02:30 PM,https://epms.ppra.gov.pk/public/tenders/tender-details/TS0000010502E,Other,2026-11-13,2026-10-05T06:27:10.880745
293,TS0000010021E,Orifice Meter Run,"Orifice Meter Run, Qty 01 No.",Miscellaneous,SNT-2331/26,Sui Northern Gas Pipelines Limited (SNGPL),Islamabad - Pakistan,PublishedCorrigendum,"Sep 30, 2026","Nov 12, 2026",02:30 PM,https://epms.ppra.gov.pk/public/tenders/tender-details/TS0000010021E,Other,2026-11-12,2026-10-05T06:27:10.880745
294,TS0000010793E,Air Blower with Motor and Complete Assembly,"Air Blower with Motor and Complete Assembly, Qty...",Miscellaneous,SN-4797/26,Sui Northern Gas Pipelines Limited (SNGPL),Islamabad - Pakistan,PublishedCorrigendum,"Sep 30, 2026","Nov 12, 2026",02:30 PM,https://epms.ppra.gov.pk/public/tenders/tender-details/TS0000010793E,Other,2026-11-12,2026-10-05T06:27:10.880745
295,TS0000011208E,Compact Unit for Hydrostatic Testing (Complete with Accessories),Compact Unit for Hydrostatic Testing (Complete...,Miscellaneous,SNT-2324/26,Sui Northern Gas Pipelines Limited (SNGPL),Islamabad - Pakistan,PublishedCorrigendum,"Sep 30, 2026","Nov 12, 2026",02:30 PM,https://epms.ppra.gov.pk/public/tenders/tender-details/TS0000011208E,Other,2026-11-12,2026-10-05T06:27:10.880745
296,TS0000010044E,Calibration Gas Mixture,"Calibration Gas Mixture, Qty 06 Nos., Tender Fee...",Miscellaneous,SNT-2321/26,Sui Northern Gas Pipelines Limited (SNGPL),Islamabad - Pakistan,PublishedCorrigendum,"Sep 30, 2026","Nov 10, 2026",02:30 PM,https://epms.ppra.gov.pk/public/tenders/tender-details/TS0000010044E,Energy/Utilities,2026-11-10,2026-10-05T06:27:10.880745
297,TS0000010055E,Engine Driven Welding Plant,"Engine Driven Welding Plant, Qty 04 Nos., Tender...",Miscellaneous,SNT-2310/25,Sui Northern Gas Pipelines Limited (SNGPL),Islamabad - Pakistan,PublishedCorrigendum,"Sep 30, 2026","Nov 10, 2026",02:30 PM,https://epms.ppra.gov.pk/public/tenders/tender-details/TS0000010055E,Other,2026-11-10,2026-10-05T06:27:10.880745
298,TS0000012431E,"Hiring for Rehabilitation of Steam Turbine-16 (ST-16) and Allied Equipment of 747 MW Combined Cycle Power Plant (CCPP), Guddu.",Hiring for Rehabilitation of Steam Turbine-16...,Services,T-Rehab-02,Ministry of Energy (Power Division),Kashmore - Pakistan,PublishedCorrigendum,"Sep 30, 2026","Nov 10, 2026",03:00 PM,https://epms.ppra.gov.pk/public/tenders/tender-details/TS0000012431E,Construction/Works,2026-11-10,2026-10-05T06:27:10.880745
299,TS0000013215E,MANGANESE PLATES,"MANGANESE PLATES, Qty 16 Nos.,",Miscellaneous,SN-4787/26,Sui Northern Gas Pipelines Limited (SNGPL),Islamabad - Pakistan,PublishedCorrigendum,"Sep 30, 2026","Nov 10, 2026",02:30 PM,https://epms.ppra.gov.pk/public/tenders/tender-details/TS0000013215E,Other,2026-11-10,2026-10-05T06:27:10.880745
300,TS0000015006E,PROCUREMENT OF END-TO-END DIGITAL TRACK & TRACE SYSTEM FOR THE TOBACCO LEAF SUPPLY CHAIN OF PAKISTAN,"Pakistan Tobacco Board (PTB), Ministry of...",Services,P138945,Ministry of National Food Security & Research (MNFSR),Peshawar - Pakistan,Published,"Sep 30, 2026","Nov 03, 2026",02:00 PM,https://epms.ppra.gov.pk/public/tenders/tender-details/TS0000015006E,IT/Technology,2026-11-03,2026-10-05T06:27:10.880745
301,TS0000014967E,RENOVATION & REFURBISHMENT WORKS OF NBP CIVIL LINES BRANCH JHELUM (0344) RO JHELUM,RENOVATION & REFURBISHMENT WORKS OF NBP CIVIL...,Civil Works,P130279,National Bank of Pakistan (NBP),Karachi - Pakistan,Published,"Sep 30, 2026","Oct 27, 2026",11:00 AM,https://epms.ppra.gov.pk/public/tenders/tender-details/TS0000014967E,Construction/Works,2026-10-27,2026-10-05T06:27:10.880745
302,TS0000014969E,RENOVATION & REFURBISHMENT WORKS OF NBP IBB PWD BRANCH (2150) RAWALPINDI FEDC REGION,RENOVATION & REFURBISHMENT WORKS OF NBP IBB...,Civil Works,P133150,National Bank of Pakistan (NBP),Karachi - Pakistan,Published,"Sep 30, 2026","Oct 27, 2026",11:00 AM,https://epms.ppra.gov.pk/public/tenders/tender-details/TS0000014969E,Construction/Works,2026-10-27,2026-10-05T06:27:10.880745
303,TS0000014976E,RENOVATION & REFURBISHMENT WORKS OF NBP IBB AIRPORT ROAD BRANCH (2294) GILGIT FEDC REGION,RENOVATION & REFURBISHMENT WORKS OF NBP IBB...,Civil Works,P133828,National Bank of Pakistan (NBP),Karachi - Pakistan,Published,"Sep 30, 2026","Oct 27, 2026",11:00 AM,https://epms.ppra.gov.pk/public/tenders/tender-details/TS0000014976E,Construction/Works,2026-10-27,2026-10-05T06:27:10.880745
304,TS0000014979E,RENOVATION & REFURBISHMENT WORKS OF NBP IBB BLUE AREA BRANCH (2123) ISLAMABAD FEDC REGION,RENOVATION & REFURBISHMENT WORKS OF NBP IBB...,Civil Works,P133537,National Bank of Pakistan (NBP),Karachi - Pakistan,Published,"Sep 30, 2026","Oct 27, 2026",11:00 AM,https://epms.ppra.gov.pk/public/tenders/tender-details/TS0000014979E,Construction/Works,2026-10-27,2026-10-05T06:27:10.880745
305,TS0000014980E,RENOVATION & REFURBISHMENT WORKS OF NBP IBB E-11 MARKAZ BRANCH (2170) ISLAMABAD FEDC REGION,RENOVATION & REFURBISHMENT WORKS OF NBP IBB...,Civil Works,P132748,National Bank of Pakistan (NBP),Karachi - Pakistan,Published,"Sep 30, 2026","Oct 27, 2026",11:00 AM,https://epms.ppra.gov.pk/public/tenders/tender-details/TS0000014980E,Construction/Works,2026-10-27,2026-10-05T06:27:10.880745
306,TS0000014981E,MAJOR RENOVATION & REFURBISHMENT WORKS OF NBP MAIN BRANCH GILGIT (0425) RO GILGIT,MAJOR RENOVATION & REFURBISHMENT WORKS OF NBP...,Civil Works,P133102,National Bank of Pakistan (NBP),Karachi - Pakistan,Published,"Sep 30, 2026","Oct 27, 2026",11:00 AM,https://epms.ppra.gov.pk/public/tenders/tender-details/TS0000014981E,Construction/Works,2026-10-27,2026-10-05T06:27:10.880745
307,TS0000014982E,MAJOR RENOVATION & REFURBISHMENT WORKS OF NBP S-BLOCK BRANCH (0485) RO ISLAMABAD,MAJOR RENOVATION & REFURBISHMENT WORKS OF NBP...,Civil Works,P133675,National Bank of Pakistan (NBP),Karachi - Pakistan,Published,"Sep 30, 2026","Oct 27, 2026",11:00 AM,https://epms.ppra.gov.pk/public/tenders/tender-details/TS0000014982E,Construction/Works,2026-10-27,2026-10-05T06:27:10.880745
308,TS0000014983E,MAJOR RENOVATION & REFURBISHMENT WORKS OF NBP MAIN BRANCH D.I KHAN (0327) RO BANNU,MAJOR RENOVATION & REFURBISHMENT WORKS OF NBP...,Civil Works,P134514,National Bank of Pakistan (NBP),Karachi - Pakistan,Published,"Sep 30, 2026","Oct 27, 2026",11:00 AM,https://epms.ppra.gov.pk/public/tenders/tender-details/TS0000014983E,Construction/Works,2026-10-27,2026-10-05T06:27:10.880745
309,TS0000014984E,MAJOR RENOVATION & REFURBISHMENT WORKS OF NBP MAIN BRANCH MIRPUR (0371) RO MIRPUR A.K,MAJOR RENOVATION & REFURBISHMENT WORKS OF NBP...,Civil Works,P134871,National Bank of Pakistan (NBP),Karachi - Pakistan,Published,"Sep 30, 2026","Oct 27, 2026",11:00 AM,https://epms.ppra.gov.pk/public/tenders/tender-details/TS0000014984E,Construction/Works,2026-10-27,2026-10-05T06:27:10.880745
310,TS0000014986E,MAJOR RENOVATION & REFURBISHMENT WORKS OF NBP DISTRICT COURTS BRANCH (0472) RO MIRPUR A.K,MAJOR RENOVATION & REFURBISHMENT WORKS OF NBP...,Civil Works,P135345,National Bank of Pakistan (NBP),Karachi - Pakistan,Published,"Sep 30, 2026","Oct 27, 2026",11:00 AM,https://epms.ppra.gov.pk/public/tenders/tender-details/TS0000014986E,Construction/Works,2026-10-27,2026-10-05T06:27:10.880745
311,TS0000014989E,MAJOR RENOVATION & REFURBISHMENT WORKS OF NBP NARA BRANCH (0807) RO RAWALPINDI,MAJOR RENOVATION & REFURBISHMENT WORKS OF NBP...,Civil Works,P137355,National Bank of Pakistan (NBP),Karachi - Pakistan,Published,"Sep 30, 2026","Oct 27, 2026",11:00 AM,https://epms.ppra.gov.pk/public/tenders/tender-details/TS0000014989E,Construction/Works,2026-10-27,2026-10-05T06:27:10.880745
312,TS0000014990E,MAJOR RENOVATION & REFURBISHMENT WORKS OF NBP HIT TAXILA BRANCH (1542) RO RAWALPINDI,MAJOR RENOVATION & REFURBISHMENT WORKS OF NBP...,Civil Works,P137364,National Bank of Pakistan (NBP),Karachi - Pakistan,Published,"Sep 30, 2026","Oct 27, 2026",11:00 AM,https://epms.ppra.gov.pk/public/tenders/tender-details/TS0000014990E,Construction/Works,2026-10-27,2026-10-05T06:27:10.880745
313,TS0000014991E,MAJOR RENOVATION & REFURBISHMENT WORKS OF NBP DISTRICT COUNCIL BRANCH (0638) RO RAWALPINDI,MAJOR RENOVATION & REFURBISHMENT WORKS OF NBP...,Civil Works,P137367,National Bank of Pakistan (NBP),Karachi - Pakistan,Published,"Sep 30, 2026","Oct 27, 2026",11:00 AM,https://epms.ppra.gov.pk/public/tenders/tender-details/TS0000014991E,Construction/Works,2026-10-27,2026-10-05T06:27:10.880745
314,TS0000015004E,"PROCUREMENT NOTICE PROCUREMENT OF NON-CONSULTANCY SERVICES FOR PRODUCTION OF PROMOTIONAL (BUSINESS POTENTIAL) VIDEOS FOR KARACHI, LAHORE & ISLAMABAD INTERNATIONAL","AIRPORTS, INCLUDING COMPOSITE PROMOTIONAL VIDEO, INSTITUTIONAL VIDEO OF PAKISTAN AIRPORTS AUTHORITY, SOCIAL MEDIA SHORT CLIPS AND HIGH-RESOLUTION CAPTIONED PHOTOGRAPHS REF # P119158 PROCUREMENT NOTICE PROCUREMENT OF NON-CONSULTANCY SERVICES FOR PRODUCTION OF PROMOTIONAL (BUSINESS POTENTIAL) VIDEOS FOR KARACHI, LAHORE & ISLAMABAD INTERNATIONAL AIRPORTS, INCLUDING COMPOSITE PROMOTIONAL VIDEO, INSTITUTIONAL VIDEO OF PAKISTAN AIRPORTS AUTHORITY, SOCIAL MEDIA SHORT CLIPS AND HIGH-RESOLUTION CAPTIONED PHOTOGRAPHS REF # P119158 PROCUREMENT NOTICE PROCUREMENT OF NON-CONSULTANCY...",Services,12591,Pakistan Airports Authority (PAA),Karachi - Pakistan,Published,"Sep 30, 2026","Oct 26, 2026",11:00 AM,https://epms.ppra.gov.pk/public/tenders/tender-details/TS0000015004E,Services,2026-10-26,2026-10-05T06:27:10.880745
315,TS0000015030E,Purchase of Feed Items - HQ Log 11 Corps RV&F Br Psc,"Purchase of Feed Ingreadents for Mil Farm Psc,Nsr,Mdn, Bxu , Kht, D.I.Khan Purchase of Feed Ingredients for Mil Farm...",Civil Goods,1,Ministry of Defence,Peshawar - Pakistan,Published,"Sep 30, 2026","Oct 23, 2026",11:00 AM,https://epms.ppra.gov.pk/public/tenders/tender-details/TS0000015030E,Goods/Supplies,2026-10-23,2026-10-05T06:27:10.880745
316,TS0000014937E,Repair of Damaged P.C.C Streets,,Repair/Maintenance,1800-31-Gen-RB,Ministry of Defence Production,Wah Cantt - Pakistan,Published,"Sep 30, 2026","Oct 22, 2026",10:30 AM,https://epms.ppra.gov.pk/public/tenders/tender-details/TS0000014937E,Services,2026-10-22,2026-10-05T06:27:10.880745
317,TS0000014954E,PVMS DRUGS (06x Items),PVMS DRUGS (06x Items),Health/Medicines,2683009/R-2609/380180,Directorate of Procurement (Navy),Islamabad - Pakistan,Published,"Sep 30, 2026","Oct 22, 2026",10:30 AM,https://epms.ppra.gov.pk/public/tenders/tender-details/TS0000014954E,Medical/Health,2026-10-22,2026-10-05T06:27:10.880745
318,TS0000014956E,PVMS DRUGS (38x Items),PVMS DRUGS (38x Items),Health/Medicines,2683010/R-2609/380181,Directorate of Procurement (Navy),Islamabad - Pakistan,Published,"Sep 30, 2026","Oct 22, 2026",10:30 AM,https://epms.ppra.gov.pk/public/tenders/tender-details/TS0000014956E,Medical/Health,2026-10-22,2026-10-05T06:27:10.880745
319,TS0000014957E,PVMS DRUGS (05x Items),PVMS DRUGS (05x Items),Health/Medicines,2683011/R-2609/380182,Directorate of Procurement (Navy),Islamabad - Pakistan,Published,"Sep 30, 2026","Oct 22, 2026",10:30 AM,https://epms.ppra.gov.pk/public/tenders/tender-details/TS0000014957E,Medical/Health,2026-10-22,2026-10-05T06:27:10.880745
320,TS0000014959E,PVMS DRUGS (07x Items),PVMS DRUGS (07x Items),Health/Medicines,2683012/R-2609/380183,Directorate of Procurement (Navy),Islamabad - Pakistan,Published,"Sep 30, 2026","Oct 22, 2026",10:30 AM,https://epms.ppra.gov.pk/public/tenders/tender-details/TS0000014959E,Medical/Health,2026-10-22,2026-10-05T06:27:10.880745
321,TS0000015027EPost PQ Tender,"TENDER FOR REQUEST FOR FINANCIAL QUOTATION FROM PRE-QUALIFIED FIRMS/VENDORS FOR UPGRADATION AND RENOVATIONS OF LABORATORIES AT GILGIT-BALTISTAN (CHILLAS, SKARDU &","GILGIT), FOR INTEGRATED DISEASE SURVEILLANCE AND RESPONSE SYSTEM (IDSRS) Call-Off / Mini-Competition among Pre-Qualified Firms under PPRA Rule 16(a) – Financial Quotations Only Request for Financial Quotation through a...",Civil Works,F.23-1/2025-IDSRS-NIH,National Institute of Health (NIH),Islamabad - Pakistan,Published,"Sep 30, 2026","Oct 22, 2026",12:30 PM,https://epms.ppra.gov.pk/public/tenders/tender-details/TS0000015027EPost PQ Tender,Construction/Works,2026-10-22,2026-10-05T06:27:10.880745
322,TS0000014843E,Local Purchase / Procurement of Training Aids / Repair & Maintenance of Training Facilities - Armoured Corps Centre Nowshera Cantt,Sealed quotations are invited for allotted and...,Miscellaneous,3000/2/G,Ministry of Defence,Nowshera - Pakistan,PublishedCorrigendum,"Sep 30, 2026","Oct 22, 2026",09:00 AM,https://epms.ppra.gov.pk/public/tenders/tender-details/TS0000014843E,Services,2026-10-22,2026-10-05T06:27:10.880745
323,TS0000014948E,PVMS DRUGS,PVMS DRUGS,Health/Medicines,2683005/R-2609/380176,Directorate of Procurement (Navy),Islamabad - Pakistan,Published,"Sep 30, 2026","Oct 21, 2026",10:30 AM,https://epms.ppra.gov.pk/public/tenders/tender-details/TS0000014948E,Medical/Health,2026-10-21,2026-10-05T06:27:10.880745
324,TS0000014950E,PVMS DRUGS (06x Items),PVMS DRUGS (06x Items),Health/Medicines,2683006/R-2609/380177,Directorate of Procurement (Navy),Islamabad - Pakistan,Published,"Sep 30, 2026","Oct 21, 2026",10:30 AM,https://epms.ppra.gov.pk/public/tenders/tender-details/TS0000014950E,Medical/Health,2026-10-21,2026-10-05T06:27:10.880745
325,TS0000014952E,PVMS DRUGS (05x Items),PVMS DRUGS (05x Items),Health/Medicines,2683007/R-2609/380178,Directorate of Procurement (Navy),Islamabad - Pakistan,Published,"Sep 30, 2026","Oct 21, 2026",10:30 AM,https://epms.ppra.gov.pk/public/tenders/tender-details/TS0000014952E,Medical/Health,2026-10-21,2026-10-05T06:27:10.880745
326,TS0000014953E,PVMS DRUGS (17x Items),PVMS DRUGS (17x Items),Health/Medicines,2683008/R-2609/380179,Directorate of Procurement (Navy),Islamabad - Pakistan,Published,"Sep 30, 2026","Oct 21, 2026",10:30 AM,https://epms.ppra.gov.pk/public/tenders/tender-details/TS0000014953E,Medical/Health,2026-10-21,2026-10-05T06:27:10.880745
327,TS0000014962E,Uploading of Tender,Uploading of Tender,Civil Works,6000-PPRA/01/E-6,Military Engineering Services (Army),Hyderabad - Pakistan,Published,"Sep 30, 2026","Oct 21, 2026",11:30 AM,https://epms.ppra.gov.pk/public/tenders/tender-details/TS0000014962E,Construction/Works,2026-10-21,2026-10-05T06:27:10.880745
328,TS0000014993E,"Rehabilitation of tower foundation, roads, control house buildings, renovation / repair of Non Residential / residential Buildings, Complaint Center, CFC under MEPCO","Rehabilitation of tower foundation, roads, control house buildings, renovation / repair of Non Residential / residential Buildings, Complaint Center, CFC under MEPCO Rehabilitation of tower foundation, roads,...",Civil Works,2402-08/XEN(Civil),Ministry of Energy (Power Division),Multan - Pakistan,Published,"Sep 30, 2026","Oct 21, 2026",12:00 PM,https://epms.ppra.gov.pk/public/tenders/tender-details/TS0000014993E,Construction/Works,2026-10-21,2026-10-05T06:27:10.880745
329,TS0000014995E,Stationery & Others items,Stationery & Others items Stationery & Others items,Miscellaneous,P138852,Ministry of Federal Education and Professional Training,Islamabad - Pakistan,Published,"Sep 30, 2026","Oct 21, 2026",11:00 AM,https://epms.ppra.gov.pk/public/tenders/tender-details/TS0000014995E,Goods/Supplies,2026-10-21,2026-10-05T06:27:10.880745
330,TS0000014936E,LET/049/26 (Safety Shoes & Gum Shoes),LET/049/26 (Safety Shoes & Gum Shoes) LET/049/26 (Safety Shoes & Gum Shoes),Miscellaneous,LET/049/26,Sui Northern Gas Pipelines Limited (SNGPL),Lahore - Pakistan,Published,"Sep 30, 2026","Oct 20, 2026",02:30 PM,https://epms.ppra.gov.pk/public/tenders/tender-details/TS0000014936E,Other,2026-10-20,2026-10-05T06:27:10.880745
331,TS0000014940E,Provn of Unit Fur Against Dft - Gar HQ Mtn,Job No.1604 & Job No.1608 FY-2026-27 Provn of Unit Fur Against Dft - Gar HQ Mtn Job No.1604 & Job No.1608 FY-2026-27 Provn of...,Furniture/Fixture,Job No.1604 & Job No.1608 FY-2026-27,Ministry of Defence,Multan - Pakistan,Published,"Sep 30, 2026","Oct 20, 2026",10:30 AM,https://epms.ppra.gov.pk/public/tenders/tender-details/TS0000014940E,Other,2026-10-20,2026-10-05T06:27:10.880745
332,TS0000014942E,PVMS GASES,PVMS GASES,Health/Medicines,2683001/R-2609/380172,Directorate of Procurement (Navy),Islamabad - Pakistan,Published,"Sep 30, 2026","Oct 20, 2026",10:30 AM,https://epms.ppra.gov.pk/public/tenders/tender-details/TS0000014942E,Medical/Health,2026-10-20,2026-10-05T06:27:10.880745
333,TS0000014943E,PVMS VACCINE,PVMS VACCINE,Health/Medicines,2683002/R-2609/380173,Directorate of Procurement (Navy),Islamabad - Pakistan,Published,"Sep 30, 2026","Oct 20, 2026",10:30 AM,https://epms.ppra.gov.pk/public/tenders/tender-details/TS0000014943E,Medical/Health,2026-10-20,2026-10-05T06:27:10.880745
334,TS0000014945E,PVMS DRUGS,PVMS DRUGS,Health/Medicines,2683003/R-2609/380174,Directorate of Procurement (Navy),Islamabad - Pakistan,Published,"Sep 30, 2026","Oct 20, 2026",10:30 AM,https://epms.ppra.gov.pk/public/tenders/tender-details/TS0000014945E,Medical/Health,2026-10-20,2026-10-05T06:27:10.880745
335,TS0000014946E,PVMS DRUGS,PVMS DRUGS,Health/Medicines,2683004/R-2609/380175,Directorate of Procurement (Navy),Islamabad - Pakistan,Published,"Sep 30, 2026","Oct 20, 2026",10:30 AM,https://epms.ppra.gov.pk/public/tenders/tender-details/TS0000014946E,Medical/Health,2026-10-20,2026-10-05T06:27:10.880745
336,TS0000014992E,PROVISIONING COMMISSIONING OF LASER ALIGNMENT TOOL (QTY: 01),PROVISIONING COMMISSIONING OF LASER ALIGNMENT...,Miscellaneous,2690330/R-2609/310134,Directorate of Procurement (Navy),Islamabad - Pakistan,Published,"Sep 30, 2026","Oct 20, 2026",10:30 AM,https://epms.ppra.gov.pk/public/tenders/tender-details/TS0000014992E,Goods/Supplies,2026-10-20,2026-10-05T06:27:10.880745
337,TS0000015002E,Procurement of Furniture Items,,Furniture/Fixture,P137820,Ministry of Interior and Narcotics Control,Quetta - Pakistan,Published,"Sep 30, 2026","Oct 20, 2026",11:00 AM,https://epms.ppra.gov.pk/public/tenders/tender-details/TS0000015002E,Goods/Supplies,2026-10-20,2026-10-05T06:27:10.880745
338,TS0000015012E,SSGC/LP/EPADS2/NR/2189309 (Hardware Material),SSGC/LP/EPADS2/NR/2189309 (Hardware Material) HARDWARE MATERIAL: ♦MOULDING OF AXLE HUB END...,Miscellaneous,SSGC/LP/EPADS2/NR/2189309,Ministry of Energy (Petroleum Division),Karachi - Pakistan,Published,"Sep 30, 2026","Oct 20, 2026",10:00 AM,https://epms.ppra.gov.pk/public/tenders/tender-details/TS0000015012E,Goods/Supplies,2026-10-20,2026-10-05T06:27:10.880745
339,TS0000014869E,Repair/Raising of Existing Boundary Wall,Repair / Raising of Existing Boundary Wall,Civil Works,Cash-2(3)/Boundary/2026-27,Ministry of Defence,Karachi - Pakistan,Published,"Sep 30, 2026","Oct 20, 2026",10:30 AM,https://epms.ppra.gov.pk/public/tenders/tender-details/TS0000014869E,Construction/Works,2026-10-20,2026-10-05T06:27:10.880745
340,TS0000014934E,LET/048/26 (Coverall Dungaree),LET/048/26 (Coverall Dungaree) LET/048/26 (Coverall Dungaree),Miscellaneous,LET/048/26,Sui Northern Gas Pipelines Limited (SNGPL),Lahore - Pakistan,Published,"Sep 30, 2026","Oct 19, 2026",02:30 PM,https://epms.ppra.gov.pk/public/tenders/tender-details/TS0000014934E,Other,2026-10-19,2026-10-05T06:27:10.880745
341,TS0000014977E,Operation & Maintenance of Electrical works & Solar System,Tender Notice # RE/03/ELECT/RYK/2026 100 KVA Diesel Generators: Check Engine Oil...,Repair/Maintenance,Tender Notice #RE/03/ELECT/RYK/2026,State Life Insurance Corporation of Pakistan,Rahim Yar Khan - Pakistan,Published,"Sep 30, 2026","Oct 19, 2026",11:00 AM,https://epms.ppra.gov.pk/public/tenders/tender-details/TS0000014977E,IT/Technology,2026-10-19,2026-10-05T06:27:10.880745
342,TS0000015003E,Mix-Use Commercial,,Leasing,REDAMCO/M-2/2026-27,Pakistan Railways,Islamabad - Pakistan,Published,"Sep 30, 2026","Oct 19, 2026",02:00 PM,https://epms.ppra.gov.pk/public/tenders/tender-details/TS0000015003E,Other,2026-10-19,2026-10-05T06:27:10.880745
343,TS0000015019E,"Supply of UPS Batteries, Printer Maintenance Items, Batteries Cells, Maintenance Consumables and Specialized Repair Tools","1. The Comsats University, Islamabad (Islamabad Campus) (Comsats University, Islamabad) has reserved Funds for the procurement planned for FY 2026-27. The Comsats University, Islamabad (Islamabad Campus) (Comsats University, Islamabad) intends to apply part of the proceeds of this Fund to cover eligible payments under the contract for the ""TN-762 EFS # 62659 Supply of UPS Batteries, Printer Maintenance Items, Batteries Cells, Maintenance Consumables and Specialized Repair Tools"" with the reference of ""P125677"" 2. The Comsats University, Islamabad (Islamabad Campus) (Comsats University, Islamabad) invites sealed Bids from eligible Bidders for procurement of goods described in the bidding documents on EPADS v2.0. 3. Single Stage-Two Envelope will be used by adopting Least Cost Based Selection (LCBS) Technique for the subject procurement, in line with the Public Procurement Rules, 2004 and any Regulations, Regulatory Guides, Procurement Guidelines or Instructions issued by the Authority from time to time. 4. All Bids must be accompanied by a Bid Security amounting described in Bid Security Section in Bidding Document in the form of Pay Order, Demand Draft or all bids must be accompanied by bid securing declaration in the format specified in the Bidding documents 5. E-Bidding documents, containing detailed terms & conditions, specifications and requirements etc. are available on e-Pak Acquisition and Disposal System (EPADS) at https://epads.gov.pk/opportunities/federal/procurements/125677 for all the interested bidders registered on EPADS v2.0. Bidders are required to get themselves registered on EPADS v2.0 to participate in Bidding process. 6. The e-bids, prepared in accordance with the instructions in the e-Bidding Documents, must be submitted through EPADS v2.0 on or before Monday, October 19, 2026 11:00 AM. E-bids will be opened using EPADS v2.0 on e-Pak Acquisition and Disposal System (EPADS) generated document   © 2026 Page 1 of 82 the same day at Monday, October 19, 2026 11:30 AM. Manual submission of Bids shall not be entertained. Those vendors who have not yet registered on the new version of EPADS v2.0, may register themselves on https://vendors.epads.gov.pk/. A tutorial to explain the registration process is available at https://www.youtube.com/watch?v=MNW6T38v7tc In terms of Rule 48 of Public Procurement Rules, 2004 Grievance Redressal Committee (GRC) is notified for the subject procurement and notification copy is available on the procuring agency’s website and on Authority’s website at ( www.ppra.org.pk). Comsats University, Islamabad (Islamabad Campus) (Comsats University, Islamabad), Assistant Program Officer Procurement Office, 2nd Floor, Faculty Block-2, Comsats University Islamabad, Park Road., Islamabad Capital Territory +92-336-552-4334 habibullah@comsats.edu.pk e-Pak Acquisiti",Miscellaneous,TN-762 EFS # 62659 (P125677),COMSATS University Islamabad,Islamabad - Pakistan,Published,"Sep 30, 2026","Oct 19, 2026",11:00 AM,https://epms.ppra.gov.pk/public/tenders/tender-details/TS0000015019E,Services,2026-10-19,2026-10-05T06:27:10.880745
344,TS0000014972E,CONSERVANCY SERVICES AT PNS RAZA,NORMAL TENDER SEALED QUOTATIONS ARE INVITED FOR DAILY CLEANING...,Miscellaneous,RAZA 01/2026-27,Ministry of Defence,Karachi. - Pakistan,Published,"Sep 30, 2026","Oct 17, 2026",10:00 AM,https://epms.ppra.gov.pk/public/tenders/tender-details/TS0000014972E,Services,2026-10-17,2026-10-05T06:27:10.880745
345,TS0000014910E,Establishment of Regional Unified Monitoring and Response Center,Establishment of Regional Unified Monitoring and Response Center Establishment of Regional Unified Monitoring and...,Equipments,1,Ministry of IT and Telecom,Rawalpindi. - Pakistan,Published,"Sep 30, 2026","Oct 16, 2026",10:30 AM,https://epms.ppra.gov.pk/public/tenders/tender-details/TS0000014910E,Goods/Supplies,2026-10-16,2026-10-05T06:27:10.880745
346,TS0000014944E,Invitation to E-Bid,Through SAP Ariba Discovery Invitation to E-Bid Through SAP Ariba Discovery,Miscellaneous,OGDC-SCM-SER-CB-DO-338820351-2026,Oil and Gas Development Company Limited (OGDCL),Islamabad - Pakistan,Published,"Sep 30, 2026","Oct 16, 2026",02:30 PM,https://epms.ppra.gov.pk/public/tenders/tender-details/TS0000014944E,Other,2026-10-16,2026-10-05T06:27:10.880745
347,TS0000014951E,Procurement of Gear Pumps with Motor for Bitumen Service LMT and Finished Lubricants Service LMPA.,,Mechanical/Machinery,LT-20062-IA,Pakistan State Oil (PSO),Karachi - Pakistan,Published,"Sep 30, 2026","Oct 16, 2026",02:15 PM,https://epms.ppra.gov.pk/public/tenders/tender-details/TS0000014951E,Services,2026-10-16,2026-10-05T06:27:10.880745
348,TS0000014965E,SERVICES ARE REQUIRED FOR REPLACEMENT/REHABILITATION OF BOUNDARY WALL FENCE AND MESH LINK FENCE (AS PER BOQ),,Services,T-4240/26/FA,Pakistan Security Printing Corporaion (PSPC),Islamabad - Pakistan,Published,"Sep 30, 2026","Oct 16, 2026",11:00 AM,https://epms.ppra.gov.pk/public/tenders/tender-details/TS0000014965E,Construction/Works,2026-10-16,2026-10-05T06:27:10.880745
349,TS0000014978E,Tender No.6 & 7 Supply of Material Allama Iqbal G/S,,Equipments,Tender No.6 & 7 Supply of Material Allama Iqbal G/S,Faisalabad Electric Supply Company (FESCO),Faisalabad - Pakistan,Published,"Sep 30, 2026","Oct 16, 2026",11:00 AM,https://epms.ppra.gov.pk/public/tenders/tender-details/TS0000014978E,Goods/Supplies,2026-10-16,2026-10-05T06:27:10.880745
350,TS0000014987E,Purchase of Feed items FY 2026/27 - Mil Farm Qta,Purchase of Feed items FY 2026/27 - Mil Farm Qta Purchase of Feed items FY 2026/27 - Mil Farm Qta,Food Items,1,Ministry of Defence,Quetta - Pakistan,Published,"Sep 30, 2026","Oct 16, 2026",10:00 AM,https://epms.ppra.gov.pk/public/tenders/tender-details/TS0000014987E,Goods/Supplies,2026-10-16,2026-10-05T06:27:10.880745
351,TS0000015011E,Procurement / Installation of Dry Batteries and Service of UPS,Dismantling of existing batteries from UPS System...,Electrical Items,04/2026-27,Federal Board of Revenue (FBR),Lahore - Pakistan,Published,"Sep 30, 2026","Oct 16, 2026",11:00 AM,https://epms.ppra.gov.pk/public/tenders/tender-details/TS0000015011E,Energy/Utilities,2026-10-16,2026-10-05T06:27:10.880745
352,TS0000015018E,TENDER DOCUMENTS FOR PURCHASE OF CAPITAL ITEMS (Computers),H&AI Zonal Office Swat Requires Computers for Swat Zone Technical & Financial bids are invited in...,Equipments,HR&ADMIN/H&AI/ SWT/1/2026,State Life Insurance Corporation of Pakistan,Swat - Pakistan,Published,"Sep 30, 2026","Oct 16, 2026",11:00 AM,https://epms.ppra.gov.pk/public/tenders/tender-details/TS0000015018E,IT/Technology,2026-10-16,2026-10-05T06:27:10.880745
353,TS0000015020E,Enhancement of Trend Micro Cybersecurity Solution,IT-20066-YP-Enhancement of Trend Micro...,Miscellaneous,IT-20066-YP,Pakistan State Oil (PSO),Karachi - Pakistan,Published,"Sep 30, 2026","Oct 16, 2026",02:15 PM,https://epms.ppra.gov.pk/public/tenders/tender-details/TS0000015020E,Services,2026-10-16,2026-10-05T06:27:10.880745
354,TS0000015029E,Providing services for Removal & Reinstallation of Signages at NVROs South Zone,RF-20063-SZ,Services,RF-20063-SZ,Pakistan State Oil (PSO),Karachi - Pakistan,Published,"Sep 30, 2026","Oct 16, 2026",02:15 PM,https://epms.ppra.gov.pk/public/tenders/tender-details/TS0000015029E,Services,2026-10-16,2026-10-05T06:27:10.880745
355,TS0000014905E,G.I. CORRUGATED SHEET 20 SWG,supply of G.I. CORRUGATED SHEET 20 SWG G.I. CORRUGATED SHEET 20 SWG,Miscellaneous,LEP-013/26,Sui Northern Gas Pipelines Limited (SNGPL),Lahore - Pakistan,PublishedCorrigendum,"Sep 30, 2026","Oct 15, 2026",02:30 PM,https://epms.ppra.gov.pk/public/tenders/tender-details/TS0000014905E,Other,2026-10-15,2026-10-05T06:27:10.880745
356,TS0000014906E,ELECTRIC CABLE,SUPPLY OF ELECTRIC CABLE SUPPLY OF ELECTRIC CABLE,Miscellaneous,LEP-014/26,Sui Northern Gas Pipelines Limited (SNGPL),Lahore - Pakistan,PublishedCorrigendum,"Sep 30, 2026","Oct 15, 2026",02:30 PM,https://epms.ppra.gov.pk/public/tenders/tender-details/TS0000014906E,Energy/Utilities,2026-10-15,2026-10-05T06:27:10.880745
357,TS0000014932E,Const / Repair / Maint / Provn / Bazar Supply TC / DC of Misc Buildings in AOR of GE (A) Rwp-II,,Repair/Maintenance,GEA2RWP/10/2026,Ministry of Defence,Rawalpindi - Pakistan,PublishedCorrigendum,"Sep 30, 2026","Oct 15, 2026",12:00 PM,https://epms.ppra.gov.pk/public/tenders/tender-details/TS0000014932E,Construction/Works,2026-10-15,2026-10-05T06:27:10.880745
358,TS0000014938E,Procurement of Plants for 5th Floor # Aesthetic Enhancement at PSO House.,"SPECIAL INSTRUCTIONS:  Any party interested to participate in any of the tender(s) may send its request for tender documents through SAP Ariba Portal in the following manner: 1.	Scanned copy of the duly signed and stamped request on official letterhead of the bidder shall be uploaded on SAP Ariba Portal. In the subject request letter, please mention “Tender Documents Collection Request – Tender No. ________”. 2.	Request shall be accompanied by scanned copies of the following:  a.	Valid NTN b.	GST Certificate c.	Provincial Sales Tax Certificates (where applicable), d.	CNIC of owner/ authorized representative e.	Vendor should be an active tax payer. Procurement of Plants for 5th Floor # Aesthetic...",Miscellaneous,AD-20069-MS,Pakistan State Oil (PSO),Karachi - Pakistan,Published,"Sep 30, 2026","Oct 15, 2026",02:00 PM,https://epms.ppra.gov.pk/public/tenders/tender-details/TS0000014938E,Goods/Supplies,2026-10-15,2026-10-05T06:27:10.880745
359,TS0000014939E,Advertisement in PPRA,,Civil Works,6982-Advt/Kam/09/E6,Military Engineering Services (Airforce),Kamra - Pakistan,Published,"Sep 30, 2026","Oct 15, 2026",12:00 PM,https://epms.ppra.gov.pk/public/tenders/tender-details/TS0000014939E,Construction/Works,2026-10-15,2026-10-05T06:27:10.880745
360,TS0000014941E,"REHABLITATION AND INSTALLATION OF FIRE FIGHTING SYSTEM IN STATE LIFE BUILDING NO.11, ABDULLAH HAROON ROAD, KARACHI.",,Mechanical/Machinery,P106942,Ministry of Commerce,Karachi - Pakistan,PublishedCorrigendum,"Sep 30, 2026","Oct 15, 2026",11:00 AM,https://epms.ppra.gov.pk/public/tenders/tender-details/TS0000014941E,Construction/Works,2026-10-15,2026-10-05T06:27:10.880745
361,TS0000014947E,purchaes of stationery and misc. items,1(2026-27) Invitation for Prequalification of firms under...,Stationery,FFW10090,Wafaqi Mohtasib (Ombudsman) Secretariat,Islamabad - Pakistan,Published,"Sep 30, 2026","Oct 15, 2026",11:00 AM,https://epms.ppra.gov.pk/public/tenders/tender-details/TS0000014947E,Goods/Supplies,2026-10-15,2026-10-05T06:27:10.880745
362,TS0000014949E,Works,,Civil Works,600/8/98/E6,Military Engineering Services (Airforce),Peshawar - Pakistan,Published,"Sep 30, 2026","Oct 15, 2026",11:30 AM,https://epms.ppra.gov.pk/public/tenders/tender-details/TS0000014949E,Construction/Works,2026-10-15,2026-10-05T06:27:10.880745
363,TS0000014963E,"Providing and Fixing"" Extablishment of Alumni Wall of Frame at Attock Campus","Providing and Fixing"" Extablishment of Alumni Wall of Frame at Attock Campus",Civil Goods,P136077,COMSATS University Islamabad,Attock - Pakistan,Published,"Sep 30, 2026","Oct 15, 2026",02:00 PM,https://epms.ppra.gov.pk/public/tenders/tender-details/TS0000014963E,Construction/Works,2026-10-15,2026-10-05T06:27:10.880745
364,TS0000014966E,"Providing Services of Dispatch Riders with Motorcycles ,Fuel & Needful Required Accessories at SSGC HO from Mon to Sat for Receipt, Delivery and Distribution of","Official Mail / Parcel Across all SSGC Offices-Karachi Providing Services of Dispatch Riders with Motorcycles ,Fuel & Needful Required Accessories at SSGC HO from Mon to Sat for Receipt, Delivery and Distribution of Official Mail / Parcel Across all SSGC Offices-Karachi Providing Services of Dispatch Riders with...",Services,SSGC/SC/NR/EPADS2/14445,Ministry of Energy (Petroleum Division),Karachi - Pakistan,Published,"Sep 30, 2026","Oct 15, 2026",11:00 AM,https://epms.ppra.gov.pk/public/tenders/tender-details/TS0000014966E,Energy/Utilities,2026-10-15,2026-10-05T06:27:10.880745
365,TS0000014968E,Provision of Janitorial Services at various EOBI Properties situated in Karachi,Provision of Janitorial Services at various EOBI Properties situated in Karachi Provision of Janitorial Services at various EOBI...,Services,PRIMACO/P&C/Janitorial Services Karachi/11/01/2026,Ministry of Overseas Pakistanis & Human Resource Development,Islamabad - Pakistan,Published,"Sep 30, 2026","Oct 15, 2026",11:00 AM,https://epms.ppra.gov.pk/public/tenders/tender-details/TS0000014968E,Services,2026-10-15,2026-10-05T06:27:10.880745
366,TS0000013946E,"Supply, Installation, Testing and Commissioning of Turbine Water Flow Meters at PSO Locations","Supply, Installation, Testing and Commissioning...",Mechanical/Machinery,EE-20026-SR,Pakistan State Oil (PSO),Karachi - Pakistan,PublishedCorrigendum,"Sep 30, 2026","Oct 15, 2026",02:15 PM,https://epms.ppra.gov.pk/public/tenders/tender-details/TS0000013946E,Goods/Supplies,2026-10-15,2026-10-05T06:27:10.880745
367,TS0000014970E,CMES N COMPAK,UPLOADING OF TENDER,Civil Goods,6018/128/E6 dt 30-09-2026,Military Engineering Services (Navy),Karachi - Pakistan,Published,"Sep 30, 2026","Oct 15, 2026",11:30 AM,https://epms.ppra.gov.pk/public/tenders/tender-details/TS0000014970E,Other,2026-10-15,2026-10-05T06:27:10.880745
368,TS0000014971E,Auction of Unserviceable/ Scrap Material,Auction of Unserviceable/ Scrap Material Auction of Unserviceable/ Scrap Material...,Miscellaneous,98/2026-27,Pakistan Maritime Security Agency (PMSA),Karachi - Pakistan,Published,"Sep 30, 2026","Oct 15, 2026",10:30 AM,https://epms.ppra.gov.pk/public/tenders/tender-details/TS0000014971E,Services,2026-10-15,2026-10-05T06:27:10.880745
369,TS0000014973E,SUPPLY OF SURVEY EQUIPMENT,The details are attached.,Equipments,Nespak 041,Cabinet Division,Lahore - Pakistan,Published,"Sep 30, 2026","Oct 15, 2026",11:00 AM,https://epms.ppra.gov.pk/public/tenders/tender-details/TS0000014973E,Goods/Supplies,2026-10-15,2026-10-05T06:27:10.880745
370,TS0000014974E,Services for relocation of ACs at Karachi Airport Into-plane facility.,,Services,AM-20077-SI,Pakistan State Oil (PSO),Karachi - Pakistan,Published,"Sep 30, 2026","Oct 15, 2026",02:15 PM,https://epms.ppra.gov.pk/public/tenders/tender-details/TS0000014974E,Services,2026-10-15,2026-10-05T06:27:10.880745
371,TS0000014975E,Frontier Foundation welfare Hospital and Blood Transfusion services,Frontier Foundation Welfare Hospital & Blood...,Health/Medicines,PC/FF/003/PSW,"Ministry of National Health Services, Regulation & Coordination",Peshawar - Pakistan,Published,"Sep 30, 2026","Oct 15, 2026",11:00 AM,https://epms.ppra.gov.pk/public/tenders/tender-details/TS0000014975E,Medical/Health,2026-10-15,2026-10-05T06:27:10.880745
372,TS0000014985E,Tender No. 4454 SERVICES OF WAN SECONDARY INTERNET CIR CONNECTIVITY FOR REMOTE SITES AND MPLS SECONDARY DATA CONNECTIVITY BETWEEN DATA CENTER AND DISASTER RECOVERY SITE,AND INTERNET CONNECTIVITY CIR AT PR (IT DIRECTORATE AND QUEENS ROAD LAHORE) Miscellaneous,Tender No. 4454 SERVICES OF WAN SECONDARY INTERNET CIR CONNECTIVITY FOR REMOTE SITES AND MPLS SECONDARY DATA CONNECTIVITY BETWEEN DATA CENTER AND DISASTER RECOVERY SITE,AND INTERNET CONNECTIVITY CIR AT PR (IT DIRECTORATE AND QUEENS ROAD LAHORE),Ministry of Energy (Power Division),Lahore - Pakistan,Published,"Sep 30, 2026","Oct 15, 2026",10:30 AM,https://epms.ppra.gov.pk/public/tenders/tender-details/TS0000014985E,Services,2026-10-15,2026-10-05T06:27:10.880745
373,TS0000014996E,Purchase of feed items FY 2026/27,,Food Items,3022/Farm/Q5-CPP1JZB,Ministry of Defence,Jhelum - Pakistan,Published,"Sep 30, 2026","Oct 15, 2026",11:00 AM,https://epms.ppra.gov.pk/public/tenders/tender-details/TS0000014996E,Goods/Supplies,2026-10-15,2026-10-05T06:27:10.880745
374,TS0000014998E,Procurement of Miscellaneous Training Items (Fixed ATG),Procurement of Miscellaneous Training Items...,Miscellaneous,5,Ministry of Defence,Dera Ismail Khan - Pakistan,Published,"Sep 30, 2026","Oct 15, 2026",10:30 AM,https://epms.ppra.gov.pk/public/tenders/tender-details/TS0000014998E,Goods/Supplies,2026-10-15,2026-10-05T06:27:10.880745
375,TS0000014999E,Stationary,,Stationery,P140550,Ministry of Federal Education and Professional Training,Islamabad - Pakistan,Published,"Sep 30, 2026","Oct 15, 2026",10:00 AM,https://epms.ppra.gov.pk/public/tenders/tender-details/TS0000014999E,Goods/Supplies,2026-10-15,2026-10-05T06:27:10.880745
376,TS0000015000E,Tender for Provision of Nationwide Courier Services for ETC Test Material & Sealed Boxes and Normal Mails,Single Stage-Two Envelope will be used by adopting Quality & Cost Based Selection (QCBS) Technique for the subject procurement Higher Education Commission (HEC) invites Bids...,Services,HEC-0346,Higher Education Commission (HEC),Islamabad - Pakistan,Published,"Sep 30, 2026","Oct 15, 2026",11:30 AM,https://epms.ppra.gov.pk/public/tenders/tender-details/TS0000015000E,Services,2026-10-15,2026-10-05T06:27:10.880745
377,TS0000015001E,Hiring of Social Media and Content Development Agency,The Ministry of Parliamentary Affairs invites...,Services,P136581,Ministry of Parliamentary Affairs,Islamabad - Pakistan,Published,"Sep 30, 2026","Oct 15, 2026",10:00 AM,https://epms.ppra.gov.pk/public/tenders/tender-details/TS0000015001E,Services,2026-10-15,2026-10-05T06:27:10.880745
378,TS0000015007E,Purchase of Sub Head 'B' Store for RTE,Bazar Supply Purchase of Sub Head 'B' Store for RTE,Miscellaneous,01,Ministry of Defence,Peshawar - Pakistan,Published,"Sep 30, 2026","Oct 15, 2026",11:30 AM,https://epms.ppra.gov.pk/public/tenders/tender-details/TS0000015007E,Goods/Supplies,2026-10-15,2026-10-05T06:27:10.880745
379,TS0000015008E,"Provision of Certain Facilities at ""MM"" at CMES PAF Base Samungli","Provision of Certain Facilities at ""MM"" at CMES PAF Base Samungli Provision of Certain Facilities at ""MM""...",Civil Works,6000-Adv/25/E6 dated 22 Sep 2026,Ministry of Defence,Quetta - Pakistan,Published,"Sep 30, 2026","Oct 15, 2026",12:00 PM,https://epms.ppra.gov.pk/public/tenders/tender-details/TS0000015008E,Construction/Works,2026-10-15,2026-10-05T06:27:10.880745
380,TS0000015009E,"PROCUREMENT OF POL PRODUCTS AERO LUBES (OX-9, OM-10, OM-15 & 210A)",,Miscellaneous,PACB/721/281025033/0841/P-3,Ministry of Defence Production,Rawalpindi - Pakistan,Published,"Sep 30, 2026","Oct 15, 2026",10:30 AM,https://epms.ppra.gov.pk/public/tenders/tender-details/TS0000015009E,Goods/Supplies,2026-10-15,2026-10-05T06:27:10.880745
381,TS0000015010E,Purchase of Feed Items - MF Malir Cantt,"Purchase of Feed Ingredients at Mil Farm Malir Cantt Purchase of Feed Items Corn Grain, Canola Meal ,...",Civil Goods,11,Ministry of Defence,Okara - Pakistan,Published,"Sep 30, 2026","Oct 15, 2026",11:00 AM,https://epms.ppra.gov.pk/public/tenders/tender-details/TS0000015010E,Defence/Military,2026-10-15,2026-10-05T06:27:10.880745
382,TS0000015013E,Request for Proposals for Tax Advisory Services,,Services,P141003,Ministry of Finance,Islamabad - Pakistan,Published,"Sep 30, 2026","Oct 15, 2026",11:00 AM,https://epms.ppra.gov.pk/public/tenders/tender-details/TS0000015013E,Services,2026-10-15,2026-10-05T06:27:10.880745
383,TS0000015016E,Purchase of Miscellaneous items and Equipment for multiple department,Institute of Space Technology INVITATION TO BID...,Equipments,IST/Proc/26-27/03,Ministry of Defence,Islamabad - Pakistan,Published,"Sep 30, 2026","Oct 15, 2026",11:30 AM,https://epms.ppra.gov.pk/public/tenders/tender-details/TS0000015016E,Goods/Supplies,2026-10-15,2026-10-05T06:27:10.880745
384,TS0000015017E,Photocopiers,Photocopier,Miscellaneous,BWP/TE/002/26,Sui Northern Gas Pipelines Limited (SNGPL),Sadiqabad - Pakistan,Published,"Sep 30, 2026","Oct 15, 2026",03:00 PM,https://epms.ppra.gov.pk/public/tenders/tender-details/TS0000015017E,Other,2026-10-15,2026-10-05T06:27:10.880745
385,TS0000015021E,PNS RAHBAR TENDER,,Services,RAHBAR/01,Pakistan Navy,Karachi - Pakistan,Published,"Sep 30, 2026","Oct 15, 2026",10:30 AM,https://epms.ppra.gov.pk/public/tenders/tender-details/TS0000015021E,Services,2026-10-15,2026-10-05T06:27:10.880745
386,TS0000015023E,"Upgradation M/s Mehr Ashiq& Co Ex: Zoom fs,Islamabad Div",- Upgradation of M/s Mehr Ashiq& Co Ex: Zoom...,Appliances,RC-19969-AM,Pakistan State Oil (PSO),Karachi - Pakistan,Published,"Sep 30, 2026","Oct 15, 2026",02:15 PM,https://epms.ppra.gov.pk/public/tenders/tender-details/TS0000015023E,Other,2026-10-15,2026-10-05T06:27:10.880745
387,TS0000015024E,Construction of Car Parking Shed at Sihala Installation,- Construction of Car Parking Shed at Sihala...,Appliances,OP-20075-AM,Pakistan State Oil (PSO),Karachi - Pakistan,Published,"Sep 30, 2026","Oct 15, 2026",02:15 PM,https://epms.ppra.gov.pk/public/tenders/tender-details/TS0000015024E,Construction/Works,2026-10-15,2026-10-05T06:27:10.880745
388,TS0000015025E,"TENDER FOR FUMIGATION AND MALARIA / DENGUE / DERATING / RODENTS / TERMITES CONTROL SPRAY SERVICES IN PQA AREAS / OFFICES, PQA CRAFTS AND PQA HOUSING COMPLEX 2026-28",The Port Qasim Authority (Port Qasim Authority -...,Services,P108688,Ministry of Maritime Affairs,Karachi - Pakistan,Published,"Sep 30, 2026","Oct 15, 2026",11:00 AM,https://epms.ppra.gov.pk/public/tenders/tender-details/TS0000015025E,Services,2026-10-15,2026-10-05T06:27:10.880745
389,TS0000015026E,Tender Notice for shifting of generator sets AFIU Rwp FY-2026-27,,Electrical Items,180/Q-AFIU,Armed Forces Institute Of Urology (AFIU),Rawalpindi - Pakistan,Published,"Sep 30, 2026","Oct 15, 2026",10:00 AM,https://epms.ppra.gov.pk/public/tenders/tender-details/TS0000015026E,Energy/Utilities,2026-10-15,2026-10-05T06:27:10.880745
390,TS0000015028E,Driving Service Required for RM Office Islamabad,RM-A4951-SZ,Services,RM-A4951-SZ,Pakistan State Oil (PSO),Karachi - Pakistan,Published,"Sep 30, 2026","Oct 15, 2026",02:15 PM,https://epms.ppra.gov.pk/public/tenders/tender-details/TS0000015028E,Services,2026-10-15,2026-10-05T06:27:10.880745
391,TS0000010184E,CORRIGENDUM INVITATION TO BID PROCUREMENT OF QTY. 03 HOLD BAGGAGE CT SCANNING MACHINES FOR PAA AIRPORTS I/T NO. HQPAA/1992/371/XXLN,CORRIGENDUM INVITATION TO BID PROCUREMENT OF QTY. 03 HOLD BAGGAGE CT SCANNING MACHINES FOR PAA AIRPORTS I/T NO. HQPAA/1992/371/XXLN CORRIGENDUM INVITATION TO BID PROCUREMENT OF QTY....,Miscellaneous,12433F,Pakistan Airports Authority (PAA),Karachi - Pakistan,PublishedCorrigendum,"Sep 30, 2026","Oct 15, 2026",11:00 AM,https://epms.ppra.gov.pk/public/tenders/tender-details/TS0000010184E,Goods/Supplies,2026-10-15,2026-10-05T06:27:10.880745
392,TS0000013493E,01 x Mobile Crane (40-TON),01 x Mobile Crane (40-TON),Miscellaneous,2690039/R2609/360092,Directorate of Procurement (Navy),Islamabad - Pakistan,PublishedCorrigendum,"Sep 30, 2026","Oct 13, 2026",10:30 AM,https://epms.ppra.gov.pk/public/tenders/tender-details/TS0000013493E,Other,2026-10-13,2026-10-05T06:27:10.880745
393,TS0000013933E,Cyber Security Services,,Services,P119398,Ministry of Foreign Affairs,Islamabad - Pakistan,PublishedCorrigendum,"Sep 30, 2026","Oct 12, 2026",11:30 AM,https://epms.ppra.gov.pk/public/tenders/tender-details/TS0000013933E,Services,2026-10-12,2026-10-05T06:27:10.880745
394,TS0000013399E,14XLINE ITEMS (GYM AND SPORTS EQUIPMENT ) FOR 2ND FP BN,14XLINE ITEMS (GYM AND SPORTS EQUIPMENT ) FOR 2ND...,Equipments,2590392/R2601/360442,Directorate of Procurement (Navy),Islamabad - Pakistan,PublishedCorrigendum,"Sep 30, 2026","Oct 08, 2026",10:30 AM,https://epms.ppra.gov.pk/public/tenders/tender-details/TS0000013399E,Goods/Supplies,2026-10-08,2026-10-05T06:27:10.880745
395,TS0000013365E,Supply and Installation of a Magnetostrictive Tank Gauging System for 07 Horizontal Storage Tanks,Supply and Installation of a Magnetostrictive...,Equipments,IT-19988-SR,Pakistan State Oil (PSO),Karachi - Pakistan,PublishedCorrigendum,"Sep 30, 2026","Oct 07, 2026",02:15 PM,https://epms.ppra.gov.pk/public/tenders/tender-details/TS0000013365E,IT/Technology,2026-10-07,2026-10-05T06:27:10.880745
396,TS0000013366E,Supply & Installation of Radar Tank Gauging System for 20 Storage Tanks,Supply & Installation of Radar Tank Gauging...,Equipments,IT-19995-SR,Pakistan State Oil (PSO),Karachi - Pakistan,PublishedCorrigendum,"Sep 30, 2026","Oct 07, 2026",02:15 PM,https://epms.ppra.gov.pk/public/tenders/tender-details/TS0000013366E,IT/Technology,2026-10-07,2026-10-05T06:27:10.880745
397,TS0000013042E,"MT Spares, Avn, Engrs Store, Tank Spare, POL, Medicine, Medical , Disposable & Lab Kits & Implants","7 x P-1, 1 x P-2, 1x P-3, 5 x P-7, 1 x P-12/13,7 x P-14, 29 x P-25, 30 x P-26, 6 x P-27, 1 x P-28 & 19 x P-29 Corrigendum against Tender no.03-0993-00/P-3...",Miscellaneous,"7 x P-1, 1 x P-2, 1x P-3, 5 x P-7, 1 x P-12/13,7 x P-14, 29 x P-25, 30 x P-26, 6 x P-27, 1 x P-28 & 19 x P-29",Directorate General Procurement (Army),Rawalpindi. - Pakistan,PublishedCorrigendum,"Sep 29, 2026","Dec 07, 2026",10:30 AM,https://epms.ppra.gov.pk/public/tenders/tender-details/TS0000013042E,Medical/Health,2026-12-07,2026-10-05T06:27:10.880745
398,TS0000014876E,AFD-TL-03-2026: Procurement of Transmission Line Conductor for 220kV Transmission Lines associated with 500/220kV Sialkot & 220kV Arifwala Substations,AFD-TL-03-2026: Procurement of Transmission Line...,Civil Goods,AFD-TL-03-2026: Procurement of Transmission Line Conductor for 220kV Transmission Lines associated with 500/220kV Sialkot & 220kV Arifwala Substations,Ministry of Energy (Power Division),Lahore - Pakistan,Published,"Sep 29, 2026","Nov 27, 2026",11:00 AM,https://epms.ppra.gov.pk/public/tenders/tender-details/TS0000014876E,Goods/Supplies,2026-11-27,2026-10-05T06:27:10.880745
399,TS0000014897E,"Cutting Disk, Grinding Disk, Arborknotted Power Wire Brush, Welding Cable, Welding Electrode Holder and Cable","Cutting Disk, Grinding Disk, Arborknotted Power...",Miscellaneous,SN-4804/26,Sui Northern Gas Pipelines Limited (SNGPL),Islamabad - Pakistan,Published,"Sep 29, 2026","Nov 04, 2026",02:30 PM,https://epms.ppra.gov.pk/public/tenders/tender-details/TS0000014897E,Energy/Utilities,2026-11-04,2026-10-05T06:27:10.880745
400,TS0000012093E,Domestic Gas Meters G-1.6 & G-4,"Domestic Gas Meters G-1.6 & G-4, 02 Items (960,000 Nos.) Domestic Gas Meters G-1.6 & G-4",Miscellaneous,SND-2612/26,Sui Northern Gas Pipelines Limited (SNGPL),Islamabad - Pakistan,PublishedCorrigendum,"Sep 29, 2026","Nov 04, 2026",02:30 PM,https://epms.ppra.gov.pk/public/tenders/tender-details/TS0000012093E,Energy/Utilities,2026-11-04,2026-10-05T06:27:10.880745
401,TS0000014894E,Steel Line Pipe,Steel Line Pipe,Miscellaneous,SN-4803/26,Sui Northern Gas Pipelines Limited (SNGPL),Islamabad - Pakistan,Published,"Sep 29, 2026","Nov 04, 2026",02:30 PM,https://epms.ppra.gov.pk/public/tenders/tender-details/TS0000014894E,Other,2026-11-04,2026-10-05T06:27:10.880745
402,TS0000014891E,UP-GRADATION OF ESS TESTING FACILITY (SOLAR RADIATION TEST & BURN-IN TEST STATION),MD APF,Miscellaneous,"PACB/786-A/26211016/0538/P-4, PACB/786-A/26216023/0540/P-4",Ministry of Defence Production,Rawalpindi - Pakistan,Published,"Sep 29, 2026","Nov 03, 2026",10:30 AM,https://epms.ppra.gov.pk/public/tenders/tender-details/TS0000014891E,Energy/Utilities,2026-11-03,2026-10-05T06:27:10.880745
403,TS0000014873E,PROCUREMENT OF K-8P A/C Spares,,Miscellaneous,PACB/721/230925017/0837/P-3,Ministry of Defence Production,Rawalpindi - Pakistan,Published,"Sep 29, 2026","Oct 30, 2026",10:30 AM,https://epms.ppra.gov.pk/public/tenders/tender-details/TS0000014873E,Goods/Supplies,2026-10-30,2026-10-05T06:27:10.880745
404,TS0000014874E,SERVICING / SPINDLE OVERHAULING OF CNC MACHINE (CNC 3-AXIS JIG BORING MACHINE),,Miscellaneous,PACB/721/221025028/0838/P-3,Ministry of Defence Production,Rawalpindi - Pakistan,Published,"Sep 29, 2026","Oct 30, 2026",10:30 AM,https://epms.ppra.gov.pk/public/tenders/tender-details/TS0000014874E,Other,2026-10-30,2026-10-05T06:27:10.880745
405,TS0000014877E,PROCUREMENT OF F-7PG & FT-7PG A/C SPARES,,Miscellaneous,PACB/721/230925016/0839/P-3,Ministry of Defence Production,Rawalpindi - Pakistan,Published,"Sep 29, 2026","Oct 30, 2026",10:30 AM,https://epms.ppra.gov.pk/public/tenders/tender-details/TS0000014877E,Goods/Supplies,2026-10-30,2026-10-05T06:27:10.880745
406,TS0000014878E,PROCUREMENT OF SPARES FOR PEC COMPONENTS FOR JF-17 A/C,,Miscellaneous,PACB/721/110325034/0840/P-3,Ministry of Defence Production,Rawalpindi - Pakistan,Published,"Sep 29, 2026","Oct 30, 2026",10:30 AM,https://epms.ppra.gov.pk/public/tenders/tender-details/TS0000014878E,Goods/Supplies,2026-10-30,2026-10-05T06:27:10.880745
407,TS0000014838E,PROCUREMENT OF NEW DRY GRIT BLASTING MACHINE,,Miscellaneous,PACB/741/62042001/0975/P-1,Ministry of Defence Production,Rawalpindi - Pakistan,Published,"Sep 29, 2026","Oct 29, 2026",10:30 AM,https://epms.ppra.gov.pk/public/tenders/tender-details/TS0000014838E,Goods/Supplies,2026-10-29,2026-10-05T06:27:10.880745
408,TS0000014839E,PROCUREMENT OFXRF PORTABLE METAL ANALYZER,,Miscellaneous,PACB/741/62102002/0976/P-1,Ministry of Defence Production,Rawalpindi - Pakistan,Published,"Sep 29, 2026","Oct 29, 2026",10:30 AM,https://epms.ppra.gov.pk/public/tenders/tender-details/TS0000014839E,Goods/Supplies,2026-10-29,2026-10-05T06:27:10.880745
409,TS0000014871E,"Procurement of Tyres for Buses at NUST Balochistan Campus (NBC), Quetta",,Vehicles,P136500,Ministry of Science and Technology,Quetta - Pakistan,Published,"Sep 29, 2026","Oct 29, 2026",11:00 AM,https://epms.ppra.gov.pk/public/tenders/tender-details/TS0000014871E,Defence/Military,2026-10-29,2026-10-05T06:27:10.880745
410,TS0000014892E,provision of Unit Furniture against Dft Garrison HQ Mangla,,Civil Goods,700/1601/05/QF dated 29 Sep 2026,Ministry of Defence,Jhelum - Pakistan,Published,"Sep 29, 2026","Oct 27, 2026",11:30 AM,https://epms.ppra.gov.pk/public/tenders/tender-details/TS0000014892E,Other,2026-10-27,2026-10-05T06:27:10.880745
411,TS0000014233E,Steel Grit,Steel Grit,Miscellaneous,SN-4802/26,Sui Northern Gas Pipelines Limited (SNGPL),Islamabad - Pakistan,PublishedCorrigendum,"Sep 29, 2026","Oct 26, 2026",02:30 PM,https://epms.ppra.gov.pk/public/tenders/tender-details/TS0000014233E,Other,2026-10-26,2026-10-05T06:27:10.880745
412,TS0000014849E,"331-Reconstruction of RCC slab of old ITOD area at 2nd floor of Bolton Market Building, SBP Head Office Karachi",,Civil Works,ED/PROC-HOK/1226973/2026/331,State Bank of Pakistan (SBP),Karachi - Pakistan,Published,"Sep 29, 2026","Oct 22, 2026",12:00 PM,https://epms.ppra.gov.pk/public/tenders/tender-details/TS0000014849E,Construction/Works,2026-10-22,2026-10-05T06:27:10.880745
413,TS0000014851E,"332-Renovation of Lift Lobby & Dining Area Outside the Auditorium at 3rd Floor, LRC Building SBP Head Office Karachi",,Civil Works,ED/PROC-HOK/1226973/2026/332,State Bank of Pakistan (SBP),Karachi - Pakistan,Published,"Sep 29, 2026","Oct 22, 2026",12:00 PM,https://epms.ppra.gov.pk/public/tenders/tender-details/TS0000014851E,Construction/Works,2026-10-22,2026-10-05T06:27:10.880745
414,TS0000014852E,"333-Replacement of batteries in 200KVA UPS of Bullion Lifts at Main Building, SBP Head Office Karachi",,Electrical Items,ED/PROC-HOK/1226973/2026/333,State Bank of Pakistan (SBP),Karachi - Pakistan,Published,"Sep 29, 2026","Oct 22, 2026",12:00 PM,https://epms.ppra.gov.pk/public/tenders/tender-details/TS0000014852E,Construction/Works,2026-10-22,2026-10-05T06:27:10.880745
415,TS0000014862E,PROC OF PNEUMATIC DRILLING TOOLS,TENDER NO PACB/751-A/250826031/P-2 PROC OF...,Miscellaneous,PACB/751-A/250826031/1295/P-2,Ministry of Defence Production,Rawalpindi - Pakistan,Published,"Sep 29, 2026","Oct 22, 2026",10:30 AM,https://epms.ppra.gov.pk/public/tenders/tender-details/TS0000014862E,Goods/Supplies,2026-10-22,2026-10-05T06:27:10.880745
416,TS0000014867E,PROC OF DRILLS AND REAMERS FOR CNC MACHINES,TENDER NO PACB/751-A/310826038/1297/P-2 PROC OF...,Miscellaneous,PACB/751-A/310826038/1297/P-2,Ministry of Defence Production,Rawalpindi - Pakistan,Published,"Sep 29, 2026","Oct 22, 2026",10:30 AM,https://epms.ppra.gov.pk/public/tenders/tender-details/TS0000014867E,Other,2026-10-22,2026-10-05T06:27:10.880745
417,TS0000014844E,TENDER FOR HT/ LT STRUCTURE IRO PROPOSED 11-KV INDEP. FEEDER FOR ELECTRICAL VEHICLES STATION AT CHUR CHOWK EMANATING FROM 132-KV KTM G/S SHIFTING OF LOAD 11-KV KRL FEEDER,EMANATING FROM 132-KV SHAKRIAL G/S IRO CITY CONST. DIV. RWP (T. NO. 39/2026-27) TENDER FOR HT/ LT STRUCTURE IRO PROPOSED 11-KV...,Civil Works,39/2026-27,Islamabad Electric Supply Company (IESCO),Islamabad - Pakistan,Published,"Sep 29, 2026","Oct 21, 2026",09:30 AM,https://epms.ppra.gov.pk/public/tenders/tender-details/TS0000014844E,Construction/Works,2026-10-21,2026-10-05T06:27:10.880745
418,TS0000014846E,TENDER FOR OF HT/LT STRUCTURES AND HT/LT PC SPUN POLES IN TEHSIL MURREE AND KOTLI SATTIIAN DISTRICT MURREE AND SIMILAR NATURE OF WORK GOT TO BE EXECUTED IRO CONST.,DIVISION IESCO ISLAMABAD (T. NO. 40/2026-27) TENDER FOR OF HT/LT STRUCTURES AND HT/LT PC SPUN...,Civil Works,40/2026-27,Islamabad Electric Supply Company (IESCO),Islamabad - Pakistan,Published,"Sep 29, 2026","Oct 21, 2026",09:30 AM,https://epms.ppra.gov.pk/public/tenders/tender-details/TS0000014846E,Construction/Works,2026-10-21,2026-10-05T06:27:10.880745
419,TS0000014900E,"TENDER NOTICE (REVERSE PROCUREMENT) BUSINESS OPPORTUNITY AT QUETTA INTERNATIONAL AIRPORT ESTABLISH, MAINTAIN AND OPERATE “TRAVEL REQUISITE, GIFTS & HANDICRAFT","SHOP” ON SPACE MEASURING 114 SQ.FT. IN INTERNATIONAL DEPARTURE LOUNGE OF QIAP, QUETTA TENDER NOTICE (REVERSE PROCUREMENT) BUSINESS OPPORTUNITY AT QUETTA INTERNATIONAL AIRPORT ESTABLISH, MAINTAIN AND OPERATE “TRAVEL REQUISITE, GIFTS & HANDICRAFT SHOP” ON SPACE MEASURING 114 SQ.FT. IN INTERNATIONAL DEPARTURE LOUNGE OF QIAP, QUETTA TENDER NOTICE (REVERSE PROCUREMENT) BUSINESS...",Services,12590,Pakistan Airports Authority (PAA),Karachi - Pakistan,Published,"Sep 29, 2026","Oct 20, 2026",11:00 AM,https://epms.ppra.gov.pk/public/tenders/tender-details/TS0000014900E,Services,2026-10-20,2026-10-05T06:27:10.880745
420,TS0000014909E,DISPOSAL/AUCTION NOTICE,INVITATION TO e-BIDS FOR DISPOSAL / AUCTION Invitation to e-bids through EPADS v2.0 for...,Civil Goods,D10445,Federal Government Organization,Islamabad - Pakistan,Published,"Sep 29, 2026","Oct 20, 2026",11:00 AM,https://epms.ppra.gov.pk/public/tenders/tender-details/TS0000014909E,Auction/Land,2026-10-20,2026-10-05T06:27:10.880745
421,TS0000014931E,REPAIR AND MAINTENANCE OF KPT QUARTER NO. FK-26 AT KV 1 2 CHINA CREEK (KEMARI),REPAIR AND MAINTENANCE OF KPT QUARTER NO. FK-26  AT KV 1 2 CHINA CREEK (KEMARI) REPAIR AND MAINTENANCE OF KPT QUARTER NO. FK-26...,Repair/Maintenance,P-134394 E/CS-2(254)/,Ministry of Maritime Affairs,Karachi - Pakistan,Published,"Sep 29, 2026","Oct 20, 2026",10:30 AM,https://epms.ppra.gov.pk/public/tenders/tender-details/TS0000014931E,Services,2026-10-20,2026-10-05T06:27:10.880745
422,TS0000012705E,TENDER NO. TLE-02-2026,"FOR DESIGN, MANUFACTURE, PROCUREMENT, SUPPLY, INSTALLATION, TESTING & COMMISSIONING OF 500 KV TRANSMISSION LINES FOR PHASE-1 OF C-5 POWER EVACUATION SCHEME TENDER NO. TLE-02-2026: FOR DESIGN, MANUFACTURE,...",Civil Works,TENDER NO. TLE-02-2026,Ministry of Energy (Power Division),Lahore - Pakistan,PublishedCorrigendum,"Sep 29, 2026","Oct 20, 2026",11:00 AM,https://epms.ppra.gov.pk/public/tenders/tender-details/TS0000012705E,Construction/Works,2026-10-20,2026-10-05T06:27:10.880745
423,TS0000014872E,Fabrication and Calibration of 300 Ltrs Diesel Fuel Tank at SBP BSC (Bank) Sukkur,Fabrication and Calibration of 300 Ltrs Diesel...,Civil Works,P109621,State Bank of Pakistan (SBP),Sukkur - Pakistan,Published,"Sep 29, 2026","Oct 20, 2026",11:00 AM,https://epms.ppra.gov.pk/public/tenders/tender-details/TS0000014872E,Construction/Works,2026-10-20,2026-10-05T06:27:10.880745
424,TS0000014814E,"Pre-qualification for construction, re-construction, repair and maintenance of Postal Departmental Buildings.",Director General Pakistan Post office Department...,Civil Works,FFW10051,Ministry of Communications,Islamabad - Pakistan,Published,"Sep 29, 2026","Oct 19, 2026",11:00 AM,https://epms.ppra.gov.pk/public/tenders/tender-details/TS0000014814E,Construction/Works,2026-10-19,2026-10-05T06:27:10.880745
425,TS0000014840E,NOTICE OF TENDER,,Civil Works,PR - 9/26-27,Ministry of Defence,Islamabad - Pakistan,Published,"Sep 29, 2026","Oct 19, 2026",11:30 AM,https://epms.ppra.gov.pk/public/tenders/tender-details/TS0000014840E,Construction/Works,2026-10-19,2026-10-05T06:27:10.880745
426,TS0000014842E,"TENDER FOR CONST. OF 2X2 DUCT LINE WITH MANHOLES, ROAD/GATE/PATH CROSSING, CONST. OF RCC BASES/PLINTHS (i) 03MW TO NDC IN HMC TAXILA (ii) UPGRAD. STRENGTHENING OF","PRACTICAL TRAINING YARD (iii) 11KV PASWAL FEEDER IRO RE DIV. TAXILA (T. NO. 38/2026-27) TENDER FOR CONST. OF 2X2 DUCT LINE WITH MANHOLES,...",Civil Works,38/2026-27,Islamabad Electric Supply Company (IESCO),Islamabad - Pakistan,Published,"Sep 29, 2026","Oct 19, 2026",09:30 AM,https://epms.ppra.gov.pk/public/tenders/tender-details/TS0000014842E,Construction/Works,2026-10-19,2026-10-05T06:27:10.880745
427,TS0000014895E,Celebration of Religious Festivals,"celebration of Diwali, Christmas, Holi, Easter,...",Miscellaneous,F.No.4(3)/2023-IH,Ministry of Religious Affairs & Interfaith Harmony,Islamabad - Pakistan,Published,"Sep 29, 2026","Oct 19, 2026",11:00 AM,https://epms.ppra.gov.pk/public/tenders/tender-details/TS0000014895E,Other,2026-10-19,2026-10-05T06:27:10.880745
428,TS0000014899E,Open Auction for Collection Rights of Parking Fee,Open Auction for Rights of Collection Rights of Parking Fee Open Auction for Collection Rights of Parking...,Services,30/34/2036,Military Lands & Cantonments (ML&C),Abbottabad - Pakistan,Published,"Sep 29, 2026","Oct 16, 2026",11:00 AM,https://epms.ppra.gov.pk/public/tenders/tender-details/TS0000014899E,Services,2026-10-16,2026-10-05T06:27:10.880745
429,TS0000014922E,PRODUCTIVITY ENHANCEMENT THROUGH INSTALLATION OF SOLAR POWERED HIGH EFFICIENCY IRRIGATION SYSTEM IN ISLAMABAD CAPITAL TERRITORY,,Appliances,FFW10269,Ministry of Interior and Narcotics Control,Islamabad - Pakistan,Published,"Sep 29, 2026","Oct 16, 2026",11:30 AM,https://epms.ppra.gov.pk/public/tenders/tender-details/TS0000014922E,IT/Technology,2026-10-16,2026-10-05T06:27:10.880745
430,TS0000014836E,"Miscellaneous, Major, Minor Maintenance works, TC/DC and Miscellaneous furniture items at E-8 Sector Islamabad",,Civil Works,File No. 6220/304/E-6,Ministry of Defence,Islamabad - Pakistan,Published,"Sep 29, 2026","Oct 16, 2026",11:30 AM,https://epms.ppra.gov.pk/public/tenders/tender-details/TS0000014836E,Construction/Works,2026-10-16,2026-10-05T06:27:10.880745
431,TS0000013566E,Construction of Civil Works for CC Plat From With Chain Link Fencing Enclosure for TBS Assembly (50’ x 30’) At By-Pass Hyderabad (As Per /BOQ) (Having Valid PEC,Certificate Category C-6 or Above Specialization Code CE-10) (Under Single Stage One Envelope Bidding Procedure) (On Complete Package Basis). Construction of Civil Works for CC Plat From With Chain Link Fencing Enclosure for TBS Assembly (50’ x 30’) At By-Pass Hyderabad (As Per /BOQ) (Having Valid PEC Certificate Category C-6 or Above Specialization Code CE-10) (Under Single Stage One Envelope Bidding Procedure) (On Complete Package Basis). Construction of Civil Works for CC Plat From With...,Services,SSGC/SC/NR/EPADS2/14447,Ministry of Energy (Petroleum Division),Karachi - Pakistan,PublishedCorrigendum,"Sep 29, 2026","Oct 16, 2026",11:00 AM,https://epms.ppra.gov.pk/public/tenders/tender-details/TS0000013566E,Construction/Works,2026-10-16,2026-10-05T06:27:10.880745
432,TS0000014870E,Hiring of Space in Islamabad for NGC Offices,Hiring of Space in Islamabad for NGC Offices,Miscellaneous,Hiring of Space in Islamabad for NGC Offices,Ministry of Energy (Power Division),Lahore - Pakistan,Published,"Sep 29, 2026","Oct 16, 2026",11:00 AM,https://epms.ppra.gov.pk/public/tenders/tender-details/TS0000014870E,Other,2026-10-16,2026-10-05T06:27:10.880745
433,TS0000014875E,T-4168(B)/26/AA PROCUREMENT OF MICR RED BLEED RIBBONS,,Miscellaneous,T-4168(B)/26/AA PROCUREMENT OF MICR RED BLEED RIBBONS,Pakistan Security Printing Corporaion (PSPC),Islamabad - Pakistan,Published,"Sep 29, 2026","Oct 16, 2026",11:00 AM,https://epms.ppra.gov.pk/public/tenders/tender-details/TS0000014875E,Goods/Supplies,2026-10-16,2026-10-05T06:27:10.880745
434,TS0000014882E,"Cleaning of underground septic tanks in Cantt Bazar Treatment Plant, Malir Cantt","TECHNICAL SPECIFICATIONS Name of Work: Cleaning,...",Services,P139119,Ministry of Defence,Karachi - Pakistan,Published,"Sep 29, 2026","Oct 16, 2026",02:00 PM,https://epms.ppra.gov.pk/public/tenders/tender-details/TS0000014882E,Services,2026-10-16,2026-10-05T06:27:10.880745
435,TS0000014898E,AVIATION SPARES DEPOT (EME) IT-5,IT-5,"Petroleum, Oil & Lubricants",AVIATION SPARES DEPOT (EME) IT-5,Ministry of Defence,multan - Pakistan,Published,"Sep 29, 2026","Oct 15, 2026",11:30 AM,https://epms.ppra.gov.pk/public/tenders/tender-details/TS0000014898E,Energy/Utilities,2026-10-15,2026-10-05T06:27:10.880745
436,TS0000014901E,"AMC FOR CLEANING AND JANITORIAL SERVICES IN STATE LIFE BUILDING SITUATED AT RAWALPINDI, ISLAMABAD AND GUJRAT","State Life Insurance Corporation of Pakistan invites bids via e-PADS from the original authorized distributers/supplier/contractors etc., having more than 05 years of relevant experience and have rendered such services in Federal Government organizations, Banks and Multi-National Companies in Pakistan and registered with the concerned authorities for “PROVIDNG CLEANING AND JANITORIAL SERVICES IN STATE LIFE BUILDING SITUATED AT RAWALPINDI, ISLAMABAD AND GUJRAT”. The firms should have proper office, telephone number, N.T.N and should be duly registered with e-PADS, FBR on the ATL & GST list PROVIDNG CLEANING AND JANITORIAL SERVICES IN...",Repair/Maintenance,SLIC/RE/JS/ISB/RWP/GUJ/014/07/2026,State Life Insurance Corporation of Pakistan,Islamabad - Pakistan,Published,"Sep 29, 2026","Oct 15, 2026",11:00 AM,https://epms.ppra.gov.pk/public/tenders/tender-details/TS0000014901E,Construction/Works,2026-10-15,2026-10-05T06:27:10.880745
437,TS0000014903E,"Supply & Installation of Swimming Pool Heating System, Takatu Campus, BUITEMS.","Tender Notice BUITEMS, Quetta invites sealed bids along with 2%...",Miscellaneous,BUITEMS/DOP/PP-TDR/26-27/17,Higher Education Commission (HEC),islamabad - Pakistan,Published,"Sep 29, 2026","Oct 15, 2026",03:00 PM,https://epms.ppra.gov.pk/public/tenders/tender-details/TS0000014903E,IT/Technology,2026-10-15,2026-10-05T06:27:10.880745
438,TS0000014907E,"Hiring of 30 KVA Diesel Generator for SNGPL, Sub Area Pabbi, Peshawar Region","Hiring of 30 KVA Diesel Generator for SNGPL, Sub...",Services,P138339,Sui Northern Gas Pipelines Limited (SNGPL),Peshawar - Pakistan,Published,"Sep 29, 2026","Oct 15, 2026",10:00 AM,https://epms.ppra.gov.pk/public/tenders/tender-details/TS0000014907E,Services,2026-10-15,2026-10-05T06:27:10.880745
439,TS0000014911E,Procurement of Misc Items from local and Import,"Procurement of Misc Items from local and Import Tender Notice# HMC-50/2026 (Due on 06-10-2026),...",Miscellaneous,HMC-50/2026 HMC-51/2026,Heavy Mechanical Complex,Taxila - Pakistan,Published,"Sep 29, 2026","Oct 15, 2026",02:00 PM,https://epms.ppra.gov.pk/public/tenders/tender-details/TS0000014911E,Goods/Supplies,2026-10-15,2026-10-05T06:27:10.880745
440,TS0000014920E,Ord Stores/ Equipment,Ord Stores/ Equipment,Miscellaneous,16/Normal/2026-27,Ministry of Defence,Rawalpindi - Pakistan,Published,"Sep 29, 2026","Oct 15, 2026",10:30 AM,https://epms.ppra.gov.pk/public/tenders/tender-details/TS0000014920E,Goods/Supplies,2026-10-15,2026-10-05T06:27:10.880745
441,TS0000014924E,Procurement of Land (Open Plots) for The Establishment of NADRA Office in Lahore Region,Procurement of Land (Open Plots) for The Establishment of NADRA Office in Lahore Region,Miscellaneous,NADRA-RHO LHR-RFB/2025-26/LAND PURCHASE/08,Ministry of Interior and Narcotics Control,Lahore - Pakistan,Published,"Sep 29, 2026","Oct 15, 2026",11:00 AM,https://epms.ppra.gov.pk/public/tenders/tender-details/TS0000014924E,Goods/Supplies,2026-10-15,2026-10-05T06:27:10.880745
442,TS0000014925E,"Laminations sheets, Spindle Brass etc.",As per detail in the tender documents,Miscellaneous,MNT/TE/050/26,Sui Northern Gas Pipelines Limited (SNGPL),Multan - Pakistan,Published,"Sep 29, 2026","Oct 15, 2026",03:00 PM,https://epms.ppra.gov.pk/public/tenders/tender-details/TS0000014925E,Other,2026-10-15,2026-10-05T06:27:10.880745
443,TS0000014927E,Gaskets,As per detail in the tender documents,Miscellaneous,MNT/TE/051/26,Sui Northern Gas Pipelines Limited (SNGPL),Multan - Pakistan,Published,"Sep 29, 2026","Oct 15, 2026",03:00 PM,https://epms.ppra.gov.pk/public/tenders/tender-details/TS0000014927E,Energy/Utilities,2026-10-15,2026-10-05T06:27:10.880745
444,TS0000014930E,REPAIR AND MAINTENANCE OF ALUMINUM INSTALLATION AT KPT HOSPITAL KEAMARI (RUNNING CONTRACT OF'6 MONTHS),REPAIR AND MAINTENANCE OF ALUMINUM INSTALLATION AT KPT HOSPITAL KEAMARI (RUNNING CONTRACT OF'6 MONTHS) REPAIR AND MAINTENANCE OF ALUMINUM INSTALLATION...,Repair/Maintenance,P-134116 E/CS-2(209)/,Ministry of Maritime Affairs,Karachi - Pakistan,Published,"Sep 29, 2026","Oct 15, 2026",10:00 AM,https://epms.ppra.gov.pk/public/tenders/tender-details/TS0000014930E,Medical/Health,2026-10-15,2026-10-05T06:27:10.880745
445,TS0000013396E,TENDER FOR FACADE FACELIFT & RESTORATION WORK OF PNSC BUILDING,for details please visit: https://pnsc.com.pk/tenders The Pakistan National Shipping Corporation...,Civil Works,P106762,Pakistan National Shipping Corporation (PNSC),Karachi - Pakistan,PublishedCorrigendum,"Sep 29, 2026","Oct 15, 2026",11:00 AM,https://epms.ppra.gov.pk/public/tenders/tender-details/TS0000013396E,Construction/Works,2026-10-15,2026-10-05T06:27:10.880745
446,TS0000013670E,Islamabad Club 846 KWp Solar Project (REQUEST FOR PROPOSAL),Islamabad Club 846 KWp Solar Project (REQUEST FOR PROPOSAL),Miscellaneous,P118903,Islamabad Club,Islamabad - Pakistan,PublishedCorrigendum,"Sep 29, 2026","Oct 15, 2026",11:00 AM,https://epms.ppra.gov.pk/public/tenders/tender-details/TS0000013670E,Energy/Utilities,2026-10-15,2026-10-05T06:27:10.880745
447,TS0000014289E,Provision of Rental Vehicles Services,,Vehicles,MOITT/DEEP/PMU/VEHICLES/2026-27,Ministry of Information Technology and Telecommunication (MoITT),Islamabad - Pakistan,PublishedCorrigendum,"Sep 29, 2026","Oct 15, 2026",03:01 PM,https://epms.ppra.gov.pk/public/tenders/tender-details/TS0000014289E,Services,2026-10-15,2026-10-05T06:27:10.880745
448,TS0000014837E,Procurement of Imported LPG 2500 MT for the Month of October 2026 (15th – 27th October 2026),Procurement of Imported LPG 2500 MT for the Month of October 2026 (15th – 27th October 2026) Procurement of Imported LPG 2500 MT for the Month...,"Petroleum, Oil & Lubricants",GF-20053-JA,Pakistan State Oil (PSO),Karachi - Pakistan,Published,"Sep 29, 2026","Oct 15, 2026",02:15 PM,https://epms.ppra.gov.pk/public/tenders/tender-details/TS0000014837E,Energy/Utilities,2026-10-15,2026-10-05T06:27:10.880745
449,TS0000014845E,"Procurement of Managed Network Switches, Wireless Access Points and Smart Network Rack with installation at Karachi, Lahore & Islamabad","Procurement of Managed Network Switches, Wireless...",Miscellaneous,(NICL/Procurement/2026/39),National Insurance Company Limited (NICL),Karachi - Pakistan,Published,"Sep 29, 2026","Oct 15, 2026",11:00 AM,https://epms.ppra.gov.pk/public/tenders/tender-details/TS0000014845E,IT/Technology,2026-10-15,2026-10-05T06:27:10.880745
450,TS0000014853E,"334-Bifurcation of Doctors Rooms at 2nd Floor BSC Building, SBP Head Office Karachi",,Civil Works,ED/PROC-HOK/1226973/2026/334,State Bank of Pakistan (SBP),Karachi - Pakistan,Published,"Sep 29, 2026","Oct 15, 2026",12:00 PM,https://epms.ppra.gov.pk/public/tenders/tender-details/TS0000014853E,Construction/Works,2026-10-15,2026-10-05T06:27:10.880745
451,TS0000014855E,"335-External Paint of Auditorium area of SBP LRC Building and Structural Repair Works on external side of HVAC Plant Room, SBP Head Office Karachi",,Civil Works,ED/PROC-HOK/1226973/2026/335,State Bank of Pakistan (SBP),Karachi - Pakistan,Published,"Sep 29, 2026","Oct 15, 2026",12:00 PM,https://epms.ppra.gov.pk/public/tenders/tender-details/TS0000014855E,Construction/Works,2026-10-15,2026-10-05T06:27:10.880745
452,TS0000014857E,"Printing of Journal Regional Studies, Selection from Regional Press, Spotlight, Focus, Books, Reports and Cards","Printing of Journal Regional Studies, Selection...",Civil Goods,P138084,Ministry of Foreign Affairs,Islamabad - Pakistan,Published,"Sep 29, 2026","Oct 15, 2026",11:00 AM,https://epms.ppra.gov.pk/public/tenders/tender-details/TS0000014857E,Other,2026-10-15,2026-10-05T06:27:10.880745
453,TS0000014859E,"PROCUREMENT, SUPPLY & INSTALLATION OF AIR CONDITIONERS AT NBP BRANCHES RO, MANSEHRA","PROCUREMENT, SUPPLY & INSTALLATION OF AIR...",Appliances,P121801,National Bank of Pakistan (NBP),Karachi - Pakistan,Published,"Sep 29, 2026","Oct 15, 2026",11:00 AM,https://epms.ppra.gov.pk/public/tenders/tender-details/TS0000014859E,Goods/Supplies,2026-10-15,2026-10-05T06:27:10.880745
454,TS0000014860E,INVITATION TO BID,"MISC ITEMS MECHANICAL SEALS , SODA ASH, GRAPHITE POWDER...",Miscellaneous,"0025,0026,0035 & 0037-LP-JBH-57",Pakistan Ordnance Factories (POF),Wah Cantt - Pakistan,Published,"Sep 29, 2026","Oct 15, 2026",10:30 AM,https://epms.ppra.gov.pk/public/tenders/tender-details/TS0000014860E,Other,2026-10-15,2026-10-05T06:27:10.880745
455,TS0000014865E,Stationary,Stationary Items,Stationery,FFW10123,Ministry of Foreign Affairs,Islamabad - Pakistan,Published,"Sep 29, 2026","Oct 15, 2026",11:00 AM,https://epms.ppra.gov.pk/public/tenders/tender-details/TS0000014865E,Goods/Supplies,2026-10-15,2026-10-05T06:27:10.880745
456,TS0000014868E,Hiring of Office Space/Building,We require Office Space / Building State Life H&AI Swat Zone require Office...,Services,SLIC/H&AI/HR&ADMIN/ SWT/2/2026,State Life Insurance Corporation of Pakistan,Swat - Pakistan,Published,"Sep 29, 2026","Oct 15, 2026",11:00 AM,https://epms.ppra.gov.pk/public/tenders/tender-details/TS0000014868E,Construction/Works,2026-10-15,2026-10-05T06:27:10.880745
457,TS0000014880E,INVITATION TO e-BIDS THROUGHT EPADS v2.0 FOR DISPOSAL OF PUBLIC ASSESTS,INVITATION TO e-BIDS THROUGHT EPADS v2.0 FOR DISPOSAL OF PUBLIC ASSESTS INVITATION TO e-BIDS THROUGHT EPADS v2.0 FOR...,Miscellaneous,NADRA-RHO-KP-AUC/04-2026,Ministry of Interior and Narcotics Control,Peshawar - Pakistan,Published,"Sep 29, 2026","Oct 15, 2026",11:00 AM,https://epms.ppra.gov.pk/public/tenders/tender-details/TS0000014880E,Other,2026-10-15,2026-10-05T06:27:10.880745
458,TS0000014884E,construction items,,Miscellaneous,130/1/constr/x/STA,Frontier Constabulary,Wana - Pakistan,PublishedCorrigendum,"Sep 29, 2026","Oct 15, 2026",11:00 AM,https://epms.ppra.gov.pk/public/tenders/tender-details/TS0000014884E,Construction/Works,2026-10-15,2026-10-05T06:27:10.880745
459,TS0000014887E,Purchase of Vehicle Tyres and Polishing Materials,"1. The Comsats University, Islamabad (Wah Campus) (Comsats University, Islamabad) has reserved Funds for the procurement planned for FY 2026-27. The Comsats University, Islamabad (Wah Campus) (Comsats University, Islamabad) intends to apply part of the proceeds of this Fund to cover eligible payments under the contract for the ""Purchase of Vehicle Tyres and Polishing Materials"" with the reference of ""P139470"" 2. The Comsats University, Islamabad (Wah Campus) (Comsats University, Islamabad) invites sealed Bids from eligible Bidders for procurement of goods described in the bidding documents on EPADS v2.0. 3. Single Stage-One Envelope will be used by adopting Least Cost Based Selection (LCBS) Technique for the subject procurement, in line with the Public Procurement Rules, 2004 and any Regulations, Regulatory Guides, Procurement Guidelines or Instructions issued by the Authority from time to time. 4. All Bids must be accompanied by a Bid Security amounting described in Bid Security Section in Bidding Document in the form of Pay Order, Demand Draft or all bids must be accompanied by bid securing declaration in the format specified in the Bidding documents 5. E-Bidding documents, containing detailed terms & conditions, specifications and requirements etc. are available on e-Pak Acquisition and Disposal System (EPADS) at https://epads.gov.pk/opportunities/federal/procurements/139470 for all the interested bidders registered on EPADS v2.0. Bidders are required to get themselves registered on EPADS v2.0 to participate in Bidding process. 6. The e-bids, prepared in accordance with the instructions in the e-Bidding Documents, must be submitted through EPADS v2.0 on or before Thursday, October 15, 2026 11:00 AM. E-bids will be opened using EPADS v2.0 on the same day at Thursday, October 15, 2026 11:30 AM. Manual submission of Bids shall not be entertained. Those vendors who have not yet registered on the new version of EPADS v2.0, may register themselves on https://vendors.epads.gov.pk/. A tutorial to explain the registration process is available at https://www.youtube.com/watch?v=MNW6T38v7tc In terms of Rule 48 of Public Procurement Rules, 2004 Grievance Redressal Committee (GRC) is notified for the subject procurement and notification copy is available on the procuring agency’s website and on Authority’s website at ( www.ppra.org.pk). Comsats University, Islamabad (Wah Campus) (Comsats University, Islamabad), Purchase Officer Comsats University Wah Campus, G.T Road, Wah Cantt., Rawalpindi, Rawalpindi (District), Rawalpindi Division (Division), Punjab (Province). +92-331-528-6834 muhammad.shujah@ciitwah.edu.pk Purchase of Vehicle Tyres and Polishing Materials",Miscellaneous,P139470,Higher Education Commission (HEC),Wah Cantt - Pakistan,Published,"Sep 29, 2026","Oct 15, 2026",11:00 AM,https://epms.ppra.gov.pk/public/tenders/tender-details/TS0000014887E,Defence/Military,2026-10-15,2026-10-05T06:27:10.880745
460,TS0000014889E,"TENDER NOTICE (REVERSE PROCUREMENT) BUSINESS OPPORTUNITY AT BACHA KHAN INTERNATIONAL AIRPORT, PESHAWAR ACCOMPANIED BAGGAGE WRAPPING FACILITY INSIDE INTERNATIONAL AND","DOMESTIC BRIEFING AREAS TENDER NOTICE (REVERSE PROCUREMENT) BUSINESS OPPORTUNITY AT BACHA KHAN INTERNATIONAL AIRPORT, PESHAWAR ACCOMPANIED BAGGAGE WRAPPING FACILITY INSIDE INTERNATIONAL AND DOMESTIC BRIEFING AREAS TENDER NOTICE (REVERSE PROCUREMENT) BUSINESS...",Services,12589,Pakistan Airports Authority (PAA),Karachi - Pakistan,Published,"Sep 29, 2026","Oct 15, 2026",11:00 AM,https://epms.ppra.gov.pk/public/tenders/tender-details/TS0000014889E,Services,2026-10-15,2026-10-05T06:27:10.880745
461,TS0000014890E,HIRING OF INDEPENDENT VALIDATION AGENT / FIRM FOR PAKISTAN SKILL IMPACT BOND (PSIB),JV is not Allowed. Any vendor placing clarification as grievance would be awarded demerit points. The bidding document published on EPMS / PPRA website to be considered for preparation / submission of bids. 1. The National Vocational and Technical Training...,Services,P139131,Ministry of Federal Education and Professional Training,Islamabad - Pakistan,Published,"Sep 29, 2026","Oct 15, 2026",11:00 AM,https://epms.ppra.gov.pk/public/tenders/tender-details/TS0000014890E,Services,2026-10-15,2026-10-05T06:27:10.880745
462,TS0000014893E,"UP-GRADATION OF ENVIRONMENT TEST CHAMBER, CALIBRATION OF ACCESSORIES OF COMPONENTS, UP-GRADATION OF TERADYNE TESTER, REPAIR OF ANTENNA PEDESTAL MODULE",MD APF,Miscellaneous,"PACB/786-A/26211011/0544/P-4, PACB/786-A/26218024/0547/P-4, PACB/786-A/26212020/0539/P-4, PACB/786-A/26203004/0533/P-4",Ministry of Defence Production,Rawalpindi - Pakistan,Published,"Sep 29, 2026","Oct 15, 2026",10:30 AM,https://epms.ppra.gov.pk/public/tenders/tender-details/TS0000014893E,Other,2026-10-15,2026-10-05T06:27:10.880745
463,TS0000014902E,SINGLE STAGE TWO ENVELOP,NORMAL TENDER (SINGLE STAGE TWO ENVELOPE) SEPARATE QUOTATIONS REQUIRED AGAINST ENCLOSED 08...,Miscellaneous,97/2026-27,Pakistan Maritime Security Agency (PMSA),Karachi - Pakistan,Published,"Sep 29, 2026","Oct 14, 2026",11:00 AM,https://epms.ppra.gov.pk/public/tenders/tender-details/TS0000014902E,Other,2026-10-14,2026-10-05T06:27:10.880745
464,TS0000014908E,Washer/ Gasket for Meter Coupling,SUPPLY OF Washer/ Gasket for Meter Coupling Washer/ Gasket for Meter Coupling,Miscellaneous,LE-041/26 (Washer/ Gasket for Meter Coupling),Sui Northern Gas Pipelines Limited (SNGPL),Lahore - Pakistan,Published,"Sep 29, 2026","Oct 14, 2026",02:30 PM,https://epms.ppra.gov.pk/public/tenders/tender-details/TS0000014908E,Energy/Utilities,2026-10-14,2026-10-05T06:27:10.880745
465,TS0000014912E,Uniform,,Clothing/Uniform,02-LP-Uniform-WIL-PUR-SGAF-2026-27 dt.15-09-2026,Wah Industries Limited,Wah Cantt - Pakistan,Published,"Sep 29, 2026","Oct 14, 2026",11:30 AM,https://epms.ppra.gov.pk/public/tenders/tender-details/TS0000014912E,Other,2026-10-14,2026-10-05T06:27:10.880745
466,TS0000014913E,"Tender for O & M Contract of Air-Conditioning Plants and Allied Equipment Installed at State Life Building No. 1, I.I Chundrigar Road, Karachi and Servicing Of Split","/ Window A/C Installed at Lift Machine Room SLB’s – 1 (All Blocks), 2 (All Blocks), 4 & 6 Karachi. O & M contract of AC Plant at SLB 1, Karachi",Mechanical/Machinery,P138396,Ministry of Commerce,Karachi - Pakistan,Published,"Sep 29, 2026","Oct 14, 2026",11:00 AM,https://epms.ppra.gov.pk/public/tenders/tender-details/TS0000014913E,Construction/Works,2026-10-14,2026-10-05T06:27:10.880745
467,TS0000014914E,Providing and Installation of new tyres for company owned LPG bowser JP-9009 at LPG plant Lahore,GF-20064-YP-Providing and Installation of new...,Miscellaneous,GF-20064-YP,Pakistan State Oil (PSO),Karachi - Pakistan,Published,"Sep 29, 2026","Oct 14, 2026",02:15 PM,https://epms.ppra.gov.pk/public/tenders/tender-details/TS0000014914E,Energy/Utilities,2026-10-14,2026-10-05T06:27:10.880745
468,TS0000014915E,"Manufacturing, Supply & Installation of Industrial Water Cooler (200 Lit storage).","LM-20065-YP-Manufacturing, Supply &...",Miscellaneous,LM-20065-YP,Pakistan State Oil (PSO),Karachi - Pakistan,Published,"Sep 29, 2026","Oct 14, 2026",02:15 PM,https://epms.ppra.gov.pk/public/tenders/tender-details/TS0000014915E,Goods/Supplies,2026-10-14,2026-10-05T06:27:10.880745
469,TS0000014916E,Construction of Houses for ICT Police,,Civil Works,P95650,Ministry of Interior and Narcotics Control,Islamabad - Pakistan,Published,"Sep 29, 2026","Oct 14, 2026",12:00 PM,https://epms.ppra.gov.pk/public/tenders/tender-details/TS0000014916E,Construction/Works,2026-10-14,2026-10-05T06:27:10.880745
470,TS0000014917E,Plastic Components,,Consumable Items,01-LP-Plastic Components-WIL-PUR-SGAF-2026-27 dt.18-9-2026,Wah Industries Limited,Wah Cantt - Pakistan,Published,"Sep 29, 2026","Oct 14, 2026",11:30 AM,https://epms.ppra.gov.pk/public/tenders/tender-details/TS0000014917E,Other,2026-10-14,2026-10-05T06:27:10.880745
471,TS0000014919E,4795-Civil Items for Soling work at Mosque,of CUI-Lahore Campus,Civil Goods,CUI-LHR-TN-26-1948,COMSATS University Islamabad,lahore - Pakistan,Published,"Sep 29, 2026","Oct 14, 2026",11:00 AM,https://epms.ppra.gov.pk/public/tenders/tender-details/TS0000014919E,Other,2026-10-14,2026-10-05T06:27:10.880745
472,TS0000014921E,TENDER NOTICE,"Purchase of Sports Related Goods Purchase of Sports Wear, Shields and Trophies...",Clothing/Uniform,BUITEMS/DOP/RP-TDR/26-27/1,Higher Education Commission (HEC),islamabad - Pakistan,Published,"Sep 29, 2026","Oct 14, 2026",03:00 PM,https://epms.ppra.gov.pk/public/tenders/tender-details/TS0000014921E,Other,2026-10-14,2026-10-05T06:27:10.880745
473,TS0000014923E,Installation of Skid-Mounted Receipt Filter Unit at Gwadar Aviation Station,,"Petroleum, Oil & Lubricants",AV-20072-FF,Pakistan State Oil (PSO),Karachi - Pakistan,Published,"Sep 29, 2026","Oct 14, 2026",02:15 PM,https://epms.ppra.gov.pk/public/tenders/tender-details/TS0000014923E,Energy/Utilities,2026-10-14,2026-10-05T06:27:10.880745
474,TS0000014926E,Repair of First Floor of the Consulate General of Pakistan Manchester,Repair of First Floor of the Consulate General of...,Repair/Maintenance,Manchester/2026/SEP,Ministry of Foreign Affairs,London - Pakistan,Published,"Sep 29, 2026","Oct 14, 2026",12:00 PM,https://epms.ppra.gov.pk/public/tenders/tender-details/TS0000014926E,Services,2026-10-14,2026-10-05T06:27:10.880745
475,TS0000014928E,LP for Modification/ conversion of Mobile Dispensing Unit (MDUs) on inbuilt generator and LP of Ordnance Stores,LP for Modification/ conversion of Mobile...,Miscellaneous,2908-IT-02/1st Half/2026-27/LP,Ministry of Defence,Gujranwala - Pakistan,Published,"Sep 29, 2026","Oct 14, 2026",11:00 AM,https://epms.ppra.gov.pk/public/tenders/tender-details/TS0000014928E,Other,2026-10-14,2026-10-05T06:27:10.880745
476,TS0000014929E,Disposal of Public Assets,,Miscellaneous,Tender No. 241-GSD (2026),Ministry of Energy (Power Division),Islamabad - Pakistan,Published,"Sep 29, 2026","Oct 14, 2026",10:00 AM,https://epms.ppra.gov.pk/public/tenders/tender-details/TS0000014929E,Other,2026-10-14,2026-10-05T06:27:10.880745
477,TS0000014812E,"Procurment of staionary,toners and computer paper for FY 2026-27","Procurment of Ball point, .uni-ball, highlighters, toners. (HP 53A, 05A,107A, 12A, 151A, 14A, 80A) Computer paper (1ply ,2ply,3ply) and other stationery and misc items for CMA (GB) Gilgit",Stationery,P119167,Ministry of Defence,Gilgit - Pakistan,Published,"Sep 29, 2026","Oct 14, 2026",11:00 AM,https://epms.ppra.gov.pk/public/tenders/tender-details/TS0000014812E,IT/Technology,2026-10-14,2026-10-05T06:27:10.880745
478,TS0000014841E,TENDER FOR CONST. OF 2X2 DUCT LINE (I) POWER CONNECTION TO NOVACARE HOSPITAL (II & III) BUS BAY NR. SOWAN GARDEN GATE NO. I & II (IV) KATCHERY CHOWK PROJECT (V),100 BED HOSPITAL MODEL TOWN HUMAK ISB. IRO CANTT CONST. DIVISION RWP (T. NO. 37/2026-27) TENDER FOR CONST. OF 2X2 DUCT LINE (I) POWER...,Civil Works,37/2026-27,Islamabad Electric Supply Company (IESCO),Islamabad - Pakistan,Published,"Sep 29, 2026","Oct 14, 2026",09:30 AM,https://epms.ppra.gov.pk/public/tenders/tender-details/TS0000014841E,Construction/Works,2026-10-14,2026-10-05T06:27:10.880745
479,TS0000014847E,Revenue Works,,Civil Works,01,Ministry of Defence Production,Kamra - Pakistan,Published,"Sep 29, 2026","Oct 14, 2026",11:30 AM,https://epms.ppra.gov.pk/public/tenders/tender-details/TS0000014847E,Construction/Works,2026-10-14,2026-10-05T06:27:10.880745
480,TS0000014848E,Purchase/Printing of different items (Note: Tender will be opened on 13.10.2026 instead of 14-10-26),45-2026       (Note: Tender will be opened on 13.10.2026 instead of 14-10-26) A Public Sector Hospital invites sealed tenders...,Printing,45-2026,Pakistan Atomic Energy Commission (PAEC),Islamabad - Pakistan,Published,"Sep 29, 2026","Oct 14, 2026",10:00 AM,https://epms.ppra.gov.pk/public/tenders/tender-details/TS0000014848E,Goods/Supplies,2026-10-14,2026-10-05T06:27:10.880745
481,TS0000014850E,"YARD No.52, Yard No.04 & YARD Scrap Shop-II","YARD No.52, Yard No.04 & YARD Scrap Shop-II",Miscellaneous,D11010,Pakistan Steel Mills,Karachi - Pakistan,Published,"Sep 29, 2026","Oct 14, 2026",10:00 AM,https://epms.ppra.gov.pk/public/tenders/tender-details/TS0000014850E,Other,2026-10-14,2026-10-05T06:27:10.880745
482,TS0000014856E,PROCUREMENT OF MISC SPARES AND GOODS,NORMAL TENDER Tender bulletin of Misc spares / goods of items...,Miscellaneous,CLP/IT/1201,Ministry of Defence,Karachi. - Pakistan,Published,"Sep 29, 2026","Oct 14, 2026",10:00 AM,https://epms.ppra.gov.pk/public/tenders/tender-details/TS0000014856E,Goods/Supplies,2026-10-14,2026-10-05T06:27:10.880745
483,TS0000014858E,Supply and Installation of Fall Arrester System at Karachi Airport (FFF),Supply and Installation of Fall Arrester System...,Mechanical/Machinery,AM-19979-SR,Pakistan State Oil (PSO),Karachi - Pakistan,Published,"Sep 29, 2026","Oct 14, 2026",02:15 PM,https://epms.ppra.gov.pk/public/tenders/tender-details/TS0000014858E,IT/Technology,2026-10-14,2026-10-05T06:27:10.880745
484,TS0000014861E,TENDER NO. 4451 P.G Connectors S-117,,Miscellaneous,TENDER NO. 4451 P.G Connectors S-117,Ministry of Energy (Power Division),Lahore - Pakistan,Published,"Sep 29, 2026","Oct 14, 2026",10:30 AM,https://epms.ppra.gov.pk/public/tenders/tender-details/TS0000014861E,Other,2026-10-14,2026-10-05T06:27:10.880745
485,TS0000014863E,TENDER NO. 4452 Mobile Double Axle Trolley for 200 KVA Standby Transformer Sub-Station,,Miscellaneous,TENDER NO. 4452 Mobile Double Axle Trolley for 200 KVA Standby Transformer Sub-Station,Ministry of Energy (Power Division),Lahore - Pakistan,Published,"Sep 29, 2026","Oct 14, 2026",10:30 AM,https://epms.ppra.gov.pk/public/tenders/tender-details/TS0000014863E,Other,2026-10-14,2026-10-05T06:27:10.880745
486,TS0000014864E,Tender for Medical and Lab Equipment and Stationery,,Miscellaneous,N0.F.1-2/2026-27 (IMCG)/,Ministry of Federal Education and Professional Training,Islamabad - Pakistan,Published,"Sep 29, 2026","Oct 14, 2026",11:00 AM,https://epms.ppra.gov.pk/public/tenders/tender-details/TS0000014864E,Medical/Health,2026-10-14,2026-10-05T06:27:10.880745
487,TS0000014866E,"TENDER NO 4453 Reclamation of 100-KVA, 400-KVA & 630-KVA Repairable/Irreparable Distribution Transformers",,Miscellaneous,"TENDER NO 4453 Reclamation of 100-KVA, 400-KVA & 630-KVA Repairable/Irreparable Distribution Transformers",Ministry of Energy (Power Division),Lahore - Pakistan,Published,"Sep 29, 2026","Oct 14, 2026",10:30 AM,https://epms.ppra.gov.pk/public/tenders/tender-details/TS0000014866E,Other,2026-10-14,2026-10-05T06:27:10.880745
488,TS0000014879E,Hireing of Security Guard,Hireing of Security Guard Pakistan Steel Mills (PSM) invites bids from...,Services,P136533,Pakistan Steel Mills,Karachi - Pakistan,Published,"Sep 29, 2026","Oct 14, 2026",11:00 AM,https://epms.ppra.gov.pk/public/tenders/tender-details/TS0000014879E,Services,2026-10-14,2026-10-05T06:27:10.880745
489,TS0000014883E,Annual Repair/ Maintenance,Annual Repair/ Maintenance,Civil Works,No.MLR/Advertisement/2026/2018,Ministry of Defence,Karachi - Pakistan,Published,"Sep 29, 2026","Oct 14, 2026",02:00 PM,https://epms.ppra.gov.pk/public/tenders/tender-details/TS0000014883E,Construction/Works,2026-10-14,2026-10-05T06:27:10.880745
490,TS0000014885E,Supply of Misc. 08 x Electrical items,,Electrical Items,T-4237/26-NB,Pakistan Security Printing Corporaion (PSPC),Islamabad - Pakistan,Published,"Sep 29, 2026","Oct 14, 2026",11:00 AM,https://epms.ppra.gov.pk/public/tenders/tender-details/TS0000014885E,Energy/Utilities,2026-10-14,2026-10-05T06:27:10.880745
491,TS0000014886E,Other Items,,Miscellaneous,P123163,Ministry of Federal Education and Professional Training,Islamabad - Pakistan,Published,"Sep 29, 2026","Oct 14, 2026",10:00 AM,https://epms.ppra.gov.pk/public/tenders/tender-details/TS0000014886E,Other,2026-10-14,2026-10-05T06:27:10.880745
492,TS0000014888E,FCS/NSR/TE/038/26 Fabrication Material,,Miscellaneous,FCS/NSR/TE/038/26 Fabrication Material,Sui Northern Gas Pipelines Limited (SNGPL),Charsada - Pakistan,Published,"Sep 29, 2026","Oct 14, 2026",03:00 PM,https://epms.ppra.gov.pk/public/tenders/tender-details/TS0000014888E,Goods/Supplies,2026-10-14,2026-10-05T06:27:10.880745
493,TS0000013155E,"TENDER FOR HIRING OF THE SERVICES FOR TURNKEY ESTABLISHMENT, INTEGRATION & OPERATIONS OF DIGITAL TELEMEDICINE ECOSYSTEM (PILOT PHASE)","Open Competitive Bidding through Two-Stage Bidding Procedure under Rule 36(c) of the Public Procurement Rules, 2004. Stage-I shall comprise Technical Proposals only. Financial Proposals shall be invited at Stage-II from technically qualified bidders in accordance with the Bidding Documents. Hiring of a qualified Service...",Health/Medicines,F.30-1/2025-IDSRS-NIH,National Institute of Health (NIH),Islamabad - Pakistan,PublishedCorrigendum,"Sep 29, 2026","Oct 12, 2026",01:00 PM,https://epms.ppra.gov.pk/public/tenders/tender-details/TS0000013155E,Medical/Health,2026-10-12,2026-10-05T06:27:10.880745
494,TS0000012216E,Procurement of Mandrel of M-I Machine for Hydraulic Autofrettage 125 MM Barrel,5126/IT-5703/2026-27/FOB/GF/SCM dated 21 Aug 2026 Procurement of Mandrel of M-I Machine for...,Mechanical/Machinery,5126/IT-5703/2026-27/FOB/GF/SCM dated 21 Aug 2026,Ministry of Defence Production,Taxila - Pakistan,PublishedCorrigendum,"Sep 29, 2026","Oct 12, 2026",10:30 AM,https://epms.ppra.gov.pk/public/tenders/tender-details/TS0000012216E,Goods/Supplies,2026-10-12,2026-10-05T06:27:10.880745
495,TS0000013086E,Procurement of Spares for Hydraulic Autofrettage Facility,5126/IT-5705/2026-27/FOB/GF/SCM dated 01 Sep 2026 Procurement of Spares for Hydraulic Autofrettage...,Equipments,5126/IT-5705/2026-27/FOB/GF/SCM dated 01 Sep 2026,Ministry of Defence Production,Taxila - Pakistan,PublishedCorrigendum,"Sep 29, 2026","Oct 12, 2026",10:30 AM,https://epms.ppra.gov.pk/public/tenders/tender-details/TS0000013086E,Goods/Supplies,2026-10-12,2026-10-05T06:27:10.880745
496,TS0000013087E,Procurement of Refurb of Mechanical Autofrettage Facility,5126/IT-5704/2026-27/FOB/GF/SCM dated 01 Sep 2026 Procurement of Refurb of Mechanical Autofrettage...,Miscellaneous,5126/IT-5704/2026-27/FOB/GF/SCM dated 01 Sep 2026,Ministry of Defence Production,Taxila - Pakistan,PublishedCorrigendum,"Sep 29, 2026","Oct 12, 2026",10:30 AM,https://epms.ppra.gov.pk/public/tenders/tender-details/TS0000013087E,Goods/Supplies,2026-10-12,2026-10-05T06:27:10.880745
497,TS0000013629E,Bulk Purchase of Medicine,,Health/Medicines,P112510,Prime Minister Office (Internal),Islamabad - Pakistan,PublishedCorrigendum,"Sep 29, 2026","Oct 09, 2026",11:00 AM,https://epms.ppra.gov.pk/public/tenders/tender-details/TS0000013629E,Medical/Health,2026-10-09,2026-10-05T06:27:10.880745
498,TS0000014260E,"TENDER / INVITATION OF QUOTATION FOR REPAIRS / REPLACEMENT OF DAMAGED / DEFECTIVE AREA OF CLADDING ON EXHAUST PIPES OF ME(s), DG(s), GAS TURBINE & INSTALLATION OF","DECORATIVE LINING / PERFORATED SHEETS ON BULKHEADS OF ZONE 052 AFT, REPAIR PARTY STATION AND SICKBAY CORRIDOR ON MILGEM-3 (KS&EW ORDER NO. SB-286). TENDER / INVITATION OF QUOTATION FOR REPAIRS / REPLACEMENT OF DAMAGED / DEFECTIVE AREA OF CLADDING ON EXHAUST PIPES OF ME(s), DG(s), GAS TURBINE & INSTALLATION OF DECORATIVE LINING / PERFORATED SHEETS ON BULKHEADS OF ZONE 052 AFT, REPAIR PARTY STATION AND SICKBAY CORRIDOR ON MILGEM-3 (KS&EW ORDER NO. SB-286).",Miscellaneous,SB/SC/341/CLAD/SB-286,Karachi Shipyard and Engineering Works Ltd,Karachi - Pakistan,PublishedCorrigendum,"Sep 29, 2026","Oct 09, 2026",11:00 AM,https://epms.ppra.gov.pk/public/tenders/tender-details/TS0000014260E,Energy/Utilities,2026-10-09,2026-10-05T06:27:10.880745
499,TS0000013630E,Local Purchase of Medicine,,Health/Medicines,P112513,Prime Minister Office (Internal),Islamabad - Pakistan,PublishedCorrigendum,"Sep 29, 2026","Oct 08, 2026",11:00 AM,https://epms.ppra.gov.pk/public/tenders/tender-details/TS0000013630E,Medical/Health,2026-10-08,2026-10-05T06:27:10.880745
500,TS0000013528E,"Design, Development, Deployment, Hosting and Managed Support of an Enterprise AI Assistant for SECP's Business Domains","Design, Development, Deployment, Hosting and Managed Support of an Enterprise AI Assistant for SECP's Business Domains",Miscellaneous,T#06/ 26-27,Securities and Exchange Commission of Pakistan (SECP),Islamabad - Pakistan,PublishedCorrigendum,"Sep 29, 2026","Oct 08, 2026",02:30 PM,https://epms.ppra.gov.pk/public/tenders/tender-details/TS0000013528E,Other,2026-10-08,2026-10-05T06:27:10.880745
501,TS0000013778E,RATE RUNNING CONTRACT FOR THE RENOVATION / MAINTENANCE OF GEPCO BUILDINGS AND PROVIDING / REPAIR OF WATER SUPPLY MOTORS(AS-AND-WHEN-REQUIRED BASIS) UNDER CIVIL WORKS,DIVISION GEPCO: 1. RATE RUNNING CONTRACT FOR THE RENOVATION /...,Civil Works,02/2026-2027,Ministry of Energy (Power Division),Gujranwala - Pakistan,PublishedCorrigendum,"Sep 29, 2026","Oct 06, 2026",11:00 AM,https://epms.ppra.gov.pk/public/tenders/tender-details/TS0000013778E,Construction/Works,2026-10-06,2026-10-05T06:27:10.880745
502,TS0000013269E,Supply of Drinking Mineral Water,,Food Items,P109858,Federal Board of Revenue (FBR),Multan - Pakistan,PublishedCorrigendum,"Sep 29, 2026","Oct 01, 2026",12:30 PM,https://epms.ppra.gov.pk/public/tenders/tender-details/TS0000013269E,Goods/Supplies,2026-10-01,2026-10-05T06:27:10.880745
503,TS0000013707E,IT NO 4 LP of JAMMERS FOR EME WKSP / INSTL FY 2026-27,,Miscellaneous,02304 / 2026-2027 / IT-4,Pakistan Army,Lahore - Pakistan,PublishedCorrigendum,"Sep 29, 2026","Sep 30, 2026",10:30 AM,https://epms.ppra.gov.pk/public/tenders/tender-details/TS0000013707E,Other,2026-09-30,2026-10-05T06:27:10.880745
504,TS0000014770E,"MT, FCI, Sig, Tank Spares, GS&C, Ration, Med, Med Disposable & Lab Kit & Implant","1xP1, 2xP7, 1xP8/9, 2xP-14, 2xP-15,1xP21, 30xP-26, 11xP27, 10xP28 & 3xP29 1. Corrigendum pub on 28 Sep 2026 against tender...",Miscellaneous,"1xP1, 2xP7, 1xP8/9, 2xP-14, 2xP-15,1xP21, 30xP-26, 11xP27, 10xP28 & 3xP29",Directorate General Procurement (Army),Rawalpindi. - Pakistan,Published,"Sep 28, 2026","Nov 17, 2026",09:30 AM,https://epms.ppra.gov.pk/public/tenders/tender-details/TS0000014770E,Medical/Health,2026-11-17,2026-10-05T06:27:10.880745
505,TS0000014785E,"THREADOLETS 1/4"" on 4""-6""","THREADOLETS 1/4"" on 4""-6"" (Qty. 460 Nos.) THREADOLETS 1/4"" on 4""-6""",Miscellaneous,SND-2588/25,Sui Northern Gas Pipelines Limited (SNGPL),Islamabad - Pakistan,Published,"Sep 28, 2026","Nov 12, 2026",02:30 PM,https://epms.ppra.gov.pk/public/tenders/tender-details/TS0000014785E,Other,2026-11-12,2026-10-05T06:27:10.880745
506,TS0000012531E,SCADA Enabled High Pressure Dual Sensing LF EVCs,SCADA Enabled High Pressure Dual Sensing LF EVCs (115 Nos.) SCADA Enabled High Pressure Dual Sensing LF EVCs...,Miscellaneous,SNTL-072/26,Sui Northern Gas Pipelines Limited (SNGPL),Islamabad - Pakistan,PublishedCorrigendum,"Sep 28, 2026","Nov 10, 2026",02:30 PM,https://epms.ppra.gov.pk/public/tenders/tender-details/TS0000012531E,Other,2026-11-10,2026-10-05T06:27:10.880745
507,TS0000012539E,Welding Electrodes,"Welding Electrodes (15000 Kgs.) Welding Electrodes, AWS E-6010, size 1/8"" x...",Miscellaneous,SND-2632/26,Sui Northern Gas Pipelines Limited (SNGPL),Islamabad - Pakistan,PublishedCorrigendum,"Sep 28, 2026","Nov 10, 2026",02:30 PM,https://epms.ppra.gov.pk/public/tenders/tender-details/TS0000012539E,Other,2026-11-10,2026-10-05T06:27:10.880745
508,TS0000012536E,"Welding Gloves, 14"" Long","Welding Gloves (2200 Pairs) Welding Gloves, 14"" Long",Miscellaneous,SND-2630/26,Sui Northern Gas Pipelines Limited (SNGPL),Islamabad - Pakistan,PublishedCorrigendum,"Sep 28, 2026","Nov 09, 2026",02:30 PM,https://epms.ppra.gov.pk/public/tenders/tender-details/TS0000012536E,Other,2026-11-09,2026-10-05T06:27:10.880745
509,TS0000012537E,Welding Cables,"Welding Cables (1300 Meters) Welding Cables, Current Carrying Capacity 500...",Miscellaneous,SND-2631/26,Sui Northern Gas Pipelines Limited (SNGPL),Islamabad - Pakistan,PublishedCorrigendum,"Sep 28, 2026","Nov 09, 2026",02:30 PM,https://epms.ppra.gov.pk/public/tenders/tender-details/TS0000012537E,Other,2026-11-09,2026-10-05T06:27:10.880745
510,TS0000012095E,Cold Applied Visco Elastic Tape (Inner Wrap) & Cold Applied Mechanical Protection Tape (Outer Wrap),Cold Applied Visco Elastic Tape (InnerWrap) & Cold Applied Mechanical Protection Tape (Outer Wrap) Cold Applied Visco Elastic Tape (Inner Wrap)...,Miscellaneous,SND-2620/26,Sui Northern Gas Pipelines Limited (SNGPL),Islamabad - Pakistan,PublishedCorrigendum,"Sep 28, 2026","Nov 05, 2026",02:30 PM,https://epms.ppra.gov.pk/public/tenders/tender-details/TS0000012095E,Other,2026-11-05,2026-10-05T06:27:10.880745
511,TS0000012533E,Plug Valve Lubricant Sticks & Plug Valve Lubricant & Sealant,Plug Valve Lubricant Sticks & Plug Valve Lubricant & Sealant (450 Tins) Plug Valve Lubricant Sticks & Plug Valve...,Miscellaneous,SND-2629/26,Sui Northern Gas Pipelines Limited (SNGPL),Islamabad - Pakistan,PublishedCorrigendum,"Sep 28, 2026","Nov 05, 2026",02:30 PM,https://epms.ppra.gov.pk/public/tenders/tender-details/TS0000012533E,Other,2026-11-05,2026-10-05T06:27:10.880745
512,TS0000014208E,Tank Spares & GS&C,"3xP-14 & 1x P-15 See more detail attach in file, please.",Miscellaneous,3xP-14 & 1x P-15,Directorate General Procurement (Army),Rawalpindi. - Pakistan,PublishedCorrigendum,"Sep 28, 2026","Nov 03, 2026",09:30 AM,https://epms.ppra.gov.pk/public/tenders/tender-details/TS0000014208E,Defence/Military,2026-11-03,2026-10-05T06:27:10.880745
513,TS0000014809E,Invitation to Tender and General Insturctions,Good,Miscellaneous,DSN/10941,Ministry of Defence Production (DGDP),London - Pakistan,Published,"Sep 28, 2026","Oct 29, 2026",11:30 AM,https://epms.ppra.gov.pk/public/tenders/tender-details/TS0000014809E,Other,2026-10-29,2026-10-05T06:27:10.880745
514,TS0000014773E,Directorate of Procurement (Air),Directorate of Procurement (Air) Tender No 1514 Published in Daily Dunya and Daily...,Miscellaneous,1514,Ministry of Defence Production,Rawalpindi - Pakistan,Published,"Sep 28, 2026","Oct 28, 2026",10:00 AM,https://epms.ppra.gov.pk/public/tenders/tender-details/TS0000014773E,Goods/Supplies,2026-10-28,2026-10-05T06:27:10.880745
515,TS0000014766E,Procurement of Stationery and Miscellaneous Items - NUST Quetta,,Stationery,P132775,Ministry of Science and Technology,Quetta - Pakistan,Published,"Sep 28, 2026","Oct 27, 2026",11:00 AM,https://epms.ppra.gov.pk/public/tenders/tender-details/TS0000014766E,Goods/Supplies,2026-10-27,2026-10-05T06:27:10.880745
516,TS0000014673E,PROCUREMENT OF CBS-1/90 GSM PSPC W/M SENSITIZED CHEQUE PAPER,,Printing,FP-0025,Pakistan Security Printing Corporaion (PSPC),Islamabad - Pakistan,PublishedCorrigendum,"Sep 28, 2026","Oct 26, 2026",11:00 AM,https://epms.ppra.gov.pk/public/tenders/tender-details/TS0000014673E,Goods/Supplies,2026-10-26,2026-10-05T06:27:10.880745
517,TS0000014695E,Construction of Various Rehabilitation Works at KTDMC,"1.	Karachi Tools, Dies & Moulds Centre (KTDMC) has reserved funds for the procurement planned for FY 2026-27. KTDMC intends to apply part of the proceeds of this fund to cover eligible payments under the contract for the works of “Construction of Various Rehabilitation Works at KTDMC” with the reference of KTDMC Tender No. 161/KTDMC/2026-27. 2.	KTDMC invites bids through EPADS v2.0 from eligible bidders registered on EPADS v2.0 for the execution of the said Works. 3.	Single Stage – One Envelope Procedure of the Principal Method of Procurement (i.e. Open Competitive Bidding) will be used, adopting the Least Cost Selection technique, in line with the Public Procurement Rules, 2004 and any Regulations and Instructions issued by the Authority from time to time. 4.	All bids must be accompanied by a Bid Security as described in the Bid Data Sheet, in the form of a Pay Order and pay-order shall issue in favor of Karachi Tools, Dies & Moulds Centre. 5.	E-Bidding documents, containing detailed terms & conditions, specifications and requirements, are available on the e-Pak Acquisition and Disposal System (EPADS) at https://epads.gov.pk & https://epms.ppra.gov.pk. 6.	The Bid, prepared in accordance with the instructions in the e-Bidding documents, must be submitted through EPADS v2.0 on or before 26th October, 2026 at 10:30am. Bids will be opened on the same day at 11:00am. Manual submission of bids shall not be entertained. Bidders who have not yet registered on the new version of EPADS v2.0 may register themselves at https://vendors.epads.gov.pk. 1. Karachi Tools, Dies & Moulds Centre...",Civil Works,Tender-161/KTDMC/2026-27,"Karachi Tools, Dies and Moulds Centre (KTDMC)",Karachi - Pakistan,Published,"Sep 28, 2026","Oct 26, 2026",10:30 AM,https://epms.ppra.gov.pk/public/tenders/tender-details/TS0000014695E,Construction/Works,2026-10-26,2026-10-05T06:27:10.880745
518,TS0000013165E,Portable engine driven sludge pump/Turbine Pump 25HP/ Hydrostatic Testing Pump etc,As per detail in the tender documents,Mechanical/Machinery,MNT/TE/046/2026 (Multiple Pumps),Sui Northern Gas Pipelines Limited (SNGPL),Multan - Pakistan,PublishedCorrigendum,"Sep 28, 2026","Oct 22, 2026",03:00 PM,https://epms.ppra.gov.pk/public/tenders/tender-details/TS0000013165E,Other,2026-10-22,2026-10-05T06:27:10.880745
519,TS0000014779E,Procurement of MT spares,Procurement of MT spares,Vehicles,IT No. 8,Pakistan Army,Quetta - Pakistan,Published,"Sep 28, 2026","Oct 22, 2026",11:00 AM,https://epms.ppra.gov.pk/public/tenders/tender-details/TS0000014779E,Goods/Supplies,2026-10-22,2026-10-05T06:27:10.880745
520,TS0000014783E,Procurement of Furniture & Interior Design Services,Procurement of Furniture & Interior Design Services Procurement of Furniture & Interior Design...,Furniture/Fixture,10/LP/Furniture/155/Building/WIL/2026-27,Wah Industries Limited,Wah Cantt - Pakistan,Published,"Sep 28, 2026","Oct 21, 2026",11:30 AM,https://epms.ppra.gov.pk/public/tenders/tender-details/TS0000014783E,Services,2026-10-21,2026-10-05T06:27:10.880745
521,TS0000014778E,Construction of 01 No. D-Type Quarter at 132KV Grid Station Colony Sargodha,"Construction, Parking Shed, Renovation, Special Repair and M&R Construction, Parking Shed, Renovation, Special...",Civil Works,20 to 42/Civil Works-1/2026-27,Faisalabad Electric Supply Company (FESCO),Faisalabad - Pakistan,Published,"Sep 28, 2026","Oct 20, 2026",11:30 AM,https://epms.ppra.gov.pk/public/tenders/tender-details/TS0000014778E,Construction/Works,2026-10-20,2026-10-05T06:27:10.880745
522,TS0000014791E,Broad Belt Jet Black,Broad Belt Jet Black,Clothing/Uniform,625010/R2609/ 330221,Directorate of Procurement (Navy),Islamabad - Pakistan,Published,"Sep 28, 2026","Oct 20, 2026",10:30 AM,https://epms.ppra.gov.pk/public/tenders/tender-details/TS0000014791E,Other,2026-10-20,2026-10-05T06:27:10.880745
523,TS0000014792E,Cap Peak White,Cap Peak White,Clothing/Uniform,625020/R2609/ 330220,Directorate of Procurement (Navy),Islamabad - Pakistan,Published,"Sep 28, 2026","Oct 20, 2026",10:30 AM,https://epms.ppra.gov.pk/public/tenders/tender-details/TS0000014792E,Other,2026-10-20,2026-10-05T06:27:10.880745
524,TS0000014803E,Procurement of Tow Truck 10-15 KN,5041/2026-27/RT-6607/FOR (GROUP-III)/ME/SCM dated 28 September 2026 Procurement of Tow Truck 10-15 KN,Miscellaneous,5041/2026-27/RT-6607/FOR (GROUP-III)/ME/SCM dated 28 September 2026,Ministry of Defence Production,Taxila - Pakistan,Published,"Sep 28, 2026","Oct 20, 2026",10:30 AM,https://epms.ppra.gov.pk/public/tenders/tender-details/TS0000014803E,Goods/Supplies,2026-10-20,2026-10-05T06:27:10.880745
525,TS0000014804E,Purchase of Feed Items FY 2026/27 - MF Lahore,Tender Notice For Purchase of Feed Items FY 2026/27 - MF Lahore Tender Notice For Purchase of Feed Items FY...,Food Items,4,Ministry of Defence,Lahore - Pakistan,Published,"Sep 28, 2026","Oct 20, 2026",09:00 AM,https://epms.ppra.gov.pk/public/tenders/tender-details/TS0000014804E,Goods/Supplies,2026-10-20,2026-10-05T06:27:10.880745
526,TS0000014784E,LET/046/26 (Tyres Tubeless Misc. Sizes),LET/046/26 (Tyres Tubeless Misc. Sizes) LET/046/26 (Tyres Tubeless Misc. Sizes),Miscellaneous,LET/046/26,Sui Northern Gas Pipelines Limited (SNGPL),Lahore - Pakistan,Published,"Sep 28, 2026","Oct 19, 2026",02:30 PM,https://epms.ppra.gov.pk/public/tenders/tender-details/TS0000014784E,Defence/Military,2026-10-19,2026-10-05T06:27:10.880745
527,TS0000014797E,PROCUREMENT OF HALON GAS,4882/IT-70141/2026-27/TMF/FOR-B/SCM Dte dated 28 Sep 2026 PROCUREMENT OF HALON GAS,Miscellaneous,4882/IT-70141/2026-27/TMF/FOR-B/SCM Dte dated 28 Sep 2026,Ministry of Defence Production,Taxila - Pakistan,Published,"Sep 28, 2026","Oct 19, 2026",10:30 AM,https://epms.ppra.gov.pk/public/tenders/tender-details/TS0000014797E,Energy/Utilities,2026-10-19,2026-10-05T06:27:10.880745
528,TS0000014799E,Procurement of Expendables,5126/IT-6706/GF/FOR (Gp-l)/2026-27/SCM dated 25 September 2026 Procurement of Expendables,Miscellaneous,5126/IT-6706/GF/FOR (Gp-l)/2026-27/SCM dated 25 September 2026,Ministry of Defence Production,Taxila - Pakistan,Published,"Sep 28, 2026","Oct 19, 2026",10:30 AM,https://epms.ppra.gov.pk/public/tenders/tender-details/TS0000014799E,Goods/Supplies,2026-10-19,2026-10-05T06:27:10.880745
529,TS0000014802E,PROCUREMENT OF ROBOT GRIPPER,2871/IT-7631/26-27/FOR (GP-III) NEVF/ME/SCM Dte dated 25 Sep 2026 PROCUREMENT OF ROBOT GRIPPER,Miscellaneous,2871/IT-7631/26-27/FOR (GP-III) NEVF/ME/SCM Dte dated 25 Sep 2026,Ministry of Defence Production,Taxila - Pakistan,Published,"Sep 28, 2026","Oct 19, 2026",10:30 AM,https://epms.ppra.gov.pk/public/tenders/tender-details/TS0000014802E,Goods/Supplies,2026-10-19,2026-10-05T06:27:10.880745
530,TS0000014818E,Multiple Tenders for Procurement of Goods & Services,,Miscellaneous,PD/O&M/PP/34627/26,Pakistan Petroleum Limited (PPL),Karachi - Pakistan,Published,"Sep 28, 2026","Oct 19, 2026",03:00 PM,https://epms.ppra.gov.pk/public/tenders/tender-details/TS0000014818E,Services,2026-10-19,2026-10-05T06:27:10.880745
531,TS0000014771E,Procurement of SMS Gateway Services for the State Bank of Pakistan,Invitation to Bid The SBP Banking Services Corporation (BSC)...,Services,P12362,State Bank of Pakistan (SBP),Karachi - Pakistan,Published,"Sep 28, 2026","Oct 16, 2026",11:00 AM,https://epms.ppra.gov.pk/public/tenders/tender-details/TS0000014771E,Services,2026-10-16,2026-10-05T06:27:10.880745
532,TS0000011160E,Invitation of Technical and Financial Proposals (hiring of Financial Advisor for the Private Sector Participation in two (02) DISCOs i.e. PESCO & HAZECO,Invitation of Technical and Financial Proposals (hiring of Financial Advisor for the Private Sector Participation in two (02) DISCOs i.e. PESCO & HAZECO Invitation of Technical and Financial Proposals...,Services,1 (1) Adv/P-2/PC/2026,Ministry of Privatisation-Privatisation Commission,Islamabad - Pakistan,PublishedCorrigendum,"Sep 28, 2026","Oct 15, 2026",03:00 PM,https://epms.ppra.gov.pk/public/tenders/tender-details/TS0000011160E,Services,2026-10-15,2026-10-05T06:27:10.880745
533,TS0000014760E,Invitation to E-Bid,Through SAP Ariba Discovery Invitation to E-Bid Through SAP Ariba Discovery,Miscellaneous,OGDC-SCM-SERVICES-CB-PROD-338858321-2026,Oil and Gas Development Company Limited (OGDCL),Islamabad - Pakistan,Published,"Sep 28, 2026","Oct 15, 2026",02:30 PM,https://epms.ppra.gov.pk/public/tenders/tender-details/TS0000014760E,Other,2026-10-15,2026-10-05T06:27:10.880745
534,TS0000014776E,Electrical Material,Procurement of Electrical Material We intend to procure Electrical Material,Miscellaneous,FST/TE/059/26,Sui Northern Gas Pipelines Limited (SNGPL),Faisalabad - Pakistan,Published,"Sep 28, 2026","Oct 15, 2026",03:00 PM,https://epms.ppra.gov.pk/public/tenders/tender-details/TS0000014776E,Energy/Utilities,2026-10-15,2026-10-05T06:27:10.880745
535,TS0000014782E,Special Repair to Bungalow No.48-B in Rest House Colony at Peshawar Cantt in the section of IOW/PSC.,Tender Special Repair to Bungalow No.48-B in Rest House...,Civil Works,No.21-B/10/PSC/2026-27,Pakistan Railways,Peshawar - Pakistan,Published,"Sep 28, 2026","Oct 15, 2026",11:00 AM,https://epms.ppra.gov.pk/public/tenders/tender-details/TS0000014782E,Construction/Works,2026-10-15,2026-10-05T06:27:10.880745
536,TS0000014786E,IBM GUARDIUM DATA PROTECTION ANNUAL SOFTWARE SUBSCRIPTION RENEWAL AND TRAINING,IBM GUARDIUM DATA PROTECTION ANNUAL SOFTWARE SUBSCRIPTION RENEWAL AND TRAINING GOVERNMENT OF PAKISTAN MINISTRY OF INTERIOR &...,Services,NADRA-HQ-RFB-116/2026,National Database and Registration Authority (NADRA),Islamabad - Pakistan,Published,"Sep 28, 2026","Oct 15, 2026",11:00 AM,https://epms.ppra.gov.pk/public/tenders/tender-details/TS0000014786E,IT/Technology,2026-10-15,2026-10-05T06:27:10.880745
537,TS0000014796E,Certain Repair/ Maint Ext Svcs Mgl Cantt,,Civil Works,604-Adv/46/E-6 dt 28 Sep 2026,Ministry of Defence,Jhelum - Pakistan,Published,"Sep 28, 2026","Oct 15, 2026",11:30 AM,https://epms.ppra.gov.pk/public/tenders/tender-details/TS0000014796E,Construction/Works,2026-10-15,2026-10-05T06:27:10.880745
538,TS0000014801E,PROCUREMENT OF ITEMS,4756/IT-7174/2026-26/HRF(T)/GP-II/SCM dated 25 Sep 2026 PROCUREMENT OF ITEMS,Miscellaneous,4756/IT-7174/2026-26/HRF(T)/GP-II/SCM dated 25 Sep 2026,Ministry of Defence Production,Taxila - Pakistan,Published,"Sep 28, 2026","Oct 15, 2026",10:30 AM,https://epms.ppra.gov.pk/public/tenders/tender-details/TS0000014801E,Goods/Supplies,2026-10-15,2026-10-05T06:27:10.880745
539,TS0000014805E,"Upgradation of Hipath 3800 PABX system and Restructuring of Telephone Network at SBP-BSC, Hyderabad",Upgradation of Hipath 3800 PABX system Upgradation of Hipath 3800 PABX system and...,Equipments,P105166,State Bank of Pakistan (SBP),Hyderabad - Pakistan,Published,"Sep 28, 2026","Oct 15, 2026",03:00 PM,https://epms.ppra.gov.pk/public/tenders/tender-details/TS0000014805E,IT/Technology,2026-10-15,2026-10-05T06:27:10.880745
540,TS0000014806E,Assets valuation of Islamabad Club,Assets valuation of Islamabad Club,Miscellaneous,P134077,Islamabad Club,Islamabad - Pakistan,Published,"Sep 28, 2026","Oct 15, 2026",11:00 AM,https://epms.ppra.gov.pk/public/tenders/tender-details/TS0000014806E,Other,2026-10-15,2026-10-05T06:27:10.880745
541,TS0000012007E,Invitation of Technical and Financial Proposals (hiring of Financial Advisor for the Private Sector Participation in two (02) DISCOs i.e. LESCO & MEPCO,Invitation of Technical and Financial Proposals (hiring of Financial Advisor for the Private Sector Participation in two (02) DISCOs i.e. LESCO & MEPCO Invitation of Technical and Financial Proposals...,Services,1 (2)/adv-II/L&M/PC/2026,Ministry of Privatisation-Privatisation Commission,Islamabad - Pakistan,PublishedCorrigendum,"Sep 28, 2026","Oct 15, 2026",03:00 PM,https://epms.ppra.gov.pk/public/tenders/tender-details/TS0000012007E,Services,2026-10-15,2026-10-05T06:27:10.880745
542,TS0000014614E,NOTICE OF TENDER,,Miscellaneous,PR - 08/26-27,Ministry of Defence,Islamabad - Pakistan,Published,"Sep 28, 2026","Oct 15, 2026",12:00 PM,https://epms.ppra.gov.pk/public/tenders/tender-details/TS0000014614E,Other,2026-10-15,2026-10-05T06:27:10.880745
543,TS0000014757E,"T-4234/26/MK ""PROCUREMENT OF FILTER PUMP (L51 SERIES)"" (QTY: 02 NOS.)",,Miscellaneous,"T-4234/26/MK ""PROCUREMENT OF FILTER PUMP (L51 SERIES)"" (QTY: 02 NOS.)",Pakistan Security Printing Corporaion (PSPC),Islamabad - Pakistan,Published,"Sep 28, 2026","Oct 14, 2026",11:00 AM,https://epms.ppra.gov.pk/public/tenders/tender-details/TS0000014757E,Goods/Supplies,2026-10-14,2026-10-05T06:27:10.880745
544,TS0000014767E,Procurement of Misc. Maintenance Items/Accessories,,Miscellaneous,"T.E. No. 30-LP-MAINT-ACC-WIL-HTP, dt. 02-07-2026",Wah Industries Limited,Wah Cantt - Pakistan,Published,"Sep 28, 2026","Oct 14, 2026",11:30 AM,https://epms.ppra.gov.pk/public/tenders/tender-details/TS0000014767E,Services,2026-10-14,2026-10-05T06:27:10.880745
545,TS0000014768E,Supply of Office Stationary items,,Stationery,P112432,Federal Board of Revenue (FBR),Multan - Pakistan,Published,"Sep 28, 2026","Oct 14, 2026",11:30 AM,https://epms.ppra.gov.pk/public/tenders/tender-details/TS0000014768E,Goods/Supplies,2026-10-14,2026-10-05T06:27:10.880745
546,TS0000014774E,Laying of OFC (24 Fiber and 12 Fiber) From NTC Existing OFC to NADRA Mega Centre Murree Road Rehmanabad Rawalpindi,P135945,Info and Comm Tech,P135945,Ministry of IT and TeleCommunication,Islamabad - Pakistan,Published,"Sep 28, 2026","Oct 14, 2026",10:30 AM,https://epms.ppra.gov.pk/public/tenders/tender-details/TS0000014774E,Other,2026-10-14,2026-10-05T06:27:10.880745
547,TS0000014790E,General Works,General Works General Works,Civil Works,Tender No.02 (2026-27) GSC,Ministry of Energy (Power Division),Lahore - Pakistan,Published,"Sep 28, 2026","Oct 14, 2026",11:00 AM,https://epms.ppra.gov.pk/public/tenders/tender-details/TS0000014790E,Construction/Works,2026-10-14,2026-10-05T06:27:10.880745
548,TS0000014793E,EXPRESSION OF INTEREST PROCUREMENT OF CONSULTING SERVICES FOR ORGANIZATIONAL TRANSFORMATION OF PAKISTAN AIRPORTS AUTHORITY (PAA),EXPRESSION OF INTEREST PROCUREMENT OF CONSULTING SERVICES FOR ORGANIZATIONAL TRANSFORMATION OF PAKISTAN AIRPORTS AUTHORITY (PAA) EXPRESSION OF INTEREST PROCUREMENT OF CONSULTING...,Services,12588,Pakistan Airports Authority (PAA),Karachi - Pakistan,Published,"Sep 28, 2026","Oct 14, 2026",11:00 AM,https://epms.ppra.gov.pk/public/tenders/tender-details/TS0000014793E,Services,2026-10-14,2026-10-05T06:27:10.880745
549,TS0000014794E,"Furniture & Fixture, AC's, Tablets","Purchase of furniture & fixture, AC's and Tablets Purchase of furniture & fixture, AC's and...",Miscellaneous,02/FUR/LZW/2026,State Life Insurance Corporation of Pakistan,Lahore - Pakistan,Published,"Sep 28, 2026","Oct 14, 2026",10:30 AM,https://epms.ppra.gov.pk/public/tenders/tender-details/TS0000014794E,Other,2026-10-14,2026-10-05T06:27:10.880745
550,TS0000014815E,Hiring of Retainer Doctor For OPD Clinic In Khiarpur Mirus (Sukkur) as per BOQ) (Under Single Stage One Envelope Bidding Procedure)(On Complete Package Basis).Hiring of,Retainer Doctor For OPD Clinic In Khiarpur Mirus (Sukkur) as per BOQ) (Under Single Stage One Envelope Bidding Procedure)(On Complete Package Basis). Hiring of Retainer Doctor For OPD Clinic In Khiarpur Mirus (Sukkur) as per BOQ) (Under Single Stage One Envelope Bidding Procedure)(On Complete Package Basis). Hiring of Retainer Doctor For OPD Clinic In...,Services,SSGC/SC/PT/EPADS2/14461,Ministry of Energy (Petroleum Division),Karachi - Pakistan,Published,"Sep 28, 2026","Oct 14, 2026",11:00 AM,https://epms.ppra.gov.pk/public/tenders/tender-details/TS0000014815E,Services,2026-10-14,2026-10-05T06:27:10.880745
551,TS0000014817E,Renovation Works of CP Stations (09 Nos.) & Guard Room (03 Nos.) and New Construction of Care Taker Rooms (02 Nos) at HQ-Dadu Section (as per BOQ/Criteria) (Having,Valid PEC Certificate Category C-6 or above having Specialization of CE-10) (Under Single Stage Two Envelope Bidding Procedure)(On Complete Package Basis). Renovation Works of CP Stations (09 Nos.) & Guard Room (03 Nos.) and New Construction of Care Taker Rooms (02 Nos) at HQ-Dadu Section (as per BOQ/Criteria) (Having Valid PEC Certificate Category C-6 or above having Specialization of CE-10) (Under Single Stage Two Envelope Bidding Procedure)(On Complete Package Basis). Renovation Works of CP Stations (09 Nos.) &...,Services,SSGC/SC/PT/EPADS2/14458,Ministry of Energy (Petroleum Division),Karachi - Pakistan,Published,"Sep 28, 2026","Oct 14, 2026",10:00 AM,https://epms.ppra.gov.pk/public/tenders/tender-details/TS0000014817E,Construction/Works,2026-10-14,2026-10-05T06:27:10.880745
552,TS0000014819E,"Civil Works For Construction Of Boundary Wall, Flooring & Fencing for 05 Nos Different Locations at Quetta (as per BOQ/Criteria) (Having Valid PEC Certificate","Category C-6 or above having Specialization of CE-10, BC-01) (Under Single Stage Two Envelope Bidding Procedure)(On Complete Package Basis). Civil Works For Construction Of Boundary Wall, Flooring & Fencing for 05 Nos Different Locations at Quetta  (as per BOQ/Criteria) (Having Valid PEC Certificate Category C-6 or above having Specialization of CE-10, BC-01) (Under Single Stage Two Envelope Bidding Procedure)(On Complete Package Basis). Civil Works For Construction Of Boundary Wall,...",Services,SSGC/SC/PT/EPADS/14460,Ministry of Energy (Petroleum Division),Karachi - Pakistan,Published,"Sep 28, 2026","Oct 14, 2026",10:30 AM,https://epms.ppra.gov.pk/public/tenders/tender-details/TS0000014819E,Construction/Works,2026-10-14,2026-10-05T06:27:10.880745
553,TS0000014827E,Ditching / Backfilling & Affiliation Works Excavation of Trenches for Laying of 63mm 125mm P.E Gas Pipeline & Cushioning of Soft Soil for Rehabilitation of GDS at,"Khursheed Town and ado Khan Jatoi, Hala Naka, Hyderabad City, Hyderabad District (Total 7,404 Meter)(As Per BOQ/ Criteria) (Under Single Stage Two Envelope Bidding Procedure) (Having Valid PEC Certificate Category C-4 or above having Specialization of CE-08) (On Complete Package Basis) Ditching / Backfilling & Affiliation Works Excavation of Trenches for Laying of  63mm 125mm P.E Gas Pipeline & Cushioning of Soft Soil for Rehabilitation of GDS at Khursheed Town and ado Khan Jatoi, Hala Naka, Hyderabad City, Hyderabad District (Total 7,404 Meter)(As Per BOQ/ Criteria) (Under Single Stage Two Envelope Bidding Procedure) (Having Valid PEC Certificate Category C-4 or above having Specialization of CE-08) (On Complete Package Basis) Ditching / Backfilling & Affiliation Works...",Services,SSGC/SC/PT/EPADS2/14443,Ministry of Energy (Petroleum Division),Karachi - Pakistan,Published,"Sep 28, 2026","Oct 14, 2026",12:00 PM,https://epms.ppra.gov.pk/public/tenders/tender-details/TS0000014827E,Construction/Works,2026-10-14,2026-10-05T06:27:10.880745
554,TS0000014829E,STG-09/2026-27,EG-220 Tower Complete 4 & 8 Meter Extension,Electrical Items,P132469,Ministry of Energy (Power Division),Quetta - Pakistan,Published,"Sep 28, 2026","Oct 14, 2026",10:30 AM,https://epms.ppra.gov.pk/public/tenders/tender-details/TS0000014829E,Energy/Utilities,2026-10-14,2026-10-05T06:27:10.880745
555,TS0000014830E,STG-10/2026-27,Procurement of Off Size Brace Procurement of Off Size Brace,Electrical Items,P132478,Ministry of Energy (Power Division),Quetta - Pakistan,Published,"Sep 28, 2026","Oct 14, 2026",11:30 AM,https://epms.ppra.gov.pk/public/tenders/tender-details/TS0000014830E,Energy/Utilities,2026-10-14,2026-10-05T06:27:10.880745
556,TS0000014831E,LET/050/26 (Solar Security Lights),LET/050/26 (Solar Security Lights) LET/050/26 (Solar Security Lights),Miscellaneous,LET/050/26,Sui Northern Gas Pipelines Limited (SNGPL),Lahore - Pakistan,Published,"Sep 28, 2026","Oct 14, 2026",02:30 PM,https://epms.ppra.gov.pk/public/tenders/tender-details/TS0000014831E,Energy/Utilities,2026-10-14,2026-10-05T06:27:10.880745
557,TS0000014646E,PAKISTAN ORDNANCE FACTORIES POF SANJWAL,Production Tools (Special). Production Tools (Special).,Equipments,0299/LP/Sjl/56,Pakistan Ordnance Factories (POF),Attock - Pakistan,Published,"Sep 28, 2026","Oct 13, 2026",11:00 AM,https://epms.ppra.gov.pk/public/tenders/tender-details/TS0000014646E,Goods/Supplies,2026-10-13,2026-10-05T06:27:10.880745
558,TS0000014647E,PAKISTAN ORDNANCE FACTORIES POF SANJWAL,Production Tools (Special). Production Tools (Special).,Equipments,0254/LP/Sjl/56,Pakistan Ordnance Factories (POF),Attock - Pakistan,Published,"Sep 28, 2026","Oct 13, 2026",11:00 AM,https://epms.ppra.gov.pk/public/tenders/tender-details/TS0000014647E,Goods/Supplies,2026-10-13,2026-10-05T06:27:10.880745
559,TS0000014649E,PAKISTAN ORDNANCE FACTORIES POF SANJWAL,Machine/Plant Spares Electrical Machine/Plant Spares Electrical,Electrical Items,0226/LP/Sjl/56,Pakistan Ordnance Factories (POF),Attock - Pakistan,Published,"Sep 28, 2026","Oct 13, 2026",11:00 AM,https://epms.ppra.gov.pk/public/tenders/tender-details/TS0000014649E,Energy/Utilities,2026-10-13,2026-10-05T06:27:10.880745
560,TS0000014650E,PAKISTAN ORDNANCE FACTORIES POF SANJWAL,Production Tools (Special). Production Tools (Special).,Equipments,0285/LP/Sjl/56,Pakistan Ordnance Factories (POF),Attock - Pakistan,Published,"Sep 28, 2026","Oct 13, 2026",11:00 AM,https://epms.ppra.gov.pk/public/tenders/tender-details/TS0000014650E,Goods/Supplies,2026-10-13,2026-10-05T06:27:10.880745
561,TS0000012152E,Provision Of gardening Services,As Per Tender Documents,Services,ADMIN:MUT:09.19(0014/2026-27),Sui Northern Gas Pipelines Limited (SNGPL),Multan - Pakistan,PublishedCorrigendum,"Sep 28, 2026","Oct 13, 2026",11:00 AM,https://epms.ppra.gov.pk/public/tenders/tender-details/TS0000012152E,Services,2026-10-13,2026-10-05T06:27:10.880745
562,TS0000014761E,Pre Qualification Oprn Frame Work,Pre Qualifcation Open Frame Work,Miscellaneous,IBCC/Admin-05/2026,Inter Boards Coordination Commission (IBCC),Islamabad - Pakistan,Published,"Sep 28, 2026","Oct 13, 2026",10:00 AM,https://epms.ppra.gov.pk/public/tenders/tender-details/TS0000014761E,Other,2026-10-13,2026-10-05T06:27:10.880745
563,TS0000014762E,Supply and Installation of Equipment/ Machinery,Supply and Installation of Equipment/ Machinery Supply and Installation of Equipment/ Machinery,Equipments,MRC&AMRE/PCSIR/Equipment/2026/02,Ministry of Science and Technology,Islamabad - Pakistan,Published,"Sep 28, 2026","Oct 13, 2026",11:00 AM,https://epms.ppra.gov.pk/public/tenders/tender-details/TS0000014762E,Goods/Supplies,2026-10-13,2026-10-05T06:27:10.880745
564,TS0000014763E,IT Equipment & Accessories for NUMS-KHINAMS,National University of Medical Sciences (NUMS)...,Equipments,MS/DT/2026/152,National University of Medical Sciences (NUMS),Rawalpindi - Pakistan,Published,"Sep 28, 2026","Oct 13, 2026",09:30 AM,https://epms.ppra.gov.pk/public/tenders/tender-details/TS0000014763E,Goods/Supplies,2026-10-13,2026-10-05T06:27:10.880745
565,TS0000014765E,Repair / Maint Works,Application for pre-qualification of firms /...,Repair/Maintenance,AGE (Army) Bannu Ltr No. 6000/6/E6 dt 28 Sep 2026,Ministry of Defence,Bannu - Pakistan,Published,"Sep 28, 2026","Oct 13, 2026",11:30 AM,https://epms.ppra.gov.pk/public/tenders/tender-details/TS0000014765E,Services,2026-10-13,2026-10-05T06:27:10.880745
566,TS0000014769E,"Reclamation & Replacement of damaged parts with new parts of 200-KVA ir-reparable damaged distribution T/Fs having less cores, less copper, nil oil, damaged tubes /","defective bodies, and some other components, with complete replacement of elliptical tubes Reclamation & Replacement of damaged parts...",Repair/Maintenance,786/98/TRW/2026-27,Ministry of Energy (Power Division),Gujranwala - Pakistan,Published,"Sep 28, 2026","Oct 13, 2026",11:00 AM,https://epms.ppra.gov.pk/public/tenders/tender-details/TS0000014769E,Services,2026-10-13,2026-10-05T06:27:10.880745
567,TS0000014772E,Purchase of anti cancer medicines,Purchase of anti cancer medicines Purchase of anti cancer medicines,Health/Medicines,02/26-27,Pakistan Atomic Energy Commission (PAEC),Swat - Pakistan,Published,"Sep 28, 2026","Oct 13, 2026",11:30 AM,https://epms.ppra.gov.pk/public/tenders/tender-details/TS0000014772E,Medical/Health,2026-10-13,2026-10-05T06:27:10.880745
568,TS0000014775E,PSO-OP-20045-NZ-Services required for replacement of ACB in LT panel at Chakpirana Depot,"SPECIAL INSTRUCTIONS:  Any party interested to participate in any of the tender(s) may send its request for tender documents through SAP Ariba Portal in the following manner:  1.	Scanned copy of the duly signed and stamped request on official letterhead of the bidder shall be uploaded on SAP Ariba Portal. In the subject request letter, please mention “Tender Documents Collection Request – Tender No.______”. 2.	Request shall be accompanied by scanned copies of the following: a.	Valid NTN, GST/PST certificates, CNIC of owner/ authorized representative. Vendor should be an active tax payer. PSO-OP-20045-NZ-Services required for replacement...",Services,PSO-OP-20045-NZ-Services required for replacement of ACB in LT panel at Chakpirana Depot,Pakistan State Oil (PSO),Karachi - Pakistan,Published,"Sep 28, 2026","Oct 13, 2026",02:15 PM,https://epms.ppra.gov.pk/public/tenders/tender-details/TS0000014775E,Services,2026-10-13,2026-10-05T06:27:10.880745
569,TS0000014264E,PROCUREMENT & INSTALLATION OF TYPE-056 SCIB,PROCUREMENT & INSTALLATION OF TYPE-056 SCIB,Miscellaneous,2690030/R-2609/310138,Directorate of Procurement (Navy),Islamabad - Pakistan,PublishedCorrigendum,"Sep 28, 2026","Oct 13, 2026",10:30 AM,https://epms.ppra.gov.pk/public/tenders/tender-details/TS0000014264E,Goods/Supplies,2026-10-13,2026-10-05T06:27:10.880745
570,TS0000014777E,Supply of IT Accessories and Consumables,,Info and Comm Tech,004/46/IT (EPADS V2 No. P125617),"Ministry of Planning, Development & Special Initiatives",Islamabad - Pakistan,Published,"Sep 28, 2026","Oct 13, 2026",10:00 AM,https://epms.ppra.gov.pk/public/tenders/tender-details/TS0000014777E,IT/Technology,2026-10-13,2026-10-05T06:27:10.880745
571,TS0000014780E,"4793-Printing Items (Answer Books, Envelops and Letter Heads), Paper Ream and Packing Tapes","for Examination Section, CUI-Lahore Campus",Printing,CUI-LHR-TN-26-1947,COMSATS University Islamabad,lahore - Pakistan,Published,"Sep 28, 2026","Oct 13, 2026",11:00 AM,https://epms.ppra.gov.pk/public/tenders/tender-details/TS0000014780E,Other,2026-10-13,2026-10-05T06:27:10.880745
572,TS0000014787E,PROCUREMENT OF MISC SPARES AND GOODS,NORMAL TENDER Tender bulletin of Misc spares / goods of items...,Miscellaneous,CLP/IT/1200,Ministry of Defence,Karachi. - Pakistan,Published,"Sep 28, 2026","Oct 13, 2026",10:00 AM,https://epms.ppra.gov.pk/public/tenders/tender-details/TS0000014787E,Goods/Supplies,2026-10-13,2026-10-05T06:27:10.880745
573,TS0000014788E,Notice of Tender,Notice of Tender Tender will be opened on due date and time.,Civil Works,6168-NSC/07/E-6 dated 09-28-2026,Military Engineering Services (Army),RAWALPINDI - Pakistan,Published,"Sep 28, 2026","Oct 13, 2026",11:30 AM,https://epms.ppra.gov.pk/public/tenders/tender-details/TS0000014788E,Construction/Works,2026-10-13,2026-10-05T06:27:10.880745
574,TS0000014795E,"Renovation of 4th floor, PSO House",,"Petroleum, Oil & Lubricants",AD-20050-FF,Pakistan State Oil (PSO),Karachi - Pakistan,Published,"Sep 28, 2026","Oct 13, 2026",02:15 PM,https://epms.ppra.gov.pk/public/tenders/tender-details/TS0000014795E,Construction/Works,2026-10-13,2026-10-05T06:27:10.880745
575,TS0000014800EPost PQ Tender,Hiring Services for Security Guards,,Services,P89149,Ministry of Federal Education and Professional Training,Islamabad - Pakistan,Published,"Sep 28, 2026","Oct 13, 2026",10:00 AM,https://epms.ppra.gov.pk/public/tenders/tender-details/TS0000014800EPost PQ Tender,Services,2026-10-13,2026-10-05T06:27:10.880745
576,TS0000010182E,CORRIGENDUM INVITATION TO BID PROCUREMENT OF QTY. 01 CARGO / VEHICLE SCANNER FOR JIAP KARACHI I/T No. HQPAA/1992/372/XXLN,CORRIGENDUM INVITATION TO BID PROCUREMENT OF QTY. 01 CARGO / VEHICLE SCANNER FOR JIAP KARACHI I/T No. HQPAA/1992/372/XXLN CORRIGENDUM INVITATION TO BID PROCUREMENT OF QTY....,Miscellaneous,12432F,Pakistan Airports Authority (PAA),Karachi - Pakistan,PublishedCorrigendum,"Sep 28, 2026","Oct 13, 2026",11:00 AM,https://epms.ppra.gov.pk/public/tenders/tender-details/TS0000010182E,Goods/Supplies,2026-10-13,2026-10-05T06:27:10.880745
577,TS0000014808E,PURCHASE OF CAPITAL ITEMS FOR HRDD GUJRANWALA,PURCHASE OF CAPITAL ITEMS FOR GUJRANWALA ZONE,Furniture/Fixture,"GRW/HRA&P/003/2026, P136395",State Life Insurance Corporation of Pakistan,Gujranwala - Pakistan,Published,"Sep 28, 2026","Oct 13, 2026",10:30 AM,https://epms.ppra.gov.pk/public/tenders/tender-details/TS0000014808E,Goods/Supplies,2026-10-13,2026-10-05T06:27:10.880745
578,TS0000014810E,"Upgrade of CCTV camera system at PTA Headquarters, Islamabad","Upgrade of CCTV camera system at PTA Headquarters, Islamabad Upgrade of CCTV camera system at PTA...",Food Items,PTA/Admin/P91756/2026,Cabinet Division,Islamabad - Pakistan,Published,"Sep 28, 2026","Oct 13, 2026",11:00 AM,https://epms.ppra.gov.pk/public/tenders/tender-details/TS0000014810E,IT/Technology,2026-10-13,2026-10-05T06:27:10.880745
579,TS0000014811E,Procurement of Imported LPG 900 MT for the Month of October 2026 (13th – 20th October 2026),Procurement of Imported LPG 900 MT for the Month of October 2026 (13th – 20th October 2026) Procurement of Imported LPG 900 MT for the Month...,"Petroleum, Oil & Lubricants",GF-20052-JA,Pakistan State Oil (PSO),Karachi - Pakistan,Published,"Sep 28, 2026","Oct 13, 2026",02:15 PM,https://epms.ppra.gov.pk/public/tenders/tender-details/TS0000014811E,Energy/Utilities,2026-10-13,2026-10-05T06:27:10.880745
580,TS0000014813E,"Disposal of Scrap / Dismantling / Destruction of Confiscated Machinery, Equipment & Raw Material",DISPOSAL OF SCRAP Disposal of Scrap / Dismantling / Destruction of...,Miscellaneous,883/Admn/2026-27,Federal Board of Revenue (FBR),Sialkot - Pakistan,Published,"Sep 28, 2026","Oct 13, 2026",08:00 AM,https://epms.ppra.gov.pk/public/tenders/tender-details/TS0000014813E,Goods/Supplies,2026-10-13,2026-10-05T06:27:10.880745
581,TS0000014820E,Notice of Tender,,Miscellaneous,DW&CE/6404-Advt-Psc/03/E-6,Ministry of Defence,Rawalpindi - Pakistan,Published,"Sep 28, 2026","Oct 13, 2026",11:30 AM,https://epms.ppra.gov.pk/public/tenders/tender-details/TS0000014820E,Other,2026-10-13,2026-10-05T06:27:10.880745
582,TS0000014821E,STG-05/2026-27,Battery Charger 110 VDC & Battery Bank Procurement of Battery Charger 110 VDC &...,Electrical Items,P132439,Ministry of Energy (Power Division),Quetta - Pakistan,Published,"Sep 28, 2026","Oct 13, 2026",10:30 AM,https://epms.ppra.gov.pk/public/tenders/tender-details/TS0000014821E,Energy/Utilities,2026-10-13,2026-10-05T06:27:10.880745
583,TS0000014822E,"CONSULTANCY SERVICES FOR SECURITY RISK ASSESSMENT, SECURITY PROTOCOLS AND DEVELOPMENT OF SECURITY MANUAL FOR ISMO",,Services,10/2026-27,Ministry of Energy (Power Division),Islamabad - Pakistan,Published,"Sep 28, 2026","Oct 13, 2026",11:00 AM,https://epms.ppra.gov.pk/public/tenders/tender-details/TS0000014822E,Services,2026-10-13,2026-10-05T06:27:10.880745
584,TS0000014823E,STG-06/2026-27,Silica Gel Silica Gel,Electrical Items,P132445,Ministry of Energy (Power Division),Quetta - Pakistan,Published,"Sep 28, 2026","Oct 13, 2026",11:30 AM,https://epms.ppra.gov.pk/public/tenders/tender-details/TS0000014823E,Energy/Utilities,2026-10-13,2026-10-05T06:27:10.880745
585,TS0000014824E,"1). Contract for Operation and Maintenance of HVAC System, Inspection of CP System of 42in and 24in PSO Pipeline from ZOT to Booster Station and Services Branded SMS with","PSO Taaluq Masking 1). Contract for Operation and Maintenance of HVAC System, Inspection of CP System of 42in and 24in PSO Pipeline from ZOT to Booster Station and Services Branded SMS with PSO Taaluq Masking 1). Contract for Operation and Maintenance of...",Services,"1). AD-A4948-AA , 2). OP-20054-AA, & 3). CS-A4950-AA",Pakistan State Oil (PSO),Karachi - Pakistan,Published,"Sep 28, 2026","Oct 13, 2026",02:15 PM,https://epms.ppra.gov.pk/public/tenders/tender-details/TS0000014824E,IT/Technology,2026-10-13,2026-10-05T06:27:10.880745
586,TS0000014825E,STG-07/2026-27,Transformer Oil (A Grade) Transformer Oil (A Grade),Electrical Items,P132448,Ministry of Energy (Power Division),Quetta - Pakistan,Published,"Sep 28, 2026","Oct 13, 2026",12:30 PM,https://epms.ppra.gov.pk/public/tenders/tender-details/TS0000014825E,Energy/Utilities,2026-10-13,2026-10-05T06:27:10.880745
587,TS0000014826E,"SUPPLY, INSTALLATION, CONFIGURATION & COMMISSIONING OF NETWORK INFRASTRUCTURE",,Equipments,09/2026-27,Ministry of Energy (Power Division),Islamabad - Pakistan,Published,"Sep 28, 2026","Oct 13, 2026",11:00 AM,https://epms.ppra.gov.pk/public/tenders/tender-details/TS0000014826E,Construction/Works,2026-10-13,2026-10-05T06:27:10.880745
588,TS0000014828E,STG-08/2026-27,ZM-I Type Tower and Stubs & Cleats ZM-I Type Tower and Stubs & Cleats,Electrical Items,P132460,Ministry of Energy (Power Division),Quetta - Pakistan,Published,"Sep 28, 2026","Oct 13, 2026",02:00 PM,https://epms.ppra.gov.pk/public/tenders/tender-details/TS0000014828E,Energy/Utilities,2026-10-13,2026-10-05T06:27:10.880745
589,TS0000014832E,"Hiring of a Firm as EMC for WEXNET Quetta, 2026",,Miscellaneous,TDAP/QTA/WE/2026,Ministry of Commerce,Karachi - Pakistan,Published,"Sep 28, 2026","Oct 13, 2026",11:00 AM,https://epms.ppra.gov.pk/public/tenders/tender-details/TS0000014832E,Other,2026-10-13,2026-10-05T06:27:10.880745
590,TS0000014833E,CSO ASF JIAP Karachi Repair of Office Building,Repair Office Building (Non-Consultancy Services) “Repair Office Building” with the reference...,Repair/Maintenance,P127075,Ministry of Defence,Karachi - Pakistan,Published,"Sep 28, 2026","Oct 13, 2026",11:00 AM,https://epms.ppra.gov.pk/public/tenders/tender-details/TS0000014833E,Construction/Works,2026-10-13,2026-10-05T06:27:10.880745
591,TS0000014835E,Invitations to e-Bids & Extension Notice,OGDC-SCM-LBF-CB-CESS-QP-335422172-2026,Miscellaneous,165/13,Oil and Gas Development Company Limited (OGDCL),Islamabad - Pakistan,Published,"Sep 28, 2026","Oct 13, 2026",02:30 PM,https://epms.ppra.gov.pk/public/tenders/tender-details/TS0000014835E,Other,2026-10-13,2026-10-05T06:27:10.880745
592,TS0000014632E,PAKISTAN ORDNANCE FACTORIES POF SANJWAL,Xylene Industrial & Paint Golden Yellow Xylene Industrial & Paint Golden Yellow,Chemical Items,0256/LP/Sjl/56,Pakistan Ordnance Factories (POF),Attock - Pakistan,Published,"Sep 28, 2026","Oct 13, 2026",11:00 AM,https://epms.ppra.gov.pk/public/tenders/tender-details/TS0000014632E,Other,2026-10-13,2026-10-05T06:27:10.880745
593,TS0000014640E,"Janitorial & Cleaning Services including Spraying Fumigation, Termite Proofing & Rodent Control at Parliament Lodges, Islamabad. (RRC 2026- 27)",,Miscellaneous,p112033,Capital Development Authority,Islamabad - Pakistan,Published,"Sep 28, 2026","Oct 13, 2026",11:00 AM,https://epms.ppra.gov.pk/public/tenders/tender-details/TS0000014640E,Services,2026-10-13,2026-10-05T06:27:10.880745
594,TS0000014680E,Procurement of Packaged Milk,3881/402/S&P/IT-02/APC/Proc  DATED 11 Aug 2026 Procurement of Packaged Milk,Food Items,3881/402/S&P/IT-02/APC/Proc DATED 11 Aug 2026,Ministry of Defence Production,Taxila - Pakistan,PublishedCorrigendum,"Sep 28, 2026","Oct 12, 2026",12:00 PM,https://epms.ppra.gov.pk/public/tenders/tender-details/TS0000014680E,Goods/Supplies,2026-10-12,2026-10-05T06:27:10.880745
595,TS0000012909E,HUAWEI AI ENABLIED WAN ROUTER CORE P-LEVEL AND ROUTERS AT CORE PE-LEVEL FOR PN ADMIN NETWORK INCLUDING DC POWER RECTIFIERS,HUAWEI AI ENABLIED WAN ROUTER CORE P-LEVEL AND...,Miscellaneous,2690041/R-2609/310079,Directorate of Procurement (Navy),Islamabad - Pakistan,PublishedCorrigendum,"Sep 28, 2026","Oct 08, 2026",10:30 AM,https://epms.ppra.gov.pk/public/tenders/tender-details/TS0000012909E,IT/Technology,2026-10-08,2026-10-05T06:27:10.880745
596,TS0000013514E,Communication Solution for PRAL Office,Communication Solution for PRAL Office Communication Solution for PRAL Office,Services,P-59/2026,Ministry of Finance,Islamabad - Pakistan,PublishedCorrigendum,"Sep 28, 2026","Oct 08, 2026",03:00 PM,https://epms.ppra.gov.pk/public/tenders/tender-details/TS0000013514E,Services,2026-10-08,2026-10-05T06:27:10.880745
597,TS0000013523E,"Supply of Microsoft Office 365 Licenses, Operations Support & Migration Services",Single Stage-Two Envelope will be used by adopting Least Cost Based Selection (LCBS) Technique for the subject procurement All Bids must be accompanied by a Bid Security...,Services,HEC-0344,Higher Education Commission (HEC),Islamabad - Pakistan,PublishedCorrigendum,"Sep 28, 2026","Oct 08, 2026",11:30 AM,https://epms.ppra.gov.pk/public/tenders/tender-details/TS0000013523E,Services,2026-10-08,2026-10-05T06:27:10.880745
598,TS0000013582E,Construction of PRS Cages (19 Nos.) at Different Location in Quetta Region,"Construction of PRS Cages (19 Nos.) at Different Location in Quetta Region Balochistan (as per BOQ/Criteria) (Having Valid PEC Certificate Category C-6 or above having Specialization of CE-10, BC-01 and CE-08) (Under Single Stage Two Envelope Bidding Procedure)(On Complete Package Basis). Construction of PRS Cages (19 Nos.) at Different...",Services,SSGC/SC/PT/EPADS2/14441,Ministry of Energy (Petroleum Division),Karachi - Pakistan,PublishedCorrigendum,"Sep 28, 2026","Oct 07, 2026",11:00 AM,https://epms.ppra.gov.pk/public/tenders/tender-details/TS0000013582E,Construction/Works,2026-10-07,2026-10-05T06:27:10.880745
599,TS0000013717E,Procurement of Laptops,IT-20006-YP-Procurement of Laptops IT-20006-YP-Procurement of Macbook,Info and Comm Tech,IT-20006-YP,Pakistan State Oil (PSO),Karachi - Pakistan,PublishedCorrigendum,"Sep 28, 2026","Oct 06, 2026",02:15 PM,https://epms.ppra.gov.pk/public/tenders/tender-details/TS0000013717E,Goods/Supplies,2026-10-06,2026-10-05T06:27:10.880745
600,TS0000014173E,"PROCUREMENT OF MICROSOFT 365 LICENSES, IMPLEMENTATION, MIGRATION, CONFIGURATION AND SUPPORT SERVICES","PROCUREMENT OF MICROSOFT 365 LICENSES,  IMPLEMENTATION, MIGRATION, CONFIGURATION AND SUPPORT SERVICES PROCUREMENT OF MICROSOFT 365 LICENSES,...",Services,Proc/Software/IT/PC/2026,Ministry of Privatisation-Privatisation Commission,Islamabad - Pakistan,PublishedCorrigendum,"Sep 28, 2026","Oct 05, 2026",11:00 AM,https://epms.ppra.gov.pk/public/tenders/tender-details/TS0000014173E,Services,2026-10-05,2026-10-05T06:27:10.880745
601,TS0000013765E,"PROCUREMENT OF STATIONERY, JANITORIAL, GENERAL CONSUMABLES, PLUMBING, HARDWARE AND REFRESHMENT ITEMS THROUGH CLOSED FRAMEWORK AGREEMENT",,Consumable Items,8/2026-27,Ministry of Energy (Power Division),Islamabad - Pakistan,PublishedCorrigendum,"Sep 28, 2026","Oct 02, 2026",11:00 AM,https://epms.ppra.gov.pk/public/tenders/tender-details/TS0000013765E,Goods/Supplies,2026-10-02,2026-10-05T06:27:10.880745
602,TS0000014692E,"Hiring of Consultancy Services for Detailed Design, Cost Estimation, Bidding Documents and Construction Supervision of Slaughter House at Bhatta Chowk, Rawalpindi","Cantonment Hiring of Consultancy Services for Detailed Design, Cost Estimation, Bidding Documents and Construction Supervision of Slaughter House at Bhatta Chowk, Rawalpindi Cantonment Hiring of Consultancy Services for Detailed...",Services,P135753,Ministry of Defence,Rawalpindi - Pakistan,Published,"Sep 27, 2026","Oct 16, 2026",01:00 PM,https://epms.ppra.gov.pk/public/tenders/tender-details/TS0000014692E,Construction/Works,2026-10-16,2026-10-05T06:27:10.880745
603,TS0000014709E,PUBLIC AUCTION OCT 2026,Class down vehicles in which Toyota XLI/GLI/Altis...,Miscellaneous,NWD/26-27/Ex/03,Ministry of Defence Production,Rawalpindi - Pakistan,Published,"Sep 27, 2026","Oct 15, 2026",09:00 AM,https://epms.ppra.gov.pk/public/tenders/tender-details/TS0000014709E,Auction/Land,2026-10-15,2026-10-05T06:27:10.880745
604,TS0000014751E,"Rate Running Contract for Provision of Store Material / Miscellaneous Items for Transport Section Environment Wing, CDA",,Miscellaneous,P134877,Capital Development Authority,Islamabad - Pakistan,Published,"Sep 27, 2026","Oct 15, 2026",11:30 AM,https://epms.ppra.gov.pk/public/tenders/tender-details/TS0000014751E,Services,2026-10-15,2026-10-05T06:27:10.880745
605,TS0000014752E,"Procurement of LT BUSHES (Complete in all Respect) Of 25 KVA ,50KVA,100 KVA, and 200 KVA (AMENDMENT NO.04 & AMENDMENT NO.05)",,Electrical Items,TENDER NO 1422/26,Ministry of Energy (Power Division),Sukkur - Pakistan,Published,"Sep 27, 2026","Oct 15, 2026",10:30 AM,https://epms.ppra.gov.pk/public/tenders/tender-details/TS0000014752E,Energy/Utilities,2026-10-15,2026-10-05T06:27:10.880745
606,TS0000014753E,"PROCUREMENT OF FRESH (NEW) TRANSFORMER ""A"" CLASS OIL",,"Petroleum, Oil & Lubricants",TENDER NO 1412/26,Ministry of Energy (Power Division),Sukkur - Pakistan,Published,"Sep 27, 2026","Oct 15, 2026",10:30 AM,https://epms.ppra.gov.pk/public/tenders/tender-details/TS0000014753E,Energy/Utilities,2026-10-15,2026-10-05T06:27:10.880745
607,TS0000014756E,Civil Works Division LESCO Tender No.03 (2026-27),"Tender No.03 (2026-27) Passive networking at 7 No. Offices i.e. MIRAD,...",Info and Comm Tech,Civil Works Division LESCO Tender No.03 (2026-27),Ministry of Energy (Power Division),Lahore - Pakistan,Published,"Sep 27, 2026","Oct 14, 2026",11:00 AM,https://epms.ppra.gov.pk/public/tenders/tender-details/TS0000014756E,Construction/Works,2026-10-14,2026-10-05T06:27:10.880745
608,TS0000013606E,HIRING OF SECURITY SERVICES FOR KORANGI FISHERIES HARBOUR AUTHORITY,The objective of this bidding process is to...,Services,KoFHA/A/Tender/Security/2026,Ministry of Maritime Affairs,Karachi - Pakistan,PublishedCorrigendum,"Sep 27, 2026","Oct 14, 2026",02:00 PM,https://epms.ppra.gov.pk/public/tenders/tender-details/TS0000013606E,Services,2026-10-14,2026-10-05T06:27:10.880745
609,TS0000014747E,Tender for the Procurement of IT Equipment (Goods),"Procurement of IT Equipment under IDSRS Project, NIH, Islamabad through Single Stage–Two Envelope bidding procedure. Procurement of IT Equipment, including computers,...",Info and Comm Tech,F.9-1/2025-IDSRS-NIH,National Institute of Health (NIH),Islamabad - Pakistan,Published,"Sep 27, 2026","Oct 13, 2026",12:30 PM,https://epms.ppra.gov.pk/public/tenders/tender-details/TS0000014747E,IT/Technology,2026-10-13,2026-10-05T06:27:10.880745
610,TS0000014749E,PROCUREMENT OF 60 KVA DIESEL GENERATOR SET,,Mechanical/Machinery,TENDER NOTICE NO. SLIC/GZ/HRA&P/01/2026,Ministry of Commerce,Gilgit - Pakistan,Published,"Sep 27, 2026","Oct 13, 2026",11:00 AM,https://epms.ppra.gov.pk/public/tenders/tender-details/TS0000014749E,Goods/Supplies,2026-10-13,2026-10-05T06:27:10.880745
611,TS0000014755E,Purchase of Seed / Fertilizer,Maize Seed / Fertilizer,Agricultural Products,Purchase of Seed / Fertilizer,Centre of Excellence for Bovine Genetics,Renala Khurd - Pakistan,Published,"Sep 27, 2026","Oct 13, 2026",10:30 AM,https://epms.ppra.gov.pk/public/tenders/tender-details/TS0000014755E,Goods/Supplies,2026-10-13,2026-10-05T06:27:10.880745
612,TS0000014686E,"Procurement of Stationery, Miscellaneous/Cleaning Items, Water Bottle Refills, Computer Accessories, Toners/Cartridges, and Civil & Electrical Items etc.","Procurement of stationery, miscellaneous and cleaning items, water bottle refills, computer accessories, toners /cartridges and civil & electrical items during the Financial Year 2026-27. The Federal Shariat Court (FSC) intends to...",Stationery,FSC-01/2026-27,Federal Shariat Court,Islamabad - Pakistan,Published,"Sep 27, 2026","Oct 12, 2026",11:00 AM,https://epms.ppra.gov.pk/public/tenders/tender-details/TS0000014686E,IT/Technology,2026-10-12,2026-10-05T06:27:10.880745
613,TS0000014689E,Collection Rights of Digital Streamers,Collection Rights of Digital Streamers in...,Miscellaneous,V.GA/154/1455,Military Lands & Cantonments (ML&C),Nowshera - Pakistan,Published,"Sep 27, 2026","Oct 12, 2026",10:30 AM,https://epms.ppra.gov.pk/public/tenders/tender-details/TS0000014689E,IT/Technology,2026-10-12,2026-10-05T06:27:10.880745
614,TS0000014750E,"PROCUREMENT OF STATIONERY, COMPUTER STATIONERY, OTHER, COMPUTER HARDWARE","PROCUREMENT OF STATIONERY, COMPUTER STATIONERY,...",Civil Goods,FFW9985,Ministry of Information and Broadcasting,Islamabad - Pakistan,Published,"Sep 27, 2026","Oct 12, 2026",12:00 PM,https://epms.ppra.gov.pk/public/tenders/tender-details/TS0000014750E,IT/Technology,2026-10-12,2026-10-05T06:27:10.880745
615,TS0000014754E,Purchase of Laser jet/Other Printers for PTA,Purchase of Laser jet/Other Printers for PTA,Appliances,Purchase of Laser jet/Other Printers for PTA,Cabinet Division,Islamabad - Pakistan,Published,"Sep 27, 2026","Oct 12, 2026",11:00 AM,https://epms.ppra.gov.pk/public/tenders/tender-details/TS0000014754E,Goods/Supplies,2026-10-12,2026-10-05T06:27:10.880745
616,TS0000014588E,Daily LP Medicine contract FY 2026-27,Daily LP Medicine contract FY 2026-27 Daily LP Medicine contract FY 2026-27,Health/Medicines,Daily LP Medicine contract FY 2026-27,Pakistan Army,Rawalpindi - Pakistan,Published,"Sep 27, 2026","Oct 12, 2026",11:00 PM,https://epms.ppra.gov.pk/public/tenders/tender-details/TS0000014588E,Medical/Health,2026-10-12,2026-10-05T06:27:10.880745
617,TS0000014737E,Supplies of Split Type Air Conditioners Units,"State Life Insurance Corporation of Pakistan (SLIC) invites sealed financial bids (through EPADS) in accordance with PPRA Rules under single stage one-envelopes procedure from well recognized firms dealing in sale, services of air-conditioners for the supply of Air-conditioners for Field Qualifiers of, Karachi Southern Zone, State Life Insurance Corporation of Pakistan. Intended bidders must be registered with Income Tax/Sales Tax Departments , Active Tax payers status and having their own offices and telephone/Fax no (if found contrary Tender will be rejected). Split AC 1.5 Ton wall mounted 18000 BTU Non...",Repair/Maintenance,SLIC/KSZ/01/2026,Ministry of Commerce,Karachi - Pakistan,Published,"Sep 26, 2026","Oct 19, 2026",11:00 AM,https://epms.ppra.gov.pk/public/tenders/tender-details/TS0000014737E,Services,2026-10-19,2026-10-05T06:27:10.880745
618,TS0000014731E,"Repair of Machinery, Furniture, Hardware and IT Equipment",,Repair/Maintenance,Genl-7(27)/2026/27 Repair,Ministry of Energy (Petroleum Division),Islamabad - Pakistan,Published,"Sep 26, 2026","Oct 16, 2026",11:00 AM,https://epms.ppra.gov.pk/public/tenders/tender-details/TS0000014731E,IT/Technology,2026-10-16,2026-10-05T06:27:10.880745
619,TS0000014732E,Repair and Maintenance of Transport FY 2026-27,,Repair/Maintenance,Genl-7(27)/2026/27 Repair,Ministry of Energy (Petroleum Division),Islamabad - Pakistan,Published,"Sep 26, 2026","Oct 16, 2026",01:00 PM,https://epms.ppra.gov.pk/public/tenders/tender-details/TS0000014732E,Services,2026-10-16,2026-10-05T06:27:10.880745
620,TS0000014716E,PROCUREMENT OF ACSR CONDUCTOR RABBIT,,Electrical Items,TENDER NO 1416/26,Ministry of Energy (Power Division),Sukkur - Pakistan,Published,"Sep 26, 2026","Oct 15, 2026",10:30 AM,https://epms.ppra.gov.pk/public/tenders/tender-details/TS0000014716E,Energy/Utilities,2026-10-15,2026-10-05T06:27:10.880745
621,TS0000014717E,PROCUREMENT OF AA CONDUCTOR ANT,,Electrical Items,TENDER NO 1417/26,Ministry of Energy (Power Division),Sukkur - Pakistan,Published,"Sep 26, 2026","Oct 15, 2026",10:30 AM,https://epms.ppra.gov.pk/public/tenders/tender-details/TS0000014717E,Energy/Utilities,2026-10-15,2026-10-05T06:27:10.880745
622,TS0000014719E,PROCUREMENT OF PVC 2/CORE 7/0.052,,Electrical Items,TENDER NO 1418/26,Ministry of Energy (Power Division),Sukkur - Pakistan,Published,"Sep 26, 2026","Oct 15, 2026",10:30 AM,https://epms.ppra.gov.pk/public/tenders/tender-details/TS0000014719E,Energy/Utilities,2026-10-15,2026-10-05T06:27:10.880745
623,TS0000014720E,PROCUREMENT OF 15 KV XLPE POWER CABLE S/CORE 500 MCM,,Electrical Items,TENDER NO 1419/26,Ministry of Energy (Power Division),Sukkur - Pakistan,Published,"Sep 26, 2026","Oct 15, 2026",10:30 AM,https://epms.ppra.gov.pk/public/tenders/tender-details/TS0000014720E,Energy/Utilities,2026-10-15,2026-10-05T06:27:10.880745
624,TS0000014721E,PROCUREMENT OF 15KV XLPE POWER CABLE 3/CORE 4/0 AWG,,Electrical Items,TENDER NO 1420/26,Ministry of Energy (Power Division),Sukkur - Pakistan,Published,"Sep 26, 2026","Oct 15, 2026",10:30 AM,https://epms.ppra.gov.pk/public/tenders/tender-details/TS0000014721E,Energy/Utilities,2026-10-15,2026-10-05T06:27:10.880745
625,TS0000014723E,Procurement of (ABC CABLE 3x95mm2 + 1x95mm2) AND (ABC CABLE 3x70mm2 + 1x70mm2),,Electrical Items,Tender No 1421/26,Ministry of Energy (Power Division),Sukkur - Pakistan,Published,"Sep 26, 2026","Oct 15, 2026",10:30 AM,https://epms.ppra.gov.pk/public/tenders/tender-details/TS0000014723E,Energy/Utilities,2026-10-15,2026-10-05T06:27:10.880745
626,TS0000014730E,"Award of Tender for Purchase of Stationary, Computer Stationery, Misc Items for FY 2026-27",,Stationery,Genl-7(27)/2026/27 Purchase,Ministry of Energy (Petroleum Division),Islamabad - Pakistan,Published,"Sep 26, 2026","Oct 15, 2026",11:00 AM,https://epms.ppra.gov.pk/public/tenders/tender-details/TS0000014730E,IT/Technology,2026-10-15,2026-10-05T06:27:10.880745
627,TS0000010661E,HIRING OF CONSULTANTS FOR STUDY AND ASSESMENT OF TRANSMISSION & DISTRIBUTION (T&D) TECHNICAL LOSSES OF HESCO NETWORKS FOR THE YEAR 2025-2026,HIRING OF CONSULTANTS FOR STUDY AND ASSESMENT OF...,Services,HESCO/T&D LOSSES/C.E (P&E)/2026,Hyderabad Electric Supply Company (HESCO),Hyderabad - Pakistan,PublishedCorrigendum,"Sep 26, 2026","Oct 15, 2026",11:00 AM,https://epms.ppra.gov.pk/public/tenders/tender-details/TS0000010661E,IT/Technology,2026-10-15,2026-10-05T06:27:10.880745
628,TS0000014718E,"Procurement of Desktop Computers for DASR, NUST H-12 Campus Islamabad",Desktop Computers,Equipments,P136929,Higher Education Commission (HEC),Islamabad - Pakistan,Published,"Sep 26, 2026","Oct 14, 2026",11:00 AM,https://epms.ppra.gov.pk/public/tenders/tender-details/TS0000014718E,IT/Technology,2026-10-14,2026-10-05T06:27:10.880745
629,TS0000014738E,"Replacement of Existing Analogue CCTV Cameras with Digital CCTV System - RIC Building, NUST H-12 Campus Islamabad",Digital CCTV System,Equipments,P137034,Higher Education Commission (HEC),Islamabad - Pakistan,Published,"Sep 26, 2026","Oct 14, 2026",02:00 PM,https://epms.ppra.gov.pk/public/tenders/tender-details/TS0000014738E,Construction/Works,2026-10-14,2026-10-05T06:27:10.880745
630,TS0000014714E,Tender for Construction of RCB Shopping Center at Tench Road (Phase-II),Construction of RCB Shopping Center at Tench Road (Phase-II) Construction of RCB Shopping Center at Tench Road...,Civil Works,P126268,Ministry of Defence,Rawalpindi - Pakistan,Published,"Sep 26, 2026","Oct 13, 2026",01:00 PM,https://epms.ppra.gov.pk/public/tenders/tender-details/TS0000014714E,Construction/Works,2026-10-13,2026-10-05T06:27:10.880745
631,TS0000014715E,Tender for Renovation of 15 x water filtration plants including civil works (Phase-I),Renovation of 15 x water filtration plants including civil works (Phase-I) Renovation of 15 x water filtration plants...,Civil Works,P127858,Ministry of Defence,Rawalpindi - Pakistan,Published,"Sep 26, 2026","Oct 13, 2026",01:00 PM,https://epms.ppra.gov.pk/public/tenders/tender-details/TS0000014715E,Construction/Works,2026-10-13,2026-10-05T06:27:10.880745
632,TS0000014722E,Tender for Repair of pump No.05 at Sangjani Treatment Plant.,Repair of pump No.05 at Sangjani Treatment Plant. Repair of pump No.05 at Sangjani Treatment Plant....,Civil Works,P129208,Ministry of Defence,Rawalpindi - Pakistan,Published,"Sep 26, 2026","Oct 13, 2026",01:00 PM,https://epms.ppra.gov.pk/public/tenders/tender-details/TS0000014722E,Construction/Works,2026-10-13,2026-10-05T06:27:10.880745
633,TS0000014725E,"Public Improvement Works – Westridge I & II (120W LED Street Lights), Ward No. 02","Public Improvement Works – Westridge I & II (120W LED Street Lights), Ward No. 02 Public Improvement Works – Westridge I & II...",Civil Works,P131032,Ministry of Defence,Rawalpindi - Pakistan,Published,"Sep 26, 2026","Oct 13, 2026",01:00 PM,https://epms.ppra.gov.pk/public/tenders/tender-details/TS0000014725E,Construction/Works,2026-10-13,2026-10-05T06:27:10.880745
634,TS0000014726E,"Public Improvement Works – Allahabad Road & Westridge III (100W LED Street Lights), Ward No. 01","Public Improvement Works – Allahabad Road & Westridge III (100W LED Street Lights), Ward No. 01 Public Improvement Works – Allahabad Road &...",Civil Works,"Public Improvement Works – Allahabad Road & Westridge III (100W LED Street Lights), Ward No. 01",Ministry of Defence,Rawalpindi - Pakistan,Published,"Sep 26, 2026","Oct 13, 2026",01:00 PM,https://epms.ppra.gov.pk/public/tenders/tender-details/TS0000014726E,Construction/Works,2026-10-13,2026-10-05T06:27:10.880745
635,TS0000014727E,"Public Improvement Works – Misrial Road Lane 1–7 (100W LED Street Lights), Ward No. 08","Public Improvement Works – Misrial Road Lane 1–7 (100W LED Street Lights), Ward No. 08 Public Improvement Works – Misrial Road Lane...",Civil Works,P133396,Ministry of Defence,Rawalpindi - Pakistan,Published,"Sep 26, 2026","Oct 13, 2026",01:00 PM,https://epms.ppra.gov.pk/public/tenders/tender-details/TS0000014727E,Construction/Works,2026-10-13,2026-10-05T06:27:10.880745
636,TS0000014728E,"Public Improvement Works – Range Road (120W LED Street Lights with Poles), Ward No. 07","Public Improvement Works – Range Road (120W LED Street Lights with Poles), Ward No. 07 Public Improvement Works – Range Road (120W LED...",Civil Works,P133414,Ministry of Defence,Rawalpindi - Pakistan,Published,"Sep 26, 2026","Oct 13, 2026",01:00 PM,https://epms.ppra.gov.pk/public/tenders/tender-details/TS0000014728E,Construction/Works,2026-10-13,2026-10-05T06:27:10.880745
637,TS0000014739E,4791-Repair and Maintenance of PerkinElmer FTIR Spectrometer (Spectrum II) of Chemical Engineering Department,CUI Lahore Campus,Repair/Maintenance,CUI-LHR-TN-26-1945,COMSATS University Islamabad,lahore - Pakistan,Published,"Sep 26, 2026","Oct 13, 2026",11:00 AM,https://epms.ppra.gov.pk/public/tenders/tender-details/TS0000014739E,Services,2026-10-13,2026-10-05T06:27:10.880745
638,TS0000014741E,4792-Labor Services Required for Paint Work,at CUI-Lahore Campus,Services,CUI-LHR-TN-26-1946,COMSATS University Islamabad,lahore - Pakistan,Published,"Sep 26, 2026","Oct 13, 2026",11:00 AM,https://epms.ppra.gov.pk/public/tenders/tender-details/TS0000014741E,Services,2026-10-13,2026-10-05T06:27:10.880745
639,TS0000014713E,Prequalification of Closed framework Agreement for services and Procurement of Industrial Chemical,,Miscellaneous,"PRE.QUA LIFICATION NOTICE: 4145-6612-CC-2026-27, dt: 22.09.2026 T.E No. 0040-LP-CMC-57-P-A Dated: 18-09-2026",Pakistan Ordnance Factories (POF),Wah Cantt - Pakistan,Published,"Sep 26, 2026","Oct 12, 2026",11:30 AM,https://epms.ppra.gov.pk/public/tenders/tender-details/TS0000014713E,Services,2026-10-12,2026-10-05T06:27:10.880745
640,TS0000014733E,"Provision of Services for Building Repair and Maintenance at EOBI House (Ex-Awami Markaz), Karachi","Provision of Services for Building Repair and Maintenance at EOBI House (Ex-Awami Markaz), Karachi Provision of Services for Building Repair and...",Services,PRIMACO/P&C/Repair & Maintenance Karachi/10/01/2026,Ministry of Overseas Pakistanis & Human Resource Development,Islamabad - Pakistan,Published,"Sep 26, 2026","Oct 12, 2026",02:00 PM,https://epms.ppra.gov.pk/public/tenders/tender-details/TS0000014733E,Construction/Works,2026-10-12,2026-10-05T06:27:10.880745
641,TS0000014735E,Tender No. 01 HIRING OF CONSULTANCY FIRM AGAINST PENDING TAX MATTERS OF LESCO EMPLOYEES PENSION FUND THROUGH QUALITY BASED TENDERING,,Miscellaneous,Tender No. 01 HIRING OF CONSULTANCY FIRM AGAINST PENDING TAX MATTERS OF LESCO EMPLOYEES PENSION FUND THROUGH QUALITY BASED TENDERING,Ministry of Energy (Power Division),Lahore - Pakistan,Published,"Sep 26, 2026","Oct 12, 2026",10:30 AM,https://epms.ppra.gov.pk/public/tenders/tender-details/TS0000014735E,Other,2026-10-12,2026-10-05T06:27:10.880745
642,TS0000014736E,Collection Rights of 6 x Contracts,Collection Rights of 6 x Contracts 1. Collection...,Miscellaneous,V.GA/154/1453,Military Lands & Cantonments (ML&C),Nowshera - Pakistan,Published,"Sep 26, 2026","Oct 12, 2026",10:00 AM,https://epms.ppra.gov.pk/public/tenders/tender-details/TS0000014736E,Services,2026-10-12,2026-10-05T06:27:10.880745
643,TS0000014742E,Security Service for PTA HQ and nearby PTA offices in Islamabad,Security Service for PTA HQ and nearby PTA offices in Islamabad Security Service for PTA HQ and nearby PTA...,Services,PTA/Admin/P109441/2026,Cabinet Division,Islamabad - Pakistan,Published,"Sep 26, 2026","Oct 12, 2026",11:00 AM,https://epms.ppra.gov.pk/public/tenders/tender-details/TS0000014742E,Services,2026-10-12,2026-10-05T06:27:10.880745
644,TS0000014743E,Stationery and cost of other store items,purchase of items The Federal Government Organisation (FGO Academy)...,Stationery,No.1/Admn/Procu-2025-II,Federal Government Organization,Islamabad - Pakistan,Published,"Sep 26, 2026","Oct 12, 2026",11:00 AM,https://epms.ppra.gov.pk/public/tenders/tender-details/TS0000014743E,Goods/Supplies,2026-10-12,2026-10-05T06:27:10.880745
645,TS0000014744E,ISO 9001:2015 Quality Management System (QMS) Audit and Certification,"ISO 9001:2015 Quality Management System (QMS) Audit and Certification The Ministry of Human Rights,Islamabad (Ministry...",Services,P135624,Ministry of Human Rights,Islamabad - Pakistan,Published,"Sep 26, 2026","Oct 12, 2026",11:00 AM,https://epms.ppra.gov.pk/public/tenders/tender-details/TS0000014744E,IT/Technology,2026-10-12,2026-10-05T06:27:10.880745
646,TS0000014740E,Notice of Tender,Notice of Tender Provision of Certian facilities at PAF Base Qadri...,Civil Works,6000/Advt/01/E-6,Ministry of Defence,Skardu - Pakistan,Published,"Sep 26, 2026","Oct 11, 2026",11:30 AM,https://epms.ppra.gov.pk/public/tenders/tender-details/TS0000014740E,Construction/Works,2026-10-11,2026-10-05T06:27:10.880745
647,TS0000013817E,Hiring of Headhunting Firm,,Services,FFW9742,Ministry of Energy (Power Division),Islamabad - Pakistan,PublishedCorrigendum,"Sep 26, 2026","Oct 07, 2026",11:00 AM,https://epms.ppra.gov.pk/public/tenders/tender-details/TS0000013817E,Services,2026-10-07,2026-10-05T06:27:10.880745
648,TS0000014214E,Stationery Items And Computer Accessories,Office Stationery,Stationery,P119017,Frontier Works Organization (FWO),Rawalpindi - Pakistan,PublishedCorrigendum,"Sep 26, 2026","Oct 06, 2026",12:00 PM,https://epms.ppra.gov.pk/public/tenders/tender-details/TS0000014214E,IT/Technology,2026-10-06,2026-10-05T06:27:10.880745
649,TS0000014734E,"INVITATION FOR EXPRESSION OF INTEREST (Submission of Firm Profiles for Pre-qualification and Short-listing of Consultancy Firms) COMPREHENSIVE FIRE SAFETY, LIFE SAFETY","AND HSE AUDIT AND DESIGN CONSULTANCY FOR HEALTHCARE AND ALLIED ESTABLISHMENTS UNDER THE ADMINISTRATIVE CONTROL OF THE NHSRC INVITATION FOR EXPRESSION OF INTEREST (Submission of Firm Profiles for Pre-qualification and Short-listing of Consultancy Firms) COMPREHENSIVE FIRE SAFETY, LIFE SAFETY AND HSE AUDIT AND DESIGN CONSULTANCY FOR HEALTHCARE AND ALLIED ESTABLISHMENTS UNDER THE ADMINISTRATIVE CONTROL OF THE NHSRC INVITATION FOR EXPRESSION OF INTEREST (Submission...",Health/Medicines,1-26/2026/IT,"Ministry of National Health Services, Regulation & Coordination",Islamabad - Pakistan,Published,"Sep 26, 2026","Oct 05, 2026",03:00 PM,https://epms.ppra.gov.pk/public/tenders/tender-details/TS0000014734E,Medical/Health,2026-10-05,2026-10-05T06:27:10.880745
650,TS0000013539E,Welding Fittings,Welding Fittings,Miscellaneous,SN-4777/26,Sui Northern Gas Pipelines Limited (SNGPL),Islamabad - Pakistan,PublishedCorrigendum,"Sep 25, 2026","Nov 03, 2026",02:30 PM,https://epms.ppra.gov.pk/public/tenders/tender-details/TS0000013539E,Other,2026-11-03,2026-10-05T06:27:10.880745
651,TS0000012103E,"Request For Proposal (RFP) for Consultancy Services for Establishment, Operation and Management of Sea-to-Steel (S2S) Project at Iron, Ore & Coal Berth (IOCB) at Port",Qasim,Services,P92854,Ministry of Maritime Affairs,Karachi - Pakistan,PublishedCorrigendum,"Sep 25, 2026","Oct 30, 2026",12:00 PM,https://epms.ppra.gov.pk/public/tenders/tender-details/TS0000012103E,Services,2026-10-30,2026-10-05T06:27:10.880745
652,TS0000014670E,"TENDER NO. 4442 (Single Phase, LT Type CT Operated and HT Type CT & PT Operated AMI Smart Energy Meters)",,Miscellaneous,"TENDER NO. 4442 (Single Phase, LT Type CT Operated and HT Type CT & PT Operated AMI Smart Energy Meters)",Ministry of Energy (Power Division),Lahore - Pakistan,Published,"Sep 25, 2026","Oct 29, 2026",10:30 AM,https://epms.ppra.gov.pk/public/tenders/tender-details/TS0000014670E,Energy/Utilities,2026-10-29,2026-10-05T06:27:10.880745
653,TS0000014682E,"Establishment of the Multipurpose Cargo Terminal on Build, Operate and Transfer (BOT) Basis",In continuation of PQA Advertisement PID(K) No....,Miscellaneous,TS000001194E dated 21.08.2026,Ministry of Maritime Affairs,Karachi - Pakistan,Published,"Sep 25, 2026","Oct 29, 2026",12:00 PM,https://epms.ppra.gov.pk/public/tenders/tender-details/TS0000014682E,Other,2026-10-29,2026-10-05T06:27:10.880745
654,TS0000014648E,Purchase of Stationery Items for FY 2026/2027,,Stationery,CSC/4/A,Ministry of Defence,Karachi - Pakistan,Published,"Sep 25, 2026","Oct 27, 2026",10:00 AM,https://epms.ppra.gov.pk/public/tenders/tender-details/TS0000014648E,Goods/Supplies,2026-10-27,2026-10-05T06:27:10.880745
655,TS0000014636E,PROC OF SPARES FOR MAINTENANCE / REPAIR,TENDER NO PACB/786-A/26203003/0537/P-4 PROC OF...,Miscellaneous,PACB/786-A/26203003/0537/P-4,Ministry of Defence Production,Rawalpindi - Pakistan,Published,"Sep 25, 2026","Oct 27, 2026",10:30 AM,https://epms.ppra.gov.pk/public/tenders/tender-details/TS0000014636E,Services,2026-10-27,2026-10-05T06:27:10.880745
656,TS0000014700E,INVITATION TO TENDER AND GENERAL INSTURCTIONS,Good,Miscellaneous,DSN/10940,Ministry of Defence Production (DGDP),London - Pakistan,Published,"Sep 25, 2026","Oct 26, 2026",11:30 AM,https://epms.ppra.gov.pk/public/tenders/tender-details/TS0000014700E,Other,2026-10-26,2026-10-05T06:27:10.880745
657,TS0000009994E,CORRIGENDUM GOLDEN OPPORTUNITY FOR AUCTION FOR ESTABLISHMENT AND OPERATION OF SKY VIEW FOOD PROMENADE / BRANDED FOOD OUTLETS AT IIAP ISLAMABAD,CORRIGENDUM GOLDEN OPPORTUNITY FOR AUCTION FOR ESTABLISHMENT AND OPERATION OF SKY VIEW FOOD PROMENADE / BRANDED FOOD OUTLETS AT IIAP ISLAMABAD CORRIGENDUM GOLDEN OPPORTUNITY FOR AUCTION FOR...,Miscellaneous,12424 D,Pakistan Airports Authority (PAA),Karachi - Pakistan,PublishedCorrigendum,"Sep 25, 2026","Oct 22, 2026",11:00 AM,https://epms.ppra.gov.pk/public/tenders/tender-details/TS0000009994E,Services,2026-10-22,2026-10-05T06:27:10.880745
658,TS0000014623E,PROCUREMENT OF OFFICE FURNITURE AT NBP MAIN BRANCH ABBOTTABAD RO ABBOTTABAD,PROCUREMENT OF OFFICE FURNITURE AT NBP MAIN...,Furniture/Fixture,P123919,National Bank of Pakistan (NBP),Karachi - Pakistan,Published,"Sep 25, 2026","Oct 22, 2026",11:00 AM,https://epms.ppra.gov.pk/public/tenders/tender-details/TS0000014623E,Goods/Supplies,2026-10-22,2026-10-05T06:27:10.880745
659,TS0000014628E,REPLACEMENT/REMOVAL OF DEFECTIVE COMPONENTS OF 24 NOS VCB TROLLEYS OF PEL MAKE (LS/SUSOL) PANLES WHICH INSTALLED AT DIFFERENT GRID STATIONS,REPLACEMENT/REMOVAL OF DEFECTIVE COMPONENTS OF 24 NOS VCB TROLLEYS,Repair/Maintenance,08/26/GSO/GRW/2025-26,Gujranwala Electric Power Company Limited,Gujranwala - Pakistan,Published,"Sep 25, 2026","Oct 22, 2026",11:00 AM,https://epms.ppra.gov.pk/public/tenders/tender-details/TS0000014628E,Services,2026-10-22,2026-10-05T06:27:10.880745
660,TS0000009998E,"CORRIGENDUM TENDER NOTICE GOLDEN BUSINESS OPPORTUNITY TO ESTABLISH & OPERATE A TRANSIT HOTEL AT ISLAMABAD INTERNATIONAL AIRPORT, ISLAMABAD","CORRIGENDUM TENDER NOTICE GOLDEN BUSINESS OPPORTUNITY TO ESTABLISH & OPERATE A TRANSIT HOTEL AT ISLAMABAD INTERNATIONAL AIRPORT, ISLAMABAD CORRIGENDUM TENDER NOTICE GOLDEN BUSINESS...",Services,12425D,Pakistan Airports Authority (PAA),Karachi - Pakistan,PublishedCorrigendum,"Sep 25, 2026","Oct 21, 2026",11:00 AM,https://epms.ppra.gov.pk/public/tenders/tender-details/TS0000009998E,Services,2026-10-21,2026-10-05T06:27:10.880745
661,TS0000014678E,Ordnance Depot Quetta Cantt,FY 2026/27 1st Half (Oct 26 to Dec 2026) Invitation to Tender for Local Purchase of...,Miscellaneous,QTD Ltr No.0444/06/Gen Corres/LP/QTD-5CIJ99H dated 25 Sep 2026,Central Ordnance Depot,Quetta - Pakistan,Published,"Sep 25, 2026","Oct 20, 2026",09:00 AM,https://epms.ppra.gov.pk/public/tenders/tender-details/TS0000014678E,Defence/Military,2026-10-20,2026-10-05T06:27:10.880745
662,TS0000013684E,GS&C,3 x P-16 1. Corrigendum pub on 25 Sep 2026 against tender...,Miscellaneous,3x P-16,Directorate General Procurement (Army),Rawalpindi. - Pakistan,PublishedCorrigendum,"Sep 25, 2026","Oct 20, 2026",11:00 AM,https://epms.ppra.gov.pk/public/tenders/tender-details/TS0000013684E,Other,2026-10-20,2026-10-05T06:27:10.880745
663,TS0000014605E,PROC OF FLUORESCENT PENETRANT,TENDER NO PACB/751-A/010726002/1296/P-2 PROC OF...,Miscellaneous,PACB/751-A/010726002/1296/P-2,Ministry of Defence Production,Rawalpindi - Pakistan,Published,"Sep 25, 2026","Oct 20, 2026",10:30 AM,https://epms.ppra.gov.pk/public/tenders/tender-details/TS0000014605E,Other,2026-10-20,2026-10-05T06:27:10.880745
664,TS0000014610E,PROCUREMENT OF MISC WORKSHOP TOOLS,TENDER NO PACB/751-A/080926046/1299/P-2...,Miscellaneous,PACB/751-A/080926046/1299/P-2,Ministry of Defence Production,Rawalpindi - Pakistan,Published,"Sep 25, 2026","Oct 20, 2026",10:30 AM,https://epms.ppra.gov.pk/public/tenders/tender-details/TS0000014610E,Goods/Supplies,2026-10-20,2026-10-05T06:27:10.880745
665,TS0000014613E,PROCUREMENT OF CONSUMABLE STORE ITEMS,PACB/751-A/070926045/1298/P-2 (PROCUREMENT OF...,Miscellaneous,PACB/751-A/070926045/1298/P-2,Ministry of Defence Production,Rawalpindi - Pakistan,Published,"Sep 25, 2026","Oct 20, 2026",10:30 AM,https://epms.ppra.gov.pk/public/tenders/tender-details/TS0000014613E,Goods/Supplies,2026-10-20,2026-10-05T06:27:10.880745
666,TS0000014622E,"TENDER NOTICE FOR R/M WORKS OF C-3 MESS AT PAA RESIDENTIAL COLONY JIAP, KARACHI","TENDER NOTICE FOR R/M WORKS OF C-3 MESS AT PAA RESIDENTIAL COLONY JIAP, KARACHI TENDER NOTICE FOR R/M WORKS OF C-3 MESS AT PAA...",Civil Works,12585,Pakistan Airports Authority (PAA),Karachi - Pakistan,Published,"Sep 25, 2026","Oct 20, 2026",11:00 AM,https://epms.ppra.gov.pk/public/tenders/tender-details/TS0000014622E,Construction/Works,2026-10-20,2026-10-05T06:27:10.880745
667,TS0000014625E,Construction of Kach Harnai Sanjavi Road (Length: 90.657 Km) Package-I: Kach Mor – Harnai Road (Km 19+225 to Km 109+882),,Civil Works,2(600-B-01),Ministry of Communications,Islamabad - Pakistan,Published,"Sep 25, 2026","Oct 20, 2026",11:30 AM,https://epms.ppra.gov.pk/public/tenders/tender-details/TS0000014625E,Construction/Works,2026-10-20,2026-10-05T06:27:10.880745
668,TS0000014630E,Construction of Kach Harnai Sanjavi Road (Length: 55.834 Km) Package-II: Harnai - Sanjavi Road (Km 0+000 TO Km 55+834),,Civil Works,2(600-B-02),Ministry of Communications,Islamabad - Pakistan,Published,"Sep 25, 2026","Oct 20, 2026",11:30 AM,https://epms.ppra.gov.pk/public/tenders/tender-details/TS0000014630E,Construction/Works,2026-10-20,2026-10-05T06:27:10.880745
669,TS0000014644E,TENDER CEMB SEP 2026 LP03 Furniture and Chemicals,FURNITURE AND CHEMICALS,Miscellaneous,TENDER CEMB SEP 2026 LP03 Furniture and Chemicals,Ministry of Education,Lahore - Pakistan,Published,"Sep 25, 2026","Oct 16, 2026",10:00 AM,https://epms.ppra.gov.pk/public/tenders/tender-details/TS0000014644E,Other,2026-10-16,2026-10-05T06:27:10.880745
670,TS0000014621E,Supply of Drinking Water at State Bank of Pakistan SBP BSC Faisalabad,,Consumable Items,P132997,State Bank of Pakistan (SBP),Faisalabad - Pakistan,Published,"Sep 25, 2026","Oct 16, 2026",11:00 AM,https://epms.ppra.gov.pk/public/tenders/tender-details/TS0000014621E,Goods/Supplies,2026-10-16,2026-10-05T06:27:10.880745
671,TS0000014631E,"TC Internal / External Electric for repair/ rewinding of transformers, motors and general electric works and TC internal / external electric and water supply at GE (A)",Khuzdar The firms / contractors will furnish complete...,Civil Works,616/47/E-6,Military Engineering Services (Army),Quetta - Pakistan,Published,"Sep 25, 2026","Oct 16, 2026",11:30 AM,https://epms.ppra.gov.pk/public/tenders/tender-details/TS0000014631E,Construction/Works,2026-10-16,2026-10-05T06:27:10.880745
672,TS0000014643E,"Procurement of Furniture & Misc Items for C3A, NUST H-12 Campus Islamabad","Procurement of Furniture & Misc Items for C3A, NUST H-12 Campus Islamabad Procurement of Furniture & Misc Items for...",Furniture/Fixture,Case No. 0972/A104/NUST/LP dated 25 Sep 2026,Higher Education Commission (HEC),Islamabad - Pakistan,Published,"Sep 25, 2026","Oct 15, 2026",11:00 AM,https://epms.ppra.gov.pk/public/tenders/tender-details/TS0000014643E,Goods/Supplies,2026-10-15,2026-10-05T06:27:10.880745
673,TS0000014669E,PROCUREMENT OF EARTHING UNIT 10 FEET,,Electrical Items,TENDER NO 1411/26,Ministry of Energy (Power Division),Sukkur - Pakistan,Published,"Sep 25, 2026","Oct 15, 2026",10:30 AM,https://epms.ppra.gov.pk/public/tenders/tender-details/TS0000014669E,Energy/Utilities,2026-10-15,2026-10-05T06:27:10.880745
674,TS0000014672E,PROCUREMENT OF DOUBLE AXLE TROLLEY FOR 200 KVA STAND BY TF,,Electrical Items,TENDER NO 1413/26,Ministry of Energy (Power Division),Sukkur - Pakistan,Published,"Sep 25, 2026","Oct 15, 2026",10:30 AM,https://epms.ppra.gov.pk/public/tenders/tender-details/TS0000014672E,Energy/Utilities,2026-10-15,2026-10-05T06:27:10.880745
675,TS0000014674E,"Procurement of P.G Connector T-110, T-150, D-Shackle Assembly and Dead-End Clamp (Rabbit & Dog)",,Electrical Items,Tender No 1414/26,Ministry of Energy (Power Division),Sukkur - Pakistan,Published,"Sep 25, 2026","Oct 15, 2026",10:30 AM,https://epms.ppra.gov.pk/public/tenders/tender-details/TS0000014674E,Energy/Utilities,2026-10-15,2026-10-05T06:27:10.880745
676,TS0000014675E,PROCUREMENT OF ACSR CONDUCTOR DOG,,Electrical Items,TENDER NO 1415/26,Ministry of Energy (Power Division),Sukkur - Pakistan,Published,"Sep 25, 2026","Oct 15, 2026",10:30 AM,https://epms.ppra.gov.pk/public/tenders/tender-details/TS0000014675E,Energy/Utilities,2026-10-15,2026-10-05T06:27:10.880745
677,TS0000014600E,PROC OF CUSTOMIZED CUTTING TOOLS,TENDER NO PACB/751-A/250826029/1291/P-2 (PROC OF...,Miscellaneous,PACB/751-A/250826029/1291/P-2,Ministry of Defence Production,Rawalpindi - Pakistan,Published,"Sep 25, 2026","Oct 15, 2026",10:30 AM,https://epms.ppra.gov.pk/public/tenders/tender-details/TS0000014600E,Goods/Supplies,2026-10-15,2026-10-05T06:27:10.880745
678,TS0000014608E,PROC OF HOLDER AND COLLETS,TENDER NO PACB/751-A/270826036/1294/P-2 (PROC OF...,Miscellaneous,PACB/751-A/270826036/1294/P-2,Ministry of Defence Production,Rawalpindi - Pakistan,Published,"Sep 25, 2026","Oct 15, 2026",10:30 AM,https://epms.ppra.gov.pk/public/tenders/tender-details/TS0000014608E,Other,2026-10-15,2026-10-05T06:27:10.880745
679,TS0000014609E,PROC OF SPECIAL CUTTING TOOLS,TENDER NO PACB/751-A/260826035/1293/P-2 (PROC OF...,Miscellaneous,PACB/751-A/260826035/1293/P-2,Ministry of Defence Production,Rawalpindi - Pakistan,Published,"Sep 25, 2026","Oct 15, 2026",10:30 AM,https://epms.ppra.gov.pk/public/tenders/tender-details/TS0000014609E,Goods/Supplies,2026-10-15,2026-10-05T06:27:10.880745
680,TS0000014611E,INVITATION TO e-BIDS,REPAIR AND MAINTENANCE OF BOUNDARY WALL REPAIR AND MAINTENANCE OF BOUNDARY WALL AT CANTT...,Info and Comm Tech,DIR-NTC RWP/B-Est-075/2026-27 (P-133843),National Telecommunication Corporation (NTC),Islamabad - Pakistan,Published,"Sep 25, 2026","Oct 15, 2026",11:00 AM,https://epms.ppra.gov.pk/public/tenders/tender-details/TS0000014611E,Other,2026-10-15,2026-10-05T06:27:10.880745
681,TS0000014627E,"Procurement of IT Equipment, Equipment Support, IT Enabled Services","Procurement of IT Equipment, Equipment Support,...",Services,P107311,Ministry of Energy (Power Division),Islamabad - Pakistan,Published,"Sep 25, 2026","Oct 15, 2026",11:00 AM,https://epms.ppra.gov.pk/public/tenders/tender-details/TS0000014627E,IT/Technology,2026-10-15,2026-10-05T06:27:10.880745
682,TS0000014645E,"Tender for Supply of Liquid Helium 99.999% Pure (100liter) for NMR at CUI Abbottabad""",Retender CUI/Atd/Liquid Helium/06 (2026-2027)P127525 Tender for Supply of Liquid Helium 99.999% Pure...,Miscellaneous,Retender CUI/Atd/Liquid Helium/06 (2026-2027)P127525,COMSATS University Islamabad,Islamabad - Pakistan,Published,"Sep 25, 2026","Oct 14, 2026",11:00 AM,https://epms.ppra.gov.pk/public/tenders/tender-details/TS0000014645E,Goods/Supplies,2026-10-14,2026-10-05T06:27:10.880745
683,TS0000014652E,PROCUREMENT OF 50 KVA DISTRIBUTION TRANSFORMERS,,Electrical Items,TENDER NO 1399/26,Ministry of Energy (Power Division),Sukkur - Pakistan,Published,"Sep 25, 2026","Oct 14, 2026",10:30 AM,https://epms.ppra.gov.pk/public/tenders/tender-details/TS0000014652E,Energy/Utilities,2026-10-14,2026-10-05T06:27:10.880745
684,TS0000014653E,PROCUREMENT OF 100 KVA DISTRIBUTION TRANSFORMERS,,Electrical Items,TENDER NO 1400/26,Ministry of Energy (Power Division),Sukkur - Pakistan,Published,"Sep 25, 2026","Oct 14, 2026",10:30 AM,https://epms.ppra.gov.pk/public/tenders/tender-details/TS0000014653E,Energy/Utilities,2026-10-14,2026-10-05T06:27:10.880745
685,TS0000014654E,PROCUREMENT OF 200 KVA DISTRIBUTION TRANSFORMERS,,Electrical Items,TENDER NO 1401/26,Ministry of Energy (Power Division),Sukkur - Pakistan,Published,"Sep 25, 2026","Oct 14, 2026",10:30 AM,https://epms.ppra.gov.pk/public/tenders/tender-details/TS0000014654E,Energy/Utilities,2026-10-14,2026-10-05T06:27:10.880745
686,TS0000014655E,PROCUREMENT OF HT STEEL STRUCTURE 45’ FEET LONG,,Electrical Items,TENDER NO 1402/26,Ministry of Energy (Power Division),Sukkur - Pakistan,Published,"Sep 25, 2026","Oct 14, 2026",10:30 AM,https://epms.ppra.gov.pk/public/tenders/tender-details/TS0000014655E,Energy/Utilities,2026-10-14,2026-10-05T06:27:10.880745
687,TS0000014656E,PROCUREMENT OF HT STEEL STRUCTURE 34’.8’’ FEET LONG,,Electrical Items,TENDER NO 1403/26,Ministry of Energy (Power Division),Sukkur - Pakistan,Published,"Sep 25, 2026","Oct 14, 2026",10:30 AM,https://epms.ppra.gov.pk/public/tenders/tender-details/TS0000014656E,Energy/Utilities,2026-10-14,2026-10-05T06:27:10.880745
688,TS0000014657E,PROCUREMENT OF LT STEEL STRUCTURE 30’.8’’ FEET LONG,,Electrical Items,TENDER NO 1404/26,Ministry of Energy (Power Division),Sukkur - Pakistan,Published,"Sep 25, 2026","Oct 14, 2026",10:30 AM,https://epms.ppra.gov.pk/public/tenders/tender-details/TS0000014657E,Energy/Utilities,2026-10-14,2026-10-05T06:27:10.880745
689,TS0000014661E,PROCUREMENT OF 11 KV CROSS ARM STEEL WITH BRACES,,Electrical Items,TENDER NO 1405/26,Ministry of Energy (Power Division),Sukkur - Pakistan,Published,"Sep 25, 2026","Oct 14, 2026",10:30 AM,https://epms.ppra.gov.pk/public/tenders/tender-details/TS0000014661E,Energy/Utilities,2026-10-14,2026-10-05T06:27:10.880745
690,TS0000014663E,PROCUREMENT OF 11 KV STEEL CROSS ARM FOR D-FITTING MOUNTING,,Electrical Items,TENDER NO 1406/26,Ministry of Energy (Power Division),Sukkur - Pakistan,Published,"Sep 25, 2026","Oct 14, 2026",10:30 AM,https://epms.ppra.gov.pk/public/tenders/tender-details/TS0000014663E,Energy/Utilities,2026-10-14,2026-10-05T06:27:10.880745
691,TS0000014664E,PROCUREMENT OF 11 KV PINS (STEEL CROSS),,Electrical Items,TENDER NO 1407/26,Ministry of Energy (Power Division),Sukkur - Pakistan,Published,"Sep 25, 2026","Oct 14, 2026",10:30 AM,https://epms.ppra.gov.pk/public/tenders/tender-details/TS0000014664E,Energy/Utilities,2026-10-14,2026-10-05T06:27:10.880745
692,TS0000014665E,PROCUREMENT OF 11 KV DISC INSULATOR,,Electrical Items,TENDER NO 1408/26,Ministry of Energy (Power Division),Sukkur - Pakistan,Published,"Sep 25, 2026","Oct 14, 2026",10:30 AM,https://epms.ppra.gov.pk/public/tenders/tender-details/TS0000014665E,Energy/Utilities,2026-10-14,2026-10-05T06:27:10.880745
693,TS0000014666E,PROCUREMENT OF 11KV DROPOUT CUTOUT (WITH FUSES & SPARES),,Electrical Items,TENDER NO 1409/26,Ministry of Energy (Power Division),Sukkur - Pakistan,Published,"Sep 25, 2026","Oct 14, 2026",10:30 AM,https://epms.ppra.gov.pk/public/tenders/tender-details/TS0000014666E,Energy/Utilities,2026-10-14,2026-10-05T06:27:10.880745
694,TS0000014667E,PROCUREMENT OF METER SECURITY BOX A-TYPE 200/5 AMPS,,Electrical Items,TENDER NO 1410/26,Ministry of Energy (Power Division),Sukkur - Pakistan,Published,"Sep 25, 2026","Oct 14, 2026",10:30 AM,https://epms.ppra.gov.pk/public/tenders/tender-details/TS0000014667E,Energy/Utilities,2026-10-14,2026-10-05T06:27:10.880745
695,TS0000014703E,"Hiring of Chemist for Discount on all Patent Medicines Registered In Red Book Latest Edition for Kandhkot, Larkana Region (As Per TOR /BOQ/Criteria) (Under Single Stage","One Envelope Bidding Procedure) (On Complete Package Basis). Hiring of Chemist for Discount on all Patent Medicines Registered In Red Book Latest Edition for Kandhkot, Larkana Region (As Per TOR /BOQ/Criteria) (Under Single Stage One Envelope Bidding Procedure) (On Complete Package Basis). Hiring of Chemist for Discount on all Patent...",Services,SSGC/SC/PT/EPADS2/14269,Ministry of Energy (Petroleum Division),Karachi - Pakistan,Published,"Sep 25, 2026","Oct 14, 2026",03:00 PM,https://epms.ppra.gov.pk/public/tenders/tender-details/TS0000014703E,Medical/Health,2026-10-14,2026-10-05T06:27:10.880745
696,TS0000014704E,"Chemist for Discount on all Patient Medicines Registered In Red Book Latest Edition for Pir Jo Goth, Sukkur Region (as per BOQ/Criteria)(Under Single Stage One Envelope","Bidding Procedure)(On Complete Package Basis). Chemist for Discount on all Patient Medicines Registered In Red Book Latest Edition for Pir Jo Goth, Sukkur Region (as per BOQ/Criteria)(Under Single Stage One Envelope Bidding Procedure)(On Complete Package Basis). Chemist for Discount on all Patient Medicines...",Services,SSGC/SC/NR/EPADS2/14282,Ministry of Energy (Petroleum Division),Karachi - Pakistan,Published,"Sep 25, 2026","Oct 14, 2026",12:30 PM,https://epms.ppra.gov.pk/public/tenders/tender-details/TS0000014704E,Medical/Health,2026-10-14,2026-10-05T06:27:10.880745
697,TS0000014705E,"Chemist for Discount On All Patient Medicines Registered In Red Book Latest Edition Moro, Nawabshah Region (as per BOQ/Criteria)(Under Single Stage One Envelope Bidding","Procedure)(On Complete Package Basis). Chemist for Discount On All Patient Medicines Registered In Red Book Latest  Edition Moro, Nawabshah Region (as per BOQ/Criteria)(Under Single Stage One Envelope Bidding Procedure)(On Complete Package Basis). Chemist for Discount On All Patient Medicines...",Services,SSGC/SC/NR/EPADS2/14277,Ministry of Energy (Petroleum Division),Karachi - Pakistan,Published,"Sep 25, 2026","Oct 14, 2026",10:00 AM,https://epms.ppra.gov.pk/public/tenders/tender-details/TS0000014705E,Medical/Health,2026-10-14,2026-10-05T06:27:10.880745
698,TS0000014706E,"Chemist for Discount On All Patient Medicines Registered In Red Book Latest Edition For Mehrabpur , Nawabshah Region (as per BOQ/Criteria)(Under Single Stage One Envelope","Bidding Procedure)(On Complete Package Basis). Chemist for Discount On All Patient Medicines Registered In Red Book Latest  Edition For Mehrabpur , Nawabshah Region (as per BOQ/Criteria)(Under Single Stage One Envelope Bidding Procedure)(On Complete Package Basis). Chemist for Discount On All Patient Medicines...",Services,SSGC/SC/NR/EPADS2/14278,Ministry of Energy (Petroleum Division),Karachi - Pakistan,Published,"Sep 25, 2026","Oct 14, 2026",10:30 AM,https://epms.ppra.gov.pk/public/tenders/tender-details/TS0000014706E,Medical/Health,2026-10-14,2026-10-05T06:27:10.880745
699,TS0000014616E,WAPDA HOSPITAL LAHORE PRD NO.082,WAPDA HOSPITAL LAHORE FRAME WORK AGREEMENT FOR LEASING PARKING STAND,Health/Medicines,PRD(L)/WAPDA/082(2026-27),Water and Power Development Authority (WAPDA),Lahore - Pakistan,Published,"Sep 25, 2026","Oct 14, 2026",11:00 AM,https://epms.ppra.gov.pk/public/tenders/tender-details/TS0000014616E,Medical/Health,2026-10-14,2026-10-05T06:27:10.880745
700,TS0000014620E,ESTABLISHMENT OF ONLINE EXAMINATION SYSTEM,ESTABLISHMENT OF ONLINE EXAMINATION SYSTEM,Equipments,F.1-8/Tender/2025-26/FMC,Higher Education Commission (HEC),Islamabad - Pakistan,Published,"Sep 25, 2026","Oct 14, 2026",11:00 AM,https://epms.ppra.gov.pk/public/tenders/tender-details/TS0000014620E,IT/Technology,2026-10-14,2026-10-05T06:27:10.880745
701,TS0000014633E,CONSTRUCTION OF FOOD STORE AT ISLAMABAD CLUB,CONSTRUCTION OF FOOD STORE AT ISLAMABAD CLUB,Civil Works,P133270,Islamabad Club,Islamabad - Pakistan,Published,"Sep 25, 2026","Oct 14, 2026",11:00 AM,https://epms.ppra.gov.pk/public/tenders/tender-details/TS0000014633E,Construction/Works,2026-10-14,2026-10-05T06:27:10.880745
702,TS0000014668E,Multiple Tenders for Procurement of Goods & Services,,Miscellaneous,PD/O&M/PP/34643/26,Pakistan Petroleum Limited (PPL),Karachi - Pakistan,Published,"Sep 25, 2026","Oct 13, 2026",03:00 PM,https://epms.ppra.gov.pk/public/tenders/tender-details/TS0000014668E,Services,2026-10-13,2026-10-05T06:27:10.880745
703,TS0000014676E,Hiring of TravelAgencies for Provision of Air Travel Services,Single Stage One Envelops The Higher Education Commission (HEC) (Higher...,Services,HEC-0345,Higher Education Commission (HEC),Islamabad - Pakistan,Published,"Sep 25, 2026","Oct 13, 2026",11:30 AM,https://epms.ppra.gov.pk/public/tenders/tender-details/TS0000014676E,Services,2026-10-13,2026-10-05T06:27:10.880745
704,TS0000014687E,4780-63453-Dustbins,for CUI-Lahore Campus,Miscellaneous,CUI-LHR-TN-26-1944,COMSATS University Islamabad,lahore - Pakistan,Published,"Sep 25, 2026","Oct 13, 2026",11:00 AM,https://epms.ppra.gov.pk/public/tenders/tender-details/TS0000014687E,Other,2026-10-13,2026-10-05T06:27:10.880745
705,TS0000014688E,"Hiring Of Chartered Accountancy Firm for the Registration of Provident Fund Trust,Gratuity Fund Trust and Pension Fund Trust Under “The Punjab Trust Act, 2020”",P-136377 Hiring the Service for the Registration of...,Services,PIFD/TENDER/2026-27/006,Ministry of Federal Education and Professional Training,Lahore - Pakistan,Published,"Sep 25, 2026","Oct 13, 2026",11:00 AM,https://epms.ppra.gov.pk/public/tenders/tender-details/TS0000014688E,Services,2026-10-13,2026-10-05T06:27:10.880745
706,TS0000014691E,"Tender of Electro Medical Mobility Aids, Gym Equipments, and Misc EM Store Items","Tender of Electro Medical Mobility Aids, Gym Equipments, and Misc EM Store Items Tender of Electro Medical Mobility Aids, Gym...",Equipments,MS/AFIRM/EMS/2026-27,Ministry of Defence,Rawalpindi - Pakistan,Published,"Sep 25, 2026","Oct 13, 2026",10:00 AM,https://epms.ppra.gov.pk/public/tenders/tender-details/TS0000014691E,Medical/Health,2026-10-13,2026-10-05T06:27:10.880745
707,TS0000014694E,Service Level Agreement (SLA) – End-of-Life of End-of-Support Equipment & Hardware Support Services.,Service Level Agreement (SLA) – End-of-Life of...,Miscellaneous,TENDER NO. 24/SLA/Hardware/NLC/2026,National Logistics Corporation (NLC),Rawalpindi - Pakistan,Published,"Sep 25, 2026","Oct 13, 2026",11:00 AM,https://epms.ppra.gov.pk/public/tenders/tender-details/TS0000014694E,Services,2026-10-13,2026-10-05T06:27:10.880745
708,TS0000014697E,LED/080/26 Laptop 16 inch and 14inch (core ultra 5 or equivalent,LED/080/26 Laptop 16 inch and 14inch (core ultra 5 or equivalent LED/080/26 Laptop 16 inch and 14inch (core ultra...,Miscellaneous,LED/080/26 Laptop 16 inch and 14inch (core ultra 5 or equivalent,Sui Northern Gas Pipelines Limited (SNGPL),Islamabad - Pakistan,Published,"Sep 25, 2026","Oct 13, 2026",02:30 PM,https://epms.ppra.gov.pk/public/tenders/tender-details/TS0000014697E,Other,2026-10-13,2026-10-05T06:27:10.880745
709,TS0000014708E,"Purchase of Stationery/ Miscellaneous Item and Pre0Qualification of Manufacturers, Artists, Workmen, Suppliers",Item wise rates for each Stationery item are...,Stationery,P112795,Prime Minister Office (Internal),Islamabad - Pakistan,Published,"Sep 25, 2026","Oct 13, 2026",10:30 AM,https://epms.ppra.gov.pk/public/tenders/tender-details/TS0000014708E,Goods/Supplies,2026-10-13,2026-10-05T06:27:10.880745
710,TS0000014602E,PROC OF MACHINE ACCESSORIES FOR CNC MILLING / JIG BOARING MACHINE,TENDER NO PACB/751-A/210826026/1292/P-2 (PROC OF...,Miscellaneous,PACB/751-A/210826026/1292/P-2,Ministry of Defence Production,Rawalpindi - Pakistan,Published,"Sep 25, 2026","Oct 13, 2026",10:30 AM,https://epms.ppra.gov.pk/public/tenders/tender-details/TS0000014602E,Other,2026-10-13,2026-10-05T06:27:10.880745
711,TS0000014612E,"Tender Notice for Excavation and Transportation/Carriage of Rock Salt from Sohal Mine No.2 To PMDC Salt Depot Khewra and M/s. LCI Khewra (Direct) at PMDC Salt Mines,","khewra Tender Notice for Excavation and Transportation/Carriage of Rock Salt from Sohal Mine No.2 To PMDC Salt Depot Khewra and M/s. LCI Khewra (Direct) at PMDC Salt Mines, khewra Tender Notice for Excavation and...",Mining,Ref.No.PMDC/Pro/KH,Pakistan Mineral Development Corporation (PMDC),Islamabad - Pakistan,Published,"Sep 25, 2026","Oct 13, 2026",11:00 AM,https://epms.ppra.gov.pk/public/tenders/tender-details/TS0000014612E,Other,2026-10-13,2026-10-05T06:27:10.880745
712,TS0000014619E,TENDER NOTICE FOR PROCUREMENT OF FILING CABINETS FOR STORAGE OF OFFICE FILES AND RECORDS,,Furniture/Fixture,PROC-03/CABINETS/JMC/2026-27,"Ministry of National Health Services, Regulation & Coordination",Islamabad - Pakistan,Published,"Sep 25, 2026","Oct 13, 2026",11:00 AM,https://epms.ppra.gov.pk/public/tenders/tender-details/TS0000014619E,Goods/Supplies,2026-10-13,2026-10-05T06:27:10.880745
713,TS0000014626E,Purchase of Toners and Repair of Office Equipment,"Item wise rates for each toner are requested,...",Consumable Items,P111244,Prime Minister Office (Internal),Islamabad - Pakistan,Published,"Sep 25, 2026","Oct 13, 2026",10:00 AM,https://epms.ppra.gov.pk/public/tenders/tender-details/TS0000014626E,Goods/Supplies,2026-10-13,2026-10-05T06:27:10.880745
714,TS0000014629E,REQUEST FOR PROPOSAL (RFP) SERVICE LEVEL AGREEMENT (SLA) FOR REPAIR & MAINTENANCE SERVICES OF CIVIL AND HORTICULTURE WORKS/ FACILITIES AT BACHA KHAN INTERNATIONAL,AIRPORT (BKIAP) PESHAWAR REQUEST FOR PROPOSAL (RFP) SERVICE LEVEL AGREEMENT (SLA) FOR REPAIR & MAINTENANCE SERVICES OF CIVIL AND HORTICULTURE WORKS/ FACILITIES AT BACHA KHAN INTERNATIONAL AIRPORT (BKIAP) PESHAWAR REQUEST FOR PROPOSAL (RFP) SERVICE LEVEL...,Repair/Maintenance,12586,Pakistan Airports Authority (PAA),Karachi - Pakistan,Published,"Sep 25, 2026","Oct 13, 2026",11:00 AM,https://epms.ppra.gov.pk/public/tenders/tender-details/TS0000014629E,Services,2026-10-13,2026-10-05T06:27:10.880745
715,TS0000014635E,PROC OF ARTIFACT FOR SAC,TENDER NO PACB/786-A/26211012/0536/P-4 (PROC OF...,Miscellaneous,PACB/786-A/26211012/0536/P-4,Ministry of Defence Production,Rawalpindi - Pakistan,Published,"Sep 25, 2026","Oct 13, 2026",10:30 AM,https://epms.ppra.gov.pk/public/tenders/tender-details/TS0000014635E,Other,2026-10-13,2026-10-05T06:27:10.880745
716,TS0000014641E,Prequalification of Firms/Contractors for Repair & Maintenance Works (R-Block & Cabinet Block) through Open Framework Agreement,Applications to be submitted through EPADS v2.0 only Prequalification under Rule 16A of PPR 2004 for...,Repair/Maintenance,FFW9484,Ministry of Parliamentary Affairs,Islamabad - Pakistan,Published,"Sep 25, 2026","Oct 12, 2026",10:00 AM,https://epms.ppra.gov.pk/public/tenders/tender-details/TS0000014641E,Services,2026-10-12,2026-10-05T06:27:10.880745
717,TS0000014642E,PROCUREMENT OF MISC SPARES AND GOODS,NORMAL TENDER Tender bulletin of Misc spares / goods of items...,Miscellaneous,CLP/IT/1199,Ministry of Defence,Karachi. - Pakistan,Published,"Sep 25, 2026","Oct 12, 2026",10:00 AM,https://epms.ppra.gov.pk/public/tenders/tender-details/TS0000014642E,Goods/Supplies,2026-10-12,2026-10-05T06:27:10.880745
718,TS0000014651E,Tender notice for special repair of MISC items sr no 1 to 9,TENDERS ARE BOTH FOR CIVIL WORKS & CIVIL GOODS 1.Special repair to boundary wall of Loco Shed at...,Civil Works,No. 1012-W/1/145,Pakistan Railways,Lahore - Pakistan,Published,"Sep 25, 2026","Oct 12, 2026",12:00 PM,https://epms.ppra.gov.pk/public/tenders/tender-details/TS0000014651E,Construction/Works,2026-10-12,2026-10-05T06:27:10.880745
719,TS0000014658E,"Framework Agreement for Light Refreshment, Drinking Water etc","Framework Agreement for Light Refreshment, Drinking Water etc",Consumable Items,FFW9754,Ministry of Religious Affairs & Interfaith Harmony,Islamabad - Pakistan,Published,"Sep 25, 2026","Oct 12, 2026",11:00 AM,https://epms.ppra.gov.pk/public/tenders/tender-details/TS0000014658E,Other,2026-10-12,2026-10-05T06:27:10.880745
720,TS0000014659E,"Framework Agreement for Repair Machinery, Hardware, Software, IT, Building, Furniture & Fixture, Fire Equipment etc , Drinking Water etc","Framework Agreement for Repair Machinery, Hardware, Software, IT, Building, Furniture & Fixture, Fire Equipment etc , Drinking Water etc",Equipments,FFW9751,Ministry of Religious Affairs & Interfaith Harmony,Islamabad - Pakistan,Published,"Sep 25, 2026","Oct 12, 2026",11:00 AM,https://epms.ppra.gov.pk/public/tenders/tender-details/TS0000014659E,Construction/Works,2026-10-12,2026-10-05T06:27:10.880745
721,TS0000014671E,Purchase of Conference & Seminar Items,,Civil Goods,P135354,National Accountability Bureau (NAB),Islamabad - Pakistan,Published,"Sep 25, 2026","Oct 12, 2026",10:30 AM,https://epms.ppra.gov.pk/public/tenders/tender-details/TS0000014671E,Goods/Supplies,2026-10-12,2026-10-05T06:27:10.880745
722,TS0000014690E,PROCUREMENT NOTICE PROCUREMENT OF CONSULTANCY ENGAGEMENT OF FINANCIAL CONSULTANT,PROCUREMENT NOTICE PROCUREMENT OF CONSULTANCY ENGAGEMENT OF FINANCIAL CONSULTANT PROCUREMENT NOTICE PROCUREMENT OF CONSULTANCY...,Services,12587,Pakistan Airports Authority (PAA),Karachi - Pakistan,Published,"Sep 25, 2026","Oct 12, 2026",11:00 AM,https://epms.ppra.gov.pk/public/tenders/tender-details/TS0000014690E,Services,2026-10-12,2026-10-05T06:27:10.880745
723,TS0000014693E,LED/065/26 X86 based Private Cloud Solutions,X86 based Private Cloud Solutions X86 based Private Cloud Solutions,Miscellaneous,LED/065/26,Sui Northern Gas Pipelines Limited (SNGPL),Islamabad - Pakistan,Published,"Sep 25, 2026","Oct 12, 2026",02:30 PM,https://epms.ppra.gov.pk/public/tenders/tender-details/TS0000014693E,Other,2026-10-12,2026-10-05T06:27:10.880745
724,TS0000014696E,Framework agreement for Purchase of Other / miscellaneous items,,Miscellaneous,FFW10057,Ministry of Finance,Islamabad - Pakistan,Published,"Sep 25, 2026","Oct 12, 2026",05:00 PM,https://epms.ppra.gov.pk/public/tenders/tender-details/TS0000014696E,Goods/Supplies,2026-10-12,2026-10-05T06:27:10.880745
725,TS0000014698E,Procurement of Tyres Assorted Sizes,As per detail in the tender documents,Miscellaneous,MNT/TE/049/26,Sui Northern Gas Pipelines Limited (SNGPL),Multan - Pakistan,Published,"Sep 25, 2026","Oct 12, 2026",03:00 PM,https://epms.ppra.gov.pk/public/tenders/tender-details/TS0000014698E,Defence/Military,2026-10-12,2026-10-05T06:27:10.880745
726,TS0000014699E,HIRING OF A INDIVUDAL CONSULTANT FOR SITE COORDINATION SERVICES,PROCUREMENT OF CONSULTANCY SERVICES 1. The...,Services,Tender No. 7/PLPA/09/2026,Ministry of Interior and Narcotics Control,Islamabad - Pakistan,Published,"Sep 25, 2026","Oct 12, 2026",11:05 AM,https://epms.ppra.gov.pk/public/tenders/tender-details/TS0000014699E,Services,2026-10-12,2026-10-05T06:27:10.880745
727,TS0000014701E,HIRING OF A FIRM FOR TRAVEL MANAGEMENT SERVICES,Pakistan Land Port Authority (PLPA) invites...,Services,Tender No. 6/PLPA/09/2026,Ministry of Interior and Narcotics Control,Islamabad - Pakistan,Published,"Sep 25, 2026","Oct 12, 2026",09:05 AM,https://epms.ppra.gov.pk/public/tenders/tender-details/TS0000014701E,Services,2026-10-12,2026-10-05T06:27:10.880745
728,TS0000014702E,"PROCUREMENT OF OFFICE FURNITURE FOR PIAHCL CORPORATE OFFICE AT THE 7TH FLOOR, ANNEX BUILDING, ZTBL HEAD OFFICE, ISLAMABAD",,Furniture/Fixture,P136602,Pakistan International Airlines (PIA),Islamabad - Pakistan,Published,"Sep 25, 2026","Oct 12, 2026",10:00 AM,https://epms.ppra.gov.pk/public/tenders/tender-details/TS0000014702E,Construction/Works,2026-10-12,2026-10-05T06:27:10.880745
729,TS0000014707E,Services Required for Rewinding of The Stator of the 50 KVA DG Set at Tarujabba Depot,OP-20059-SZ,Services,OP-20059-SZ,Pakistan State Oil (PSO),Karachi - Pakistan,Published,"Sep 25, 2026","Oct 12, 2026",02:15 PM,https://epms.ppra.gov.pk/public/tenders/tender-details/TS0000014707E,Services,2026-10-12,2026-10-05T06:27:10.880745
730,TS0000014711E,PROVISION OF 100MB DEDICATED INTERNET SERVICES,,Services,NITB 2(12)/16,National Information Technology Board (NITB),Islamabad - Pakistan,Published,"Sep 25, 2026","Oct 12, 2026",11:00 AM,https://epms.ppra.gov.pk/public/tenders/tender-details/TS0000014711E,Services,2026-10-12,2026-10-05T06:27:10.880745
731,TS0000014596E,PREQUALIFICATION OF VENDORS FOR PROVISION OF STALL FABRICATION SERVICES ALONG WITH OTHER MISCELLANEOUS SERVICES AT EXPO CENTRE KARACHI DURING –FOODAG 2026,,Miscellaneous,TDAP/AFD/PQ/2026-27,Ministry of Commerce,Karachi - Pakistan,Published,"Sep 25, 2026","Oct 12, 2026",11:00 AM,https://epms.ppra.gov.pk/public/tenders/tender-details/TS0000014596E,Services,2026-10-12,2026-10-05T06:27:10.880745
732,TS0000014604E,"Tender Notice for Agri Land at PAF Base, Risalpur","Tender Notice for Agri Land at PAF Base, Risalpur",Miscellaneous,AHQ/3504/2/DGPR (AF),Ministry of Defence,islamabad - Pakistan,Published,"Sep 25, 2026","Oct 12, 2026",10:00 AM,https://epms.ppra.gov.pk/public/tenders/tender-details/TS0000014604E,Defence/Military,2026-10-12,2026-10-05T06:27:10.880745
733,TS0000014606E,Tea Material,As per detail in the tender documents,Miscellaneous,MND/TE/010/2026,Sui Northern Gas Pipelines Limited (SNGPL),Multan - Pakistan,Published,"Sep 25, 2026","Oct 12, 2026",03:00 PM,https://epms.ppra.gov.pk/public/tenders/tender-details/TS0000014606E,Goods/Supplies,2026-10-12,2026-10-05T06:27:10.880745
734,TS0000014607E,Tender Notice for plants and cleaning material at PAF Base Risalpur,Tender Notice for plants and cleaning material at...,Miscellaneous,AHQ/3504/2/DGPR (AF),Ministry of Defence,islamabad - Pakistan,Published,"Sep 25, 2026","Oct 12, 2026",10:00 AM,https://epms.ppra.gov.pk/public/tenders/tender-details/TS0000014607E,Services,2026-10-12,2026-10-05T06:27:10.880745
735,TS0000014617E,PROCUREMENT OF ANODE AGENT,,Miscellaneous,PACB/741/62225020/0973/P-1,Ministry of Defence Production,Rawalpindi - Pakistan,Published,"Sep 25, 2026","Oct 12, 2026",10:30 AM,https://epms.ppra.gov.pk/public/tenders/tender-details/TS0000014617E,Goods/Supplies,2026-10-12,2026-10-05T06:27:10.880745
736,TS0000014624E,22,Millitary Engineering Services,Miscellaneous,1,Ministry of Defence,Sargodha - Pakistan,Published,"Sep 25, 2026","Oct 12, 2026",11:30 AM,https://epms.ppra.gov.pk/public/tenders/tender-details/TS0000014624E,Other,2026-10-12,2026-10-05T06:27:10.880745
737,TS0000014637E,Uploading of Tender,,Repair/Maintenance,6004/01/E-6,Ministry of Defence,Karachi - Pakistan,Published,"Sep 25, 2026","Oct 12, 2026",11:30 AM,https://epms.ppra.gov.pk/public/tenders/tender-details/TS0000014637E,Services,2026-10-12,2026-10-05T06:27:10.880745
738,TS0000014638E,Rate Running Contract/frame work agreement for provision/installation of city branding arrangements (as & when required basis) on Pakistan gazette days i.e. Kashmir,"day, 14 august etc. VVIP delegations visit to Pakistan (for the period of one year)",Miscellaneous,p106654,Capital Development Authority,Islamabad - Pakistan,Published,"Sep 25, 2026","Oct 12, 2026",11:00 AM,https://epms.ppra.gov.pk/public/tenders/tender-details/TS0000014638E,Services,2026-10-12,2026-10-05T06:27:10.880745
739,TS0000014660E,Framework Agreement for Repair of Vehicles etc,Framework Agreement for Repair of Vehicles etc,Vehicles,FFW9748,Ministry of Religious Affairs & Interfaith Harmony,Islamabad - Pakistan,Published,"Sep 25, 2026","Oct 10, 2026",11:00 AM,https://epms.ppra.gov.pk/public/tenders/tender-details/TS0000014660E,Other,2026-10-10,2026-10-05T06:27:10.880745
740,TS0000014662E,OP-20058-YP-Supply of Paints at Shershah Depot Multan,OP-20058-YP-Supply of Paints at Shershah Depot...,Civil Goods,OP-20058-YP,Pakistan State Oil (PSO),Karachi - Pakistan,Published,"Sep 25, 2026","Oct 10, 2026",02:15 PM,https://epms.ppra.gov.pk/public/tenders/tender-details/TS0000014662E,Goods/Supplies,2026-10-10,2026-10-05T06:27:10.880745
741,TS0000014683E,HOSPITAL WASTE MANAGEMENT,HOSPITAL WASTE MANAGEMENT Tender documents may be obtained from supply...,Health/Medicines,Haf-3,Ministry of Defence,Islamabad - Pakistan,Published,"Sep 25, 2026","Oct 10, 2026",10:00 PM,https://epms.ppra.gov.pk/public/tenders/tender-details/TS0000014683E,Medical/Health,2026-10-10,2026-10-05T06:27:10.880745
742,TS0000014685E,"4779-47060-Office furniture (Tables, Chairs, Couch)",for CUI-Lahore Campus,Furniture/Fixture,CUI-LHR-TN-26-1943,COMSATS University Islamabad,lahore - Pakistan,Published,"Sep 25, 2026","Oct 10, 2026",11:00 AM,https://epms.ppra.gov.pk/public/tenders/tender-details/TS0000014685E,Other,2026-10-10,2026-10-05T06:27:10.880745
743,TS0000014710E,"SERVICES FOR PROVISION AND INSTALLATION OF SHOPSTOP SIGANGE AT AL JEHAD FS, OKARA CANTONEMNET, SAHIWAL DIVISION (PM MODULE)",,Services,RF-20060-SI,Pakistan State Oil (PSO),Karachi - Pakistan,Published,"Sep 25, 2026","Oct 10, 2026",02:15 PM,https://epms.ppra.gov.pk/public/tenders/tender-details/TS0000014710E,Services,2026-10-10,2026-10-05T06:27:10.880745
744,TS0000014712E,Procurement of IT/ Electronics Equipment,,Equipments,P126259,Ministry of Federal Education and Professional Training,Islamabad - Pakistan,Published,"Sep 25, 2026","Oct 10, 2026",11:00 AM,https://epms.ppra.gov.pk/public/tenders/tender-details/TS0000014712E,IT/Technology,2026-10-10,2026-10-05T06:27:10.880745
745,TS0000014531E,Special repair to TXR office,EPADS reference P123208 Special repair to TXR office and provision of...,Civil Works,No.128-W/14/T.N./Pt-II/WA,Pakistan Railways,Lahore - Pakistan,PublishedCorrigendum,"Sep 25, 2026","Oct 10, 2026",11:00 AM,https://epms.ppra.gov.pk/public/tenders/tender-details/TS0000014531E,Construction/Works,2026-10-10,2026-10-05T06:27:10.880745
746,TS0000014532E,Special repair to HTXR office,EPADS reference P124369 Special repair to HTXR office building and...,Civil Works,No.128-W/14/T.N./Pt-II/WA,Pakistan Railways,Lahore - Pakistan,PublishedCorrigendum,"Sep 25, 2026","Oct 10, 2026",11:00 AM,https://epms.ppra.gov.pk/public/tenders/tender-details/TS0000014532E,Construction/Works,2026-10-10,2026-10-05T06:27:10.880745
747,TS0000014601E,Repair / Maintenance Misc Works,,Repair/Maintenance,6000/PPRA/25/E-6,Ministry of Defence,Karachi - Pakistan,Published,"Sep 25, 2026","Oct 10, 2026",11:30 AM,https://epms.ppra.gov.pk/public/tenders/tender-details/TS0000014601E,Services,2026-10-10,2026-10-05T06:27:10.880745
748,TS0000013578E,Tender No. 4439 Lineman Safety Boots (Double Density),,Miscellaneous,Tender No. 4439,Ministry of Energy (Power Division),Lahore - Pakistan,Published,"Sep 25, 2026","Oct 10, 2026",10:30 AM,https://epms.ppra.gov.pk/public/tenders/tender-details/TS0000013578E,Other,2026-10-10,2026-10-05T06:27:10.880745
749,TS0000014615E,CONSERVANCY SERVICES,CONSERVANCY SERVICES Tender documents may be obtained from supply...,Miscellaneous,Haf-2,Ministry of Defence,Islamabad - Pakistan,Published,"Sep 25, 2026","Oct 10, 2026",10:00 AM,https://epms.ppra.gov.pk/public/tenders/tender-details/TS0000014615E,Services,2026-10-10,2026-10-05T06:27:10.880745
750,TS0000014618E,WAPDA HOSPITAL LAHORE PRD NO.083,WAPDA HOSPITAL LAHORE TENDER NOTICE FOR HIRING WASTE COLLECTION SERVICES,Health/Medicines,PRD(L)/WAPDA/083(2026-27),Water and Power Development Authority (WAPDA),Lahore - Pakistan,Published,"Sep 25, 2026","Oct 10, 2026",11:00 AM,https://epms.ppra.gov.pk/public/tenders/tender-details/TS0000014618E,Medical/Health,2026-10-10,2026-10-05T06:27:10.880745
751,TS0000014634E,Repair/ Maint Works at Quetta Cantt,,Civil Works,001,Ministry of Defence,Quetta - Pakistan,Published,"Sep 25, 2026","Oct 10, 2026",11:00 AM,https://epms.ppra.gov.pk/public/tenders/tender-details/TS0000014634E,Construction/Works,2026-10-10,2026-10-05T06:27:10.880745
752,TS0000013950E,MNFSR Annual Procurement for Goods (2026-27),,Stationery,FFW9865,Ministry of National Food Security & Research (MNFSR),Islamabad - Pakistan,PublishedCorrigendum,"Sep 25, 2026","Oct 09, 2026",11:00 AM,https://epms.ppra.gov.pk/public/tenders/tender-details/TS0000013950E,Goods/Supplies,2026-10-09,2026-10-05T06:27:10.880745
753,TS0000014068E,SSGC/LP/EPADS2/PT/2186299 (Spares),SSGC/LP/EPADS2/PT/2186299 (Spares) Spares for Waukesha Gas Generator: (Under Single...,Miscellaneous,SSGC/LP/EPADS2/PT/2186299,Ministry of Energy (Petroleum Division),Karachi - Pakistan,PublishedCorrigendum,"Sep 25, 2026","Oct 08, 2026",09:30 AM,https://epms.ppra.gov.pk/public/tenders/tender-details/TS0000014068E,Goods/Supplies,2026-10-08,2026-10-05T06:27:10.880745
754,TS0000013584E,Civil Works Renovation Works of CP Stations (16 Nos.) & Guard Rooms (02 Nos.),"Civil Works Renovation Works of CP Stations (16 Nos.) & Guard Rooms (02 Nos.) and New Construction of Care Taker Room (02 nos.) at Different Locations In Hq-3, Hyderabad Section (As Per BOQ/Criteria) (Under Single Stage Two Envelope Bidding Procedure) (Having Valid PEC Certificate Category C-6 or above with sub-category CE-10) (On Complete Package Basis). Civil Works Renovation Works of CP Stations (16...",Services,SSGC/SC/PT/EPADS2/14442,Ministry of Energy (Petroleum Division),Karachi - Pakistan,PublishedCorrigendum,"Sep 25, 2026","Oct 08, 2026",11:30 AM,https://epms.ppra.gov.pk/public/tenders/tender-details/TS0000013584E,Construction/Works,2026-10-08,2026-10-05T06:27:10.880745
755,TS0000013151E,"TENDER FOR TURNKEY SOLUTION INCLUDING DESIGN, DEVELOPMENT, SUPPLY, INSTALLATION, INTEGRATION, COMMISSIONING, TRAINING AND OPERATIONS OF HCMS UNDER IDSRS PSDP PROJECT","NATIONAL INSTITUTE OF HEALTH, ISLAMABAD Open Competitive Bidding under Two-Stage Bidding Procedure for turnkey establishment and operationalization of Health Complaint Management System (HCMS) under IDSRS Project. Turnkey establishment and operationalization of...",Services,F.31-1/2025-IDSRS-NIH,National Institute of Health (NIH),Islamabad - Pakistan,PublishedCorrigendum,"Sep 25, 2026","Oct 06, 2026",12:00 PM,https://epms.ppra.gov.pk/public/tenders/tender-details/TS0000013151E,Services,2026-10-06,2026-10-05T06:27:10.880745
756,TS0000013407E,Request for Proposal for Drama Serial,Request for Proposal for Drama Serial Request for Proposal (RFP) from eligible and...,Services,P69101,Ministry of Information and Broadcasting,Islamabad - Pakistan,PublishedCorrigendum,"Sep 25, 2026","Oct 06, 2026",12:00 PM,https://epms.ppra.gov.pk/public/tenders/tender-details/TS0000013407E,Services,2026-10-06,2026-10-05T06:27:10.880745
757,TS0000014199E,EME EQUIPMENT FOR PAC HOSPITAL,Electro Medical Equipment (i) Autoclave (ii)...,Equipments,Hosp-Kam/2026-27/0003,Ministry of Defence Production,Kamra - Pakistan,PublishedCorrigendum,"Sep 25, 2026","Oct 06, 2026",10:30 AM,https://epms.ppra.gov.pk/public/tenders/tender-details/TS0000014199E,Medical/Health,2026-10-06,2026-10-05T06:27:10.880745
758,TS0000013445E,Tender for Provision of Health Insurance & GLI Services,,Services,P104938,Ministry of Energy (Power Division),Abbottabad - Pakistan,PublishedCorrigendum,"Sep 25, 2026","Oct 06, 2026",10:30 AM,https://epms.ppra.gov.pk/public/tenders/tender-details/TS0000013445E,Medical/Health,2026-10-06,2026-10-05T06:27:10.880745
759,TS0000011161E,"MT store, Engrs, Sig, EOD & GS&C","10xP-1,10xP-2,3xP7,1xP-8/9,1xP-12/13,2xP-14,5xP-15 &18xP-16 1. Corrigendum pub on 13 Aug 2026 against tender...",Miscellaneous,"10xP-1,10xP-2,3xP7,1xP-8/9,1xP-12/13,2xP-14,5xP-15 &18xP-16",Directorate General Procurement (Army),Rawalpindi. - Pakistan,PublishedCorrigendum,"Sep 25, 2026","Oct 06, 2026",10:30 AM,https://epms.ppra.gov.pk/public/tenders/tender-details/TS0000011161E,Other,2026-10-06,2026-10-05T06:27:10.880745
760,TS0000013300E,Pre-Qualification of Third-Party Inspection Firms through Open Framework Agreement,Prequalification of competent Third-Party...,Services,P73654,Ministry of Energy (Petroleum Division),Lahore - Pakistan,PublishedCorrigendum,"Sep 25, 2026","Oct 05, 2026",03:00 PM,https://epms.ppra.gov.pk/public/tenders/tender-details/TS0000013300E,Services,2026-10-05,2026-10-05T06:27:10.880745
761,TS0000013016E,INVITATION TO e-BIDS THROUGH EPADS FOR EXPORT OF SUGAR,INVITATION TO e-BIDS THROUGH EPADS FOR EXPORT OF SUGAR INVITATION TO e-BIDS THROUGH EPADS v2.0 FOR...,Food Items,D10792,Trading Corporation of Pakistan (TCP),Karachi - Pakistan,PublishedCorrigendum,"Sep 25, 2026","Sep 30, 2026",03:00 PM,https://epms.ppra.gov.pk/public/tenders/tender-details/TS0000013016E,Other,2026-09-30,2026-10-05T06:27:10.880745
762,TS0000013845E,Ord Stores/ Equipment,,Miscellaneous,13/Normal/2026-27,Ministry of Defence,Rawalpindi - Pakistan,PublishedCorrigendum,"Sep 25, 2026","Sep 30, 2026",10:30 AM,https://epms.ppra.gov.pk/public/tenders/tender-details/TS0000013845E,Goods/Supplies,2026-09-30,2026-10-05T06:27:10.880745
763,TS0000012104E,Hiring of Space in Lahore for NGC Offices,Hiring of Space in Lahore for NGC Offices,Miscellaneous,Hiring of Space in Lahore for NGC Offices,Ministry of Energy (Power Division),Lahore - Pakistan,PublishedCorrigendum,"Sep 25, 2026","Sep 29, 2026",11:00 AM,https://epms.ppra.gov.pk/public/tenders/tender-details/TS0000012104E,Other,2026-09-29,2026-10-05T06:27:10.880745
764,TS0000013114E,Procurement of assorted election material for Stationery Packs & Cloth Bags LG Elections,Corrigendum,Miscellaneous,F.1(8)/2020-Admn(PEC) Vol-III,Election Commission of Pakistan,Peshawar - Pakistan,PublishedCorrigendum,"Sep 25, 2026","Sep 28, 2026",11:00 AM,https://epms.ppra.gov.pk/public/tenders/tender-details/TS0000013114E,Goods/Supplies,2026-09-28,2026-10-05T06:27:10.880745
765,TS0000014564E,Tender notice for misc items,"Flush valve (K 189-46-06/3) etc. = 14 Items, Ball...",Miscellaneous,197-S/1/A.T-DSW/2026-27(8834-8897),Pakistan Railways,Lahore - Pakistan,Published,"Sep 24, 2026","Nov 09, 2026",10:30 AM,https://epms.ppra.gov.pk/public/tenders/tender-details/TS0000014564E,Other,2026-11-09,2026-10-05T06:27:10.880745
766,TS0000014563E,Procurement of Filter Elements,Procurement of Filter Elements Procurement of Filter Elements,Consumable Items,13-FP-FILTER ELEMENT-PUR-WBM-2026-27,Wah Industries Limited,Wah Cantt - Pakistan,Published,"Sep 24, 2026","Oct 28, 2026",11:00 AM,https://epms.ppra.gov.pk/public/tenders/tender-details/TS0000014563E,Goods/Supplies,2026-10-28,2026-10-05T06:27:10.880745
767,TS0000014550E,“Development of Engine O/H Kit”,5647/IT-04/Dev/AR,Miscellaneous,5647/IT-04/Dev/AR,Ministry of Defence Production,Taxila - Pakistan,Published,"Sep 24, 2026","Oct 26, 2026",10:30 AM,https://epms.ppra.gov.pk/public/tenders/tender-details/TS0000014550E,Medical/Health,2026-10-26,2026-10-05T06:27:10.880745
768,TS0000014556E,procurement of Chip Board Un-lined Sheet,Chip Board Un-lined Sheet TENDER ENQUIRY FOR CHIP BOARD UN-LINED SHEET,Stationery,0050/LP/P-782/P-WIL/55,Wah Industries Limited,Wah Cantt - Pakistan,Published,"Sep 24, 2026","Oct 22, 2026",11:00 AM,https://epms.ppra.gov.pk/public/tenders/tender-details/TS0000014556E,Goods/Supplies,2026-10-22,2026-10-05T06:27:10.880745
769,TS0000014522E,Procurement of elevators for newly under construction Block-D,Nil Nil,Mechanical/Machinery,06/26-27,Public Sector Organization,Islamabad - Pakistan,Published,"Sep 24, 2026","Oct 21, 2026",11:30 AM,https://epms.ppra.gov.pk/public/tenders/tender-details/TS0000014522E,Construction/Works,2026-10-21,2026-10-05T06:27:10.880745
770,TS0000014557E,Procurement of Misc Items,"Filling Factory , POF Wah Cantt Procurement of Misc Items",Miscellaneous,TE NO 0004/0008/0045/0046/0058/0081/0083/0085-LP-Fill-57,Ministry of Defence Production,Wah Cantt - Pakistan,Published,"Sep 24, 2026","Oct 21, 2026",10:30 AM,https://epms.ppra.gov.pk/public/tenders/tender-details/TS0000014557E,Goods/Supplies,2026-10-21,2026-10-05T06:27:10.880745
771,TS0000014583E,Raising of Boundary Wall at 132KV Grid Station Shorkot City,"Raising / Construction of Boundary Wall,...",Civil Works,01-12/CWD-II/2026-27,Faisalabad Electric Supply Company (FESCO),Faisalabad - Pakistan,Published,"Sep 24, 2026","Oct 21, 2026",11:30 AM,https://epms.ppra.gov.pk/public/tenders/tender-details/TS0000014583E,Construction/Works,2026-10-21,2026-10-05T06:27:10.880745
772,TS0000014524E,"327-Upgradation of Fire Fighting System at SBP Buildings, Head Office Karachi",,Mechanical/Machinery,ED/PROC-HOK/1223364/2026/327,State Bank of Pakistan (SBP),Karachi - Pakistan,Published,"Sep 24, 2026","Oct 20, 2026",12:00 PM,https://epms.ppra.gov.pk/public/tenders/tender-details/TS0000014524E,Construction/Works,2026-10-20,2026-10-05T06:27:10.880745
773,TS0000014529E,Repair and Maintenance of AGPR Office Building & Other Building (Works) through Open Framework Agreement,"The procurement is intended to engage qualified and experienced firms for repair and maintenance of the office building on an as and-when-required basis. The services will cover routine and emergent civil, electrical, plumbing, sanitary and allied maintenance works. The procurement is intended to engage qualified...",Repair/Maintenance,FFW10144,Controller General of Accounts,Islamabad - Pakistan,PublishedCorrigendum,"Sep 24, 2026","Oct 20, 2026",11:00 AM,https://epms.ppra.gov.pk/public/tenders/tender-details/TS0000014529E,Construction/Works,2026-10-20,2026-10-05T06:27:10.880745
774,TS0000014554E,"IFB, Bidding Documents for Procurement of cafeteria services for NHA HQs Islamabad",,Civil Works,Store,Ministry of Communications,Islamabad - Pakistan,Published,"Sep 24, 2026","Oct 19, 2026",02:00 PM,https://epms.ppra.gov.pk/public/tenders/tender-details/TS0000014554E,Construction/Works,2026-10-19,2026-10-05T06:27:10.880745
775,TS0000014518E,INVITATION TO e-BIDS,"PABX TELEPHONE EXCHANGE WITH TELEPHONE SETS AND BLOCK WIRING SUPPLY, INSTALLATION & COMMISSIONING OF PABX...",Info and Comm Tech,Dir-NTC/25-38/T.E./2026-27 (VI) - 128707,National Telecommunication Corporation (NTC),Islamabad - Pakistan,Published,"Sep 24, 2026","Oct 15, 2026",10:30 AM,https://epms.ppra.gov.pk/public/tenders/tender-details/TS0000014518E,Other,2026-10-15,2026-10-05T06:27:10.880745
776,TS0000014519E,T-4235/26/ABZ HIRING SERVICES FOR RENTAL CHILLER WITH ACCESSORIES (AS PER BOQ),,Services,T-4235/26/ABZ,Pakistan Security Printing Corporaion (PSPC),Islamabad - Pakistan,Published,"Sep 24, 2026","Oct 15, 2026",11:00 AM,https://epms.ppra.gov.pk/public/tenders/tender-details/TS0000014519E,Services,2026-10-15,2026-10-05T06:27:10.880745
777,TS0000014544E,INVITATION TO BID PROVISION OF NIGHT / LIGHT REFRESHMENT FOR ATC / ANS OFFICERS / OFFICIALS AT JIAP KARACHI,INVITATION TO BID PROVISION OF NIGHT / LIGHT REFRESHMENT FOR ATC / ANS OFFICERS / OFFICIALS AT JIAP KARACHI INVITATION TO BID PROVISION OF NIGHT / LIGHT...,Services,12584,Pakistan Airports Authority (PAA),Karachi - Pakistan,Published,"Sep 24, 2026","Oct 15, 2026",11:00 AM,https://epms.ppra.gov.pk/public/tenders/tender-details/TS0000014544E,Services,2026-10-15,2026-10-05T06:27:10.880745
778,TS0000014551E,procurement of Industrial Chemical,chemical items Industrial Chemicals,Chemical Items,0015/LP/P-782/P-WIL/55,Wah Industries Limited,Wah Cantt - Pakistan,Published,"Sep 24, 2026","Oct 15, 2026",11:00 AM,https://epms.ppra.gov.pk/public/tenders/tender-details/TS0000014551E,Goods/Supplies,2026-10-15,2026-10-05T06:27:10.880745
779,TS0000014553E,procurement of Oils & Lubricants,Oils & Lubricants TENDER ENQUIRY FOR PROCUREMENT OF OILS &...,"Petroleum, Oil & Lubricants",0057/LP/P-782/P-WIL/55,Wah Industries Limited,Wah Cantt - Pakistan,Published,"Sep 24, 2026","Oct 15, 2026",11:00 AM,https://epms.ppra.gov.pk/public/tenders/tender-details/TS0000014553E,Energy/Utilities,2026-10-15,2026-10-05T06:27:10.880745
780,TS0000014558E,Training Equipment,Training Equipment,Equipments,2690371/R-2609/310142,Directorate of Procurement (Navy),Islamabad - Pakistan,Published,"Sep 24, 2026","Oct 15, 2026",10:30 AM,https://epms.ppra.gov.pk/public/tenders/tender-details/TS0000014558E,Goods/Supplies,2026-10-15,2026-10-05T06:27:10.880745
781,TS0000014559E,Provisioning of Vodia hardware & Software Kit Alongwith Anuual Subscription,Provisioning of Vodia hardware & Software Kit...,Equipments,2690328/R-2609/310154,Directorate of Procurement (Navy),Islamabad - Pakistan,Published,"Sep 24, 2026","Oct 15, 2026",10:30 AM,https://epms.ppra.gov.pk/public/tenders/tender-details/TS0000014559E,Medical/Health,2026-10-15,2026-10-05T06:27:10.880745
782,TS0000014560E,Provisioning and Commissioning of Underwater Ultrasonic Thickness Gauge Alongwith Accessories,Provisioning and Commissioning of Underwater...,Equipments,2690327/R-2609/310159,Directorate of Procurement (Navy),Islamabad - Pakistan,Published,"Sep 24, 2026","Oct 15, 2026",10:30 AM,https://epms.ppra.gov.pk/public/tenders/tender-details/TS0000014560E,Goods/Supplies,2026-10-15,2026-10-05T06:27:10.880745
783,TS0000014523E,PROCUREMENT OF TOOLINGS,PROCUREMENT OF TOOLINGS PROCUREMENT OF TOOLINGS,Miscellaneous,"0041, 0057, 0062-LP-W-57",Ministry of Defence Production,Wah Cantt - Pakistan,Published,"Sep 24, 2026","Oct 14, 2026",10:30 AM,https://epms.ppra.gov.pk/public/tenders/tender-details/TS0000014523E,Goods/Supplies,2026-10-14,2026-10-05T06:27:10.880745
784,TS0000014533E,Procurement of Cutting and Stitching of Uniform Sector N-5 C-III Rahim Yar Khan for FY 2026-27,"Tender for Cutting and Stitching of Uniforms for Sector N-5 (Central-III), Rahim Yar Khan Cutting and Stitching of Uniforms and Other...",Clothing/Uniform,02/N-5/C-III/2026-27,Ministry of Communications,Rahim Yar Khan - Pakistan,Published,"Sep 24, 2026","Oct 14, 2026",11:30 AM,https://epms.ppra.gov.pk/public/tenders/tender-details/TS0000014533E,Goods/Supplies,2026-10-14,2026-10-05T06:27:10.880745
785,TS0000014543E,Notice Inviting E-Bidding Original & Repair Maintenance Works FY 2026-27 Cantonment Board Bahawalpur,Notice Inviting E-Bidding Original & Repair...,Civil Works,CBB/Advertisement/2026/1106,Military Lands & Cantonments (ML&C),Bahawalpur - Pakistan,Published,"Sep 24, 2026","Oct 14, 2026",01:00 PM,https://epms.ppra.gov.pk/public/tenders/tender-details/TS0000014543E,Construction/Works,2026-10-14,2026-10-05T06:27:10.880745
786,TS0000014546E,"Tender for Operation, Servicing & Maintenance Of (02) Nos. Modified Lifts, Make (KONE) Installed at State Life Building Mirpurkhas","Tender for Operation, Servicing & Maintenance Of (02) Nos. Modified Lifts, Make (KONE) Installed at State Life Building Mirpurkhas Tender for Operation, Servicing & Maintenance...",Services,RE-HYD/LIFTS/MIRPURKHAS/2026-27,State Life Insurance Corporation of Pakistan,Hyderabad - Pakistan,Published,"Sep 24, 2026","Oct 14, 2026",11:00 AM,https://epms.ppra.gov.pk/public/tenders/tender-details/TS0000014546E,Construction/Works,2026-10-14,2026-10-05T06:27:10.880745
787,TS0000014548E,"Establishment of Pakistan Asaan Khidmat Centre, Islamabad (Phase-II)",,Miscellaneous,F-26091957193,Ministry of Interior and Narcotics Control,Islamabad - Pakistan,Published,"Sep 24, 2026","Oct 14, 2026",11:30 AM,https://epms.ppra.gov.pk/public/tenders/tender-details/TS0000014548E,Other,2026-10-14,2026-10-05T06:27:10.880745
788,TS0000014567E,"Construction of 12""dia 02 Nos. High Pressure Natural Gas Pipelines through HDD mode for crossing of CRBC Canal District DI Khan and Ghambhila Nullah District Lakki",Khyber Pakhtunkhwa We are hiring contractor for the Construction of...,Miscellaneous,SNGPL/NP&D/HDD/TL/01/26-02,Sui Northern Gas Pipelines Limited (SNGPL),Lahore - Pakistan,Published,"Sep 24, 2026","Oct 14, 2026",02:00 PM,https://epms.ppra.gov.pk/public/tenders/tender-details/TS0000014567E,Construction/Works,2026-10-14,2026-10-05T06:27:10.880745
789,TS0000014573E,PROCUREMENT OF SECURITY CONTROL SYSTEM ALONG WITH ACCESSORIES & INSTALLATION,5010/IT-6804/26-27/SCM/FOR/GP-II/SCM dated 16 September 2026 PROCUREMENT OF SECURITY CONTROL SYSTEM ALONG WITH...,Miscellaneous,5010/IT-6804/26-27/SCM/FOR/GP-II/SCM dated 16 September 2026,Ministry of Defence Production,Taxila - Pakistan,Published,"Sep 24, 2026","Oct 14, 2026",10:30 AM,https://epms.ppra.gov.pk/public/tenders/tender-details/TS0000014573E,IT/Technology,2026-10-14,2026-10-05T06:27:10.880745
790,TS0000014575E,PROCUREMENT OF OT TABLE WITH ALL ORTHO ACCESSORIES,MS/RT-7964/2026-27/Hosp/Gp-III/FOR/SCMD dated 17 Sep 2026 PROCUREMENT OF OT TABLE WITH ALL ORTHO ACCESSORIES,Miscellaneous,MS/RT-7964/2026-27/Hosp/Gp-III/FOR/SCMD dated 17 Sep 2026,Ministry of Defence Production,Taxila - Pakistan,Published,"Sep 24, 2026","Oct 14, 2026",10:30 AM,https://epms.ppra.gov.pk/public/tenders/tender-details/TS0000014575E,Goods/Supplies,2026-10-14,2026-10-05T06:27:10.880745
791,TS0000014578E,"Invitation of Bids to Procure Goods, Stationery, Computer Stationery, Items, Equipment for Financial Year 2026-2027, PTV HQ Islamabad","-- Invitation of Bids to Procure Goods, Stationery,...",Miscellaneous,HP/103/2026/3644,Ministry of Information and Broadcasting,Islamabad - Pakistan,Published,"Sep 24, 2026","Oct 14, 2026",11:00 AM,https://epms.ppra.gov.pk/public/tenders/tender-details/TS0000014578E,IT/Technology,2026-10-14,2026-10-05T06:27:10.880745
792,TS0000014528E,Stud Bolts / Angle Iron etc.,Procurement of Stud Bolts / Angle Iron etc. We intend to procure Stud Bolts / Angle Iron etc.,Miscellaneous,FST/TE/058/26,Sui Northern Gas Pipelines Limited (SNGPL),Faisalabad - Pakistan,Published,"Sep 24, 2026","Oct 13, 2026",03:00 PM,https://epms.ppra.gov.pk/public/tenders/tender-details/TS0000014528E,Other,2026-10-13,2026-10-05T06:27:10.880745
793,TS0000014537E,"INVITATION TO BID PROCUREMENT AND LAYING OF OPTICAL FIBER & TELECOMMUNICATION CABLE FOR ESTABLISHING NETWORK BETWEEN AFMCC, ECR AND FIRE STATION AT BKIAP, PESHAWAR","LC(N)/2011/06/RNSN/176 INVITATION TO BID PROCUREMENT AND LAYING OF OPTICAL FIBER & TELECOMMUNICATION CABLE FOR ESTABLISHING NETWORK BETWEEN AFMCC, ECR AND FIRE STATION AT BKIAP, PESHAWAR LC(N)/2011/06/RNSN/176 INVITATION TO BID PROCUREMENT AND LAYING OF...",Miscellaneous,12583,Pakistan Airports Authority (PAA),Karachi - Pakistan,Published,"Sep 24, 2026","Oct 13, 2026",11:00 AM,https://epms.ppra.gov.pk/public/tenders/tender-details/TS0000014537E,IT/Technology,2026-10-13,2026-10-05T06:27:10.880745
794,TS0000014571E,Ord Stores/ Equipment,Ord Stores / Equipment,Miscellaneous,15/Normal/2026-27,Ministry of Defence,Rawalpindi - Pakistan,Published,"Sep 24, 2026","Oct 13, 2026",10:30 AM,https://epms.ppra.gov.pk/public/tenders/tender-details/TS0000014571E,Goods/Supplies,2026-10-13,2026-10-05T06:27:10.880745
795,TS0000014574E,RIFB For Contract No (RM-PS-2026-27-10-93 to RM-PS-2026-27-10-125) in Multan,,Civil Works,Multan,Ministry of Communications,Islamabad - Pakistan,Published,"Sep 24, 2026","Oct 13, 2026",11:30 AM,https://epms.ppra.gov.pk/public/tenders/tender-details/TS0000014574E,Construction/Works,2026-10-13,2026-10-05T06:27:10.880745
796,TS0000014577E,Procurement of 08 Nos of Multimedia Projectors at Bahria University Health Sciences Campus Karachi,Procurement of 08 Nos of Multimedia Projectors at...,Electrical Items,P134173,Bahria University,Karachi - Pakistan,Published,"Sep 24, 2026","Oct 13, 2026",11:00 AM,https://epms.ppra.gov.pk/public/tenders/tender-details/TS0000014577E,Medical/Health,2026-10-13,2026-10-05T06:27:10.880745
797,TS0000012802E,Notice Inviting Consultancy Services of K.PWWB,"E-Pads The Khyber Pakhtunkhwa, Workers Welfare Board...",Civil Works,WWB/Engg/4-135/VI/1762-66,Government of Khyber Pakhtunkhwa,Peshawar - Pakistan,PublishedCorrigendum,"Sep 24, 2026","Oct 13, 2026",12:00 PM,https://epms.ppra.gov.pk/public/tenders/tender-details/TS0000012802E,Construction/Works,2026-10-13,2026-10-05T06:27:10.880745
798,TS0000013148E,Establishment of PMD National Operations Centre,Pre Qualification Notice For details please download the bidding documents,Services,I&P/PMD/NOC/26-27,Pakistan Meteorological Department,Islamabad - Pakistan,PublishedCorrigendum,"Sep 24, 2026","Oct 12, 2026",10:30 AM,https://epms.ppra.gov.pk/public/tenders/tender-details/TS0000013148E,Services,2026-10-12,2026-10-05T06:27:10.880745
799,TS0000014534E,INVITATION TO BID PROCUREMENT OF SPARES FOR REPLACEMENT OF ROOF TOP AC OF PBB HELD AT BKIAP PESHAWAR LC(N)/2011/06/RNSN/5553,INVITATION TO BID PROCUREMENT OF SPARES FOR REPLACEMENT OF ROOF TOP AC OF PBB HELD AT BKIAP PESHAWAR LC(N)/2011/06/RNSN/5553 INVITATION TO BID PROCUREMENT OF SPARES FOR...,Miscellaneous,12582,Pakistan Airports Authority (PAA),Karachi - Pakistan,Published,"Sep 24, 2026","Oct 12, 2026",11:00 AM,https://epms.ppra.gov.pk/public/tenders/tender-details/TS0000014534E,Goods/Supplies,2026-10-12,2026-10-05T06:27:10.880745
800,TS0000014535E,Procurement of Test Management Tool,Procurement of Test Management Tool,Services,NADRA-HQ-RFB-115/2026,National Database and Registration Authority (NADRA),Islamabad - Pakistan,Published,"Sep 24, 2026","Oct 12, 2026",11:00 AM,https://epms.ppra.gov.pk/public/tenders/tender-details/TS0000014535E,Services,2026-10-12,2026-10-05T06:27:10.880745
801,TS0000014539E,"Tender for Promotional Material for SIFCD, 26-27",SIFCD invites bidders to apply for the tender of...,Printing,04 (1) SIFCD/ General/ Tender for Promotional Material,Prime Minister's Office,Islamabad - Pakistan,Published,"Sep 24, 2026","Oct 12, 2026",11:00 AM,https://epms.ppra.gov.pk/public/tenders/tender-details/TS0000014539E,Goods/Supplies,2026-10-12,2026-10-05T06:27:10.880745
802,TS0000014542E,Purchase of Stationary,,Stationery,FFW10030,Ministry of Federal Education and Professional Training,Islamabad - Pakistan,Published,"Sep 24, 2026","Oct 12, 2026",11:00 AM,https://epms.ppra.gov.pk/public/tenders/tender-details/TS0000014542E,Goods/Supplies,2026-10-12,2026-10-05T06:27:10.880745
803,TS0000014545E,Hiring of Audit Resources from Third Party,Hiring of Audit Resources from Third Party,Services,Tender No. 01/CIA/M,Islamabad Electric Supply Company (IESCO),Islamabad - Pakistan,Published,"Sep 24, 2026","Oct 12, 2026",10:30 AM,https://epms.ppra.gov.pk/public/tenders/tender-details/TS0000014545E,Services,2026-10-12,2026-10-05T06:27:10.880745
804,TS0000014555E,"Tender Notice for Excavation/Transportation of Rock Salt from Tunnel No.26 to PMDC Salt Depot Khewra and M/s. LCI (Direct) at PMDC Salt Mines, Khewra","Tender Notice for Excavation/Transportation of Rock Salt from Tunnel No.26 to PMDC Salt Depot Khewra and M/s. LCI (Direct) at PMDC Salt Mines, Khewra Tender Notice for Excavation/Transportation of...",Mining,Ref.No.PMDC/Pro/KH,Pakistan Mineral Development Corporation (PMDC),Islamabad - Pakistan,Published,"Sep 24, 2026","Oct 12, 2026",11:00 AM,https://epms.ppra.gov.pk/public/tenders/tender-details/TS0000014555E,Other,2026-10-12,2026-10-05T06:27:10.880745
805,TS0000014561E,SUPPLY/ FIXING OF CANOPY FOR TOYOTA DOUBLE CABIN REVO AND TYRES FOR VEHICLES ATTACHED IN THE OFFICE OF DIRECTOR (PROJECTS) NGC ISLAMABAD,,Vehicles,DP-ISD-03-2026,National Grid Company of Pakistan Limited NGC,Islamabad - Pakistan,Published,"Sep 24, 2026","Oct 12, 2026",11:00 AM,https://epms.ppra.gov.pk/public/tenders/tender-details/TS0000014561E,Defence/Military,2026-10-12,2026-10-05T06:27:10.880745
806,TS0000014569E,"Procurement of Stationery, Computer Stationery, General Order/ Miscellaneous Goods and Uniform Items through Closed Framework Agreement (FY 2026-27)","Procurement of Stationery, Computer Stationery,...",Stationery,No.Estt./CC(Airports)-Tender/42/2026-27/1247,Ministry of Finance,Islamabad - Pakistan,Published,"Sep 24, 2026","Oct 12, 2026",12:00 PM,https://epms.ppra.gov.pk/public/tenders/tender-details/TS0000014569E,IT/Technology,2026-10-12,2026-10-05T06:27:10.880745
807,TS0000014570E,Misc facilities at PAF,Advertisement of tenders Misc facilities at PAF,Civil Works,6001/12/E6 dated 24 Sep 2026,Ministry of Defence,Chakwal - Pakistan,Published,"Sep 24, 2026","Oct 12, 2026",11:30 AM,https://epms.ppra.gov.pk/public/tenders/tender-details/TS0000014570E,Construction/Works,2026-10-12,2026-10-05T06:27:10.880745
808,TS0000014580E,MAINTENANCE & REPAIR KPT FLAT EK-55 AT KV-50 BUILDING KEMARI,MAINTENANCE & REPAIR KPT FLAT EK-55 AT KV-50 BUILDING KEMARI MAINTENANCE & REPAIR KPT FLAT EK-55 AT KV-50...,Repair/Maintenance,P-129217 E/CS-2(209)/,Ministry of Maritime Affairs,Karachi - Pakistan,Published,"Sep 24, 2026","Oct 12, 2026",10:00 AM,https://epms.ppra.gov.pk/public/tenders/tender-details/TS0000014580E,Construction/Works,2026-10-12,2026-10-05T06:27:10.880745
809,TS0000014582E,STG-01/2026-27,"132 KV Circuit Breaker 132kV, 40kA, 2000Amps, 110V DC,3-Pole SF6 Circuit...",Electrical Items,P130036,Ministry of Energy (Power Division),Quetta - Pakistan,Published,"Sep 24, 2026","Oct 12, 2026",10:30 AM,https://epms.ppra.gov.pk/public/tenders/tender-details/TS0000014582E,Energy/Utilities,2026-10-12,2026-10-05T06:27:10.880745
810,TS0000014584E,STG-02/2026-27,"132KV Bus & Line  Isolator (Motor Operated), (2000 A) 132KV Bus & Line Isolator (Motor Operated),...",Electrical Items,P132385,Ministry of Energy (Power Division),Quetta - Pakistan,Published,"Sep 24, 2026","Oct 12, 2026",11:30 AM,https://epms.ppra.gov.pk/public/tenders/tender-details/TS0000014584E,Energy/Utilities,2026-10-12,2026-10-05T06:27:10.880745
811,TS0000014585E,STG-03/2026-27,132 KV Line & Transformer CTs,Electrical Items,P132409,Ministry of Energy (Power Division),Quetta - Pakistan,Published,"Sep 24, 2026","Oct 12, 2026",12:30 PM,https://epms.ppra.gov.pk/public/tenders/tender-details/TS0000014585E,Energy/Utilities,2026-10-12,2026-10-05T06:27:10.880745
812,TS0000014587E,AWP 2026-27 & Routine Repair/maint,GE (DP) Const/Svcs Txl,Repair/Maintenance,600/Adv/01/E6,Ministry of Defence Production,Taxila - Pakistan,Published,"Sep 24, 2026","Oct 12, 2026",11:29 AM,https://epms.ppra.gov.pk/public/tenders/tender-details/TS0000014587E,Services,2026-10-12,2026-10-05T06:27:10.880745
813,TS0000014597E,"Construction of foundations, Erection of Towers for Rehabilitation of 132 KV Transmission Liine",,Electrical Items,PESCO/PD(GSC)/NIT-01/2026-27,Ministry of Energy (Power Division),Islamabad - Pakistan,Published,"Sep 24, 2026","Oct 12, 2026",10:00 AM,https://epms.ppra.gov.pk/public/tenders/tender-details/TS0000014597E,Construction/Works,2026-10-12,2026-10-05T06:27:10.880745
814,TS0000014001E,CORRIGENDUM TENDER NOTICE FOR SERVICE LEVEL AGREEMENT JANITORIAL AND CLEANING SERVICES AT AIIAP LAHORE,CORRIGENDUM TENDER NOTICE FOR SERVICE LEVEL AGREEMENT JANITORIAL AND CLEANING SERVICES AT AIIAP LAHORE CORRIGENDUM TENDER NOTICE FOR SERVICE LEVEL...,Services,12554C,Pakistan Airports Authority (PAA),Karachi - Pakistan,PublishedCorrigendum,"Sep 24, 2026","Oct 09, 2026",11:00 AM,https://epms.ppra.gov.pk/public/tenders/tender-details/TS0000014001E,Services,2026-10-09,2026-10-05T06:27:10.880745
815,TS0000014520E,PSO-GA-20014-NZ-Revaluation of Fixed Assets,"SPECIAL INSTRUCTIONS:  Any party interested to participate in any of the tender(s) may send its request for tender documents through SAP Ariba Portal in the following manner:  1.	Scanned copy of the duly signed and stamped request on official letterhead of the bidder shall be uploaded on SAP Ariba Portal. In the subject request letter, please mention “Tender Documents Collection Request – Tender No.______”. 2.	Request shall be accompanied by scanned copies of the following: a.	Valid NTN, GST/PST certificates, CNIC of owner/ authorized representative. Vendor should be an active tax payer. PSO-GA-20014-NZ-Revaluation of Fixed Assets",Services,PSO-GA-20014-NZ-Revaluation of Fixed Assets,Pakistan State Oil (PSO),Karachi - Pakistan,Published,"Sep 24, 2026","Oct 09, 2026",02:15 PM,https://epms.ppra.gov.pk/public/tenders/tender-details/TS0000014520E,Services,2026-10-09,2026-10-05T06:27:10.880745
816,TS0000014521E,"AD-A4916-NZ-ANNUAL CONTRACT RENT A CAR SERVICES FOR PSO OFFICES KARACHI, LAHORE AND ISLAMABAD","SPECIAL INSTRUCTIONS:  Any party interested to participate in any of the tender(s) may send its request for tender documents through SAP Ariba Portal in the following manner:  1.	Scanned copy of the duly signed and stamped request on official letterhead of the bidder shall be uploaded on SAP Ariba Portal. In the subject request letter, please mention “Tender Documents Collection Request – Tender No.______”. 2.	Request shall be accompanied by scanned copies of the following: a.	Valid NTN, GST/PST certificates, CNIC of owner/ authorized representative. Vendor should be an active tax payer. AD-A4916-NZ-ANNUAL CONTRACT RENT A CAR SERVICES...",Services,"AD-A4916-NZ-ANNUAL CONTRACT RENT A CAR SERVICES FOR PSO OFFICES KARACHI, LAHORE AND ISLAMABAD",Pakistan State Oil (PSO),Karachi - Pakistan,Published,"Sep 24, 2026","Oct 09, 2026",02:15 PM,https://epms.ppra.gov.pk/public/tenders/tender-details/TS0000014521E,Services,2026-10-09,2026-10-05T06:27:10.880745
817,TS0000014525E,"Procurement, Supply, Installation, Configuration, Testing and Commissioning of Server Machines on Turnkey Basis","Procurement, Supply, Installation, Configuration, Testing and Commissioning of Server Machines on Turnkey Basis SCP/02/2026-27/ITD (Procurement, Supply,...",Info and Comm Tech,SCP/02/2026-27/ITD,Supreme Court of Pakistan,Islamabad - Pakistan,Published,"Sep 24, 2026","Oct 09, 2026",11:00 AM,https://epms.ppra.gov.pk/public/tenders/tender-details/TS0000014525E,IT/Technology,2026-10-09,2026-10-05T06:27:10.880745
818,TS0000014526E,"PROCUREMENT OF CTG MACHINES (PACKAGE NO. 22) ON DDP BASIS FOR ESTABLISHMENT OF FEDERAL GOVERNMENT POLYCLINIC (PGMI)-II AT G-11/3, ISLAMABAD","PROCUREMENT OF CTG MACHINES (PACKAGE NO. 22) ON DDP BASIS FOR ESTABLISHMENT OF FEDERAL GOVERNMENT POLYCLINIC (PGMI)-II AT G-11/3, ISLAMABAD PROCUREMENT OF CTG MACHINES (PACKAGE NO. 22) ON...",Equipments,P117697,Government of Punjab,Lahore - Pakistan,Published,"Sep 24, 2026","Oct 09, 2026",03:00 PM,https://epms.ppra.gov.pk/public/tenders/tender-details/TS0000014526E,Goods/Supplies,2026-10-09,2026-10-05T06:27:10.880745
819,TS0000014530E,"QA-20057-YP-Provision of Tyres for 09 Quality Testing Vans (SUK, RYK, BWP, MXC, LHR, GWR, KHI, SWL, PWR)",Provision of Tyres for 09 Quality Testing Vans...,Miscellaneous,QA-20057-YP,Pakistan State Oil (PSO),Karachi - Pakistan,Published,"Sep 24, 2026","Oct 09, 2026",02:15 PM,https://epms.ppra.gov.pk/public/tenders/tender-details/TS0000014530E,Defence/Military,2026-10-09,2026-10-05T06:27:10.880745
820,TS0000014538E,"PROVISION, INSTALLATION, TESTING & COMMISSIONING OF IT EQUIPMENT (CAMPUS LAN, VOICE COMMUNICATION, SERVER STORAGE) FOR ESTABLISHMENT OF FEDERAL GOVERNMENT POLYCLINIC","(PGMI)-II AT G/11/3, ISLAMABAD",Info and Comm Tech,P121132,Government of Punjab,Lahore - Pakistan,Published,"Sep 24, 2026","Oct 09, 2026",03:00 PM,https://epms.ppra.gov.pk/public/tenders/tender-details/TS0000014538E,IT/Technology,2026-10-09,2026-10-05T06:27:10.880745
821,TS0000014541E,"Construction of New Islamabad Convention, Exhibition and Expo Centre, Islamabad",,Civil Works,P119785,Ministry of Interior and Narcotics Control,Islamabad - Pakistan,Published,"Sep 24, 2026","Oct 09, 2026",11:00 AM,https://epms.ppra.gov.pk/public/tenders/tender-details/TS0000014541E,Construction/Works,2026-10-09,2026-10-05T06:27:10.880745
822,TS0000014547E,Purchase of Other (Gen) Items,,Miscellaneous,P95419,National Accountability Bureau (NAB),Lahore - Pakistan,Published,"Sep 24, 2026","Oct 09, 2026",11:00 AM,https://epms.ppra.gov.pk/public/tenders/tender-details/TS0000014547E,Goods/Supplies,2026-10-09,2026-10-05T06:27:10.880745
823,TS0000014549E,Procurement of Fiber Dust bin 120 liter with paddle (Blue Color with CBG Logo printing),Procurement of Fiber Dust bin 120 liter with paddle (Blue Color with CBG Logo printing),Miscellaneous,CBG02,Military Lands & Cantonments (ML&C),Gujranwala - Pakistan,Published,"Sep 24, 2026","Oct 09, 2026",10:00 AM,https://epms.ppra.gov.pk/public/tenders/tender-details/TS0000014549E,Goods/Supplies,2026-10-09,2026-10-05T06:27:10.880745
824,TS0000014552E,Construction / Provision / Installation of Certain Residential / Non Residential / Services / Facilities & Consultancy Services (Design / RE Supervision) for Certain,"Works at DCI Islamabad The application for Pre-Qualification & Bidding from the firms / contractors enlisted with MES are invited by the DW&CE (DCI) Islamabad. Firms not enlisted with MES, will attach 2% earnest money of the contract cost in shape of CDR / Defence Saving Certificates duly pledged in favour of DW&CE (DCI) Islamabad. The bidding documents will be issued to qualified contractors only. Application will be received from 25 Sep 2026 onward till 08 Oct 2026. Sealed bids will be received in the office of DW&CE (DCI) Islamabad uptill 1230 hrs dated 09 Oct 2026. Tender will be opened on 09 Oct 2026 at 1400 hrs in the presence of authorized reps of firms. All bids received shall be opened and evaluated...",Civil Works,14/600/PPRA/E6,Ministry of Defence,Islamabad - Pakistan,Published,"Sep 24, 2026","Oct 09, 2026",01:30 PM,https://epms.ppra.gov.pk/public/tenders/tender-details/TS0000014552E,Construction/Works,2026-10-09,2026-10-05T06:27:10.880745
825,TS0000014562E,Notice of tender,,Miscellaneous,4066-SGD/Advt/02/E-4,Ministry of Defence,Rawalpindi - Pakistan,Published,"Sep 24, 2026","Oct 09, 2026",11:30 AM,https://epms.ppra.gov.pk/public/tenders/tender-details/TS0000014562E,Other,2026-10-09,2026-10-05T06:27:10.880745
826,TS0000013283E,ENGAGEMENT OF ACTUARIAL/CONSULTING FIRM FOR CONDUCTING ACTUARIAL STUDY AND DESIGNING A SUSTAINABLE PENSION PRODUCT FOR REGULAR EMPLOYEES,"The University of Balochistan, Quetta invites...",Services,ENGAGEMENT OF ACTUARIAL/CONSULTING FIRM FOR CONDUCTING ACTUARIAL STUDY AND DESIGNING A SUSTAINABLE PENSION PRODUCT FOR REGULAR EMPLOYEES,Higher Education Commission (HEC),Quetta - Pakistan,PublishedCorrigendum,"Sep 24, 2026","Oct 09, 2026",03:00 PM,https://epms.ppra.gov.pk/public/tenders/tender-details/TS0000013283E,Services,2026-10-09,2026-10-05T06:27:10.880745
827,TS0000014565E,INVITATION FOR BIDS,SLA (Uncompressed & Unshared MPLS Connectivity of FESCO SLA (Uncompressed & Unshared MPLS...,Info and Comm Tech,FESCO/MPLS/03,Ministry of Energy (Power Division),Faisalabad - Pakistan,Published,"Sep 24, 2026","Oct 09, 2026",03:00 PM,https://epms.ppra.gov.pk/public/tenders/tender-details/TS0000014565E,Other,2026-10-09,2026-10-05T06:27:10.880745
828,TS0000014566E,CONSERVENCY SERVICES,,Services,400/32nd CB/06,Ministry of Defence,Karachi - Pakistan,Published,"Sep 24, 2026","Oct 09, 2026",11:30 AM,https://epms.ppra.gov.pk/public/tenders/tender-details/TS0000014566E,Services,2026-10-09,2026-10-05T06:27:10.880745
829,TS0000014572E,Miscellaneous,,Consumable Items,4101/RFK-KUGEJ4,Ministry of Defence,Renala Khurd - Pakistan,Published,"Sep 24, 2026","Oct 09, 2026",11:30 AM,https://epms.ppra.gov.pk/public/tenders/tender-details/TS0000014572E,Other,2026-10-09,2026-10-05T06:27:10.880745
830,TS0000014576E,Repair of Machinery,,Civil Works,4101/RFK-KLGCZC,Ministry of Defence,Renala Khurd - Pakistan,Published,"Sep 24, 2026","Oct 09, 2026",11:30 AM,https://epms.ppra.gov.pk/public/tenders/tender-details/TS0000014576E,Construction/Works,2026-10-09,2026-10-05T06:27:10.880745
831,TS0000014581E,"Renewal of Licenses Firewall, EDRs& SSL (2026-27)",,Miscellaneous,P124396,National University of Modern Languages,Islamabad - Pakistan,Published,"Sep 24, 2026","Oct 09, 2026",11:00 AM,https://epms.ppra.gov.pk/public/tenders/tender-details/TS0000014581E,Construction/Works,2026-10-09,2026-10-05T06:27:10.880745
832,TS0000014586E,STG-04/2026-27,200 KVAR Capacitor Unit 200 KVAR Capacitor Unit,Equipments,P132424,Ministry of Energy (Power Division),Quetta - Pakistan,Published,"Sep 24, 2026","Oct 09, 2026",01:30 PM,https://epms.ppra.gov.pk/public/tenders/tender-details/TS0000014586E,Goods/Supplies,2026-10-09,2026-10-05T06:27:10.880745
833,TS0000014589E,"Installation, Testing and Commissioning of 150KVA DG Set with canopy at PSO Serai Naurang Depot","Installation, Testing and Commissioning of 150KVA...",Appliances,CF-20039-AM,Pakistan State Oil (PSO),Karachi - Pakistan,Published,"Sep 24, 2026","Oct 09, 2026",02:15 PM,https://epms.ppra.gov.pk/public/tenders/tender-details/TS0000014589E,Other,2026-10-09,2026-10-05T06:27:10.880745
834,TS0000014590E,PROCUREMENT OF NEW AIR CONDITIONERS AND THEIR INSTALLATION,The National Forensic Agency - NFA (National...,Appliances,P124198,National Forensics Agency,Islamabad - Pakistan,Published,"Sep 24, 2026","Oct 09, 2026",11:00 AM,https://epms.ppra.gov.pk/public/tenders/tender-details/TS0000014590E,Goods/Supplies,2026-10-09,2026-10-05T06:27:10.880745
835,TS0000014591E,Annual Original Development & Repair / Maintenance works,,Civil Works,CBG03,Military Lands & Cantonments (ML&C),Gujranwala - Pakistan,Published,"Sep 24, 2026","Oct 09, 2026",11:00 AM,https://epms.ppra.gov.pk/public/tenders/tender-details/TS0000014591E,Construction/Works,2026-10-09,2026-10-05T06:27:10.880745
836,TS0000014592E,Public Auction for Unserviceable store & Scrap at HIT DET premises c/o CMT GOLRA,Auction will be held at  HIT DET premisis c/o ex CMT&SD Golra Road Rawalpindi on 7 & 8 October 2026October Public Auction for unserviceable store/ scrap....,Miscellaneous,Auction for unserviceable store/ scrap 7-8 October 2026,Ministry of Defence,Rawalpindi - Pakistan,Published,"Sep 24, 2026","Oct 09, 2026",08:00 AM,https://epms.ppra.gov.pk/public/tenders/tender-details/TS0000014592E,Services,2026-10-09,2026-10-05T06:27:10.880745
837,TS0000014593E,"Renovation and Upgradation of the Server Room, Including Civil, Electrical, Networking, and Structured Cabling Works",,Miscellaneous,PPMC/2026/09,Ministry of Energy (Power Division),Islamabad - Pakistan,Published,"Sep 24, 2026","Oct 09, 2026",11:00 AM,https://epms.ppra.gov.pk/public/tenders/tender-details/TS0000014593E,Construction/Works,2026-10-09,2026-10-05T06:27:10.880745
838,TS0000014594E,Procurement of Ordnance and Miscellaneous Store for FY 2026-27,Procurement of Ordnance and Miscellaneous store items as per requirement and specifications of the procuring agency Procurement of Ordnance and Miscellaneous Stores...,Miscellaneous,01/Normal/LP/CPEC/01,Ministry of Defence,Wah Cantt - Pakistan,Published,"Sep 24, 2026","Oct 09, 2026",11:30 AM,https://epms.ppra.gov.pk/public/tenders/tender-details/TS0000014594E,Goods/Supplies,2026-10-09,2026-10-05T06:27:10.880745
839,TS0000014595E,HEADQUARTERS FRONTIER CORPS BALOCHISTAN (NORTH) RECORD OFFICE TENDER NOTICE FOR PROCUREMENT OF STATIONARY IN FINANACIAL YEAR 2026-27,PROCUREMENT OF STATIONARY IN FINANACIAL YEAR 2026-27 HEADQUARTERS FRONTIER CORPS BALOCHISTAN (NORTH)...,Stationery,15,Frontier Constabulary,Quetta - Pakistan,Published,"Sep 24, 2026","Oct 09, 2026",11:30 AM,https://epms.ppra.gov.pk/public/tenders/tender-details/TS0000014595E,Goods/Supplies,2026-10-09,2026-10-05T06:27:10.880745
840,TS0000014598E,Miscellanies Civil works at Minister Enclave,Miscellanies Civil works at Minister Enclave,Civil Goods,"P112660, P112648, P112666",Capital Development Authority,Islamabad - Pakistan,Published,"Sep 24, 2026","Oct 09, 2026",11:30 AM,https://epms.ppra.gov.pk/public/tenders/tender-details/TS0000014598E,Construction/Works,2026-10-09,2026-10-05T06:27:10.880745
841,TS0000013910E,Tender No. GSC 08/2026-27 Construction Work of Boundary Wall & Main Entry Gate of 66 KV Grid Station Khipro.,Construction Work of Boundary Wall & Main Entry Gate of 66 KV Grid Station Khipro. Construction Work of Boundary Wall & Main...,Civil Works,GSC 08/2026-27,Ministry of Energy (Power Division),Hyderabad - Pakistan,PublishedCorrigendum,"Sep 24, 2026","Oct 08, 2026",11:15 AM,https://epms.ppra.gov.pk/public/tenders/tender-details/TS0000013910E,Construction/Works,2026-10-08,2026-10-05T06:27:10.880745
842,TS0000013413E,Tender for Supply of Plants with Maintenance Service,Tender for Supply of Plants with Maintenance Service The House Building Finance Company (HBFC) (House...,Services,P116731,Ministry of Finance,Karachi - Pakistan,PublishedCorrigendum,"Sep 24, 2026","Oct 05, 2026",11:00 AM,https://epms.ppra.gov.pk/public/tenders/tender-details/TS0000013413E,Services,2026-10-05,2026-10-05T06:27:10.880745
843,TS0000013231E,"Repair and Renovation Works of Guest Room No. 04 at EOBI Guest House, Gizri DHA Karachi.",Repair and Renovation Works of Guest Room No. 04...,Civil Works,PRIMACO/P&C/Repair & Renovation Gizri Karachi/08/01/2026,Ministry of Overseas Pakistanis & Human Resource Development,Islamabad - Pakistan,PublishedCorrigendum,"Sep 24, 2026","Oct 05, 2026",02:00 PM,https://epms.ppra.gov.pk/public/tenders/tender-details/TS0000013231E,Construction/Works,2026-10-05,2026-10-05T06:27:10.880745
844,TS0000013361E,Bullet Proof Jackets Level-III Colour Pak Marines Camouflage (Medium & Large Size),Bullet Proof Jackets Level-III Colour Pak Marines...,Miscellaneous,2690029/R-2609/340081,Directorate of Procurement (Navy),Islamabad - Pakistan,PublishedCorrigendum,"Sep 24, 2026","Sep 30, 2026",10:30 AM,https://epms.ppra.gov.pk/public/tenders/tender-details/TS0000013361E,Other,2026-09-30,2026-10-05T06:27:10.880745
845,TS0000014568E,"Supply of 10,000 feet of steel wire rope for PMDC Collieries, Sor Range","Supply of 10,000 feet of steel wire rope for PMDC Collieries, Sor Range Supply of 10,000 feet of steel wire rope for PMDC...",Mining,P133855,Pakistan Mineral Development Corporation (PMDC),Islamabad - Pakistan,Published,"Sep 24, 2026","Sep 25, 2026",03:00 PM,https://epms.ppra.gov.pk/public/tenders/tender-details/TS0000014568E,Goods/Supplies,2026-09-25,2026-10-05T06:27:10.880745
846,TS0000014417E,PROCUREMENT OF BLANKET WITH ALUMINUM BAR,"1. The PSPC (PROCUREMENT) has reserved Funds for the procurement planned for FY 2026-27. The PSPC (PROCUREMENT) intends to apply part of the proceeds of this Fund to cover eligible payments under the contract for the ""REQ-0926-3-00011-PROCUREMENT OF BLANKET WITH ALUMINUM BAR-FP/0024"" with the reference of ""P122143"" 2. The PSPC (PROCUREMENT) invites sealed Bids from eligible Bidders for procurement of goods described in the bidding documents on EPADS v2.0. 3. Single Stage-One Envelope will be used by adopting Least Cost Based Selection (LCBS) Technique for the subject procurement, in line with the Public Procurement Rules, 2004 and any Regulations, Regulatory Guides, Procurement Guidelines or Instructions issued by the Authority from time to time. 4. All Bids must be accompanied by a Bid Security amounting described in Bid Security Section in Bidding Document in the form of Pay Order, Bank Guarantee or all bids must be accompanied by bid securing declaration in the format specified in the Bidding documents 5. E-Bidding documents, containing detailed terms & conditions, specifications and requirements etc. are available on e-Pak Acquisition and Disposal System (EPADS) at https://epads.gov.pk/opportunities/federal/procurements/122143 for all the interested bidders registered on EPADS v2.0. Bidders are required to get themselves registered on EPADS v2.0 to participate in Bidding process. 6. The e-bids, prepared in accordance with the instructions in the e-Bidding Documents, must be submitted through EPADS v2.0 on or before Thursday, October 22, 2026 11:00 AM. E-bids will be opened using EPADS v2.0 on the same day at Thursday, October 22, 2026 11:30 AM. Manual submission of Bids shall not be entertained. Those vendors who have not yet registered on the new version of EPADS v2.0, may register themselves on https://vendors.epads.gov.pk/. A tutorial to explain the registration process is e-Pak Acquisition and Disposal System (EPADS) generated document   © 2026 Page 1 of 85 available at https://www.youtube.com/watch?v=MNW6T38v7tc In terms of Rule 48 of Public Procurement Rules, 2004 Grievance Redressal Committee (GRC) is notified for the subject procurement and notification copy is available on the procuring agency’s website and on Authority’s website at ( www.ppra.org.pk). PSPC (PROCUREMENT), DGM Jinnah Aveneue, Malir Halt Karachi +92-219-924-8511 foreign.purchase@pspc.gov.pk",Printing,FP-0024,Pakistan Security Printing Corporaion (PSPC),Islamabad - Pakistan,Published,"Sep 23, 2026","Oct 26, 2026",11:00 AM,https://epms.ppra.gov.pk/public/tenders/tender-details/TS0000014417E,Goods/Supplies,2026-10-26,2026-10-05T06:27:10.880745
847,TS0000014461E,DRY DOCKING AND ASSOCIATED REPAIRS/5th SPECIAL SURVEY OF MV CHITRAL,"for details please visit : https://pnsc.com.pk/tenders Pakistan National Shipping Corporation (PNSC),...",Miscellaneous,MRD/18779/2026,Pakistan National Shipping Corporation (PNSC),Karachi - Pakistan,Published,"Sep 23, 2026","Oct 26, 2026",11:00 AM,https://epms.ppra.gov.pk/public/tenders/tender-details/TS0000014461E,Other,2026-10-26,2026-10-05T06:27:10.880745
848,TS0000014514E,Tender Notice for Misc Items,"Tender is Local and International both Thermit Portions etc, LED Lamps etc, Mild Steel,...",Miscellaneous,15/0003/00-0/1-2024 07/0009/00-1/1-2026 17/0014/00-0/1-2026 07/0013/00-0/1-2026,Pakistan Railways,Lahore - Pakistan,Published,"Sep 23, 2026","Oct 26, 2026",10:30 AM,https://epms.ppra.gov.pk/public/tenders/tender-details/TS0000014514E,Other,2026-10-26,2026-10-05T06:27:10.880745
849,TS0000014486E,Engagement of a Consulting Firm to Conduct a Nationwide Baseline Gender-Focused Voice of Customer (VoC) Survey for the Banking Industry in Pakistan,Request for Expression of Interest SBP is seeking Expressions of Interest (EOI) from...,Miscellaneous,0933-PAK(SF),State Bank of Pakistan (SBP),Karachi - Pakistan,Published,"Sep 23, 2026","Oct 23, 2026",11:00 AM,https://epms.ppra.gov.pk/public/tenders/tender-details/TS0000014486E,Other,2026-10-23,2026-10-05T06:27:10.880745
850,TS0000014436E,PROCUREMENT OF OFFICE FURNITURE AT NBP AIBG BRANCH (2054) MUZAFFARABAD A.K FEDC REGION,PROCUREMENT OF OFFICE FURNITURE AT NBP AIBG...,Furniture/Fixture,P124510,National Bank of Pakistan (NBP),Karachi - Pakistan,Published,"Sep 23, 2026","Oct 22, 2026",11:00 AM,https://epms.ppra.gov.pk/public/tenders/tender-details/TS0000014436E,Goods/Supplies,2026-10-22,2026-10-05T06:27:10.880745
851,TS0000014439E,PROCUREMENT OF OFFICE FURNITURE AT NBP K.B DUDYAL BRANCH (1846) RO MIRPUR A.K,PROCUREMENT OF OFFICE FURNITURE AT NBP K.B DUDYAL...,Furniture/Fixture,P128962,National Bank of Pakistan (NBP),Karachi - Pakistan,Published,"Sep 23, 2026","Oct 22, 2026",11:00 AM,https://epms.ppra.gov.pk/public/tenders/tender-details/TS0000014439E,Goods/Supplies,2026-10-22,2026-10-05T06:27:10.880745
852,TS0000014460E,"Procurement of Janitorial Items for NUST Balochistan Campus (NBC), Quetta",,Consumable Items,P98182,Ministry of Science and Technology,Quetta - Pakistan,Published,"Sep 23, 2026","Oct 20, 2026",11:00 AM,https://epms.ppra.gov.pk/public/tenders/tender-details/TS0000014460E,Goods/Supplies,2026-10-20,2026-10-05T06:27:10.880745
853,TS0000014470E,PROCUREMENT NOTICE (NIT) FABRICATION OF FOOTPATH LANE SEPARATOR AT JIAP-CB102/01/VIGILANCE REF# : P127534,PROCUREMENT NOTICE (NIT) FABRICATION OF FOOTPATH LANE SEPARATOR AT JIAP-CB102/01/VIGILANCE REF# : P127534 PROCUREMENT NOTICE (NIT) FABRICATION OF FOOTPATH...,Civil Works,12580,Pakistan Airports Authority (PAA),Karachi - Pakistan,Published,"Sep 23, 2026","Oct 20, 2026",11:00 AM,https://epms.ppra.gov.pk/public/tenders/tender-details/TS0000014470E,Construction/Works,2026-10-20,2026-10-05T06:27:10.880745
854,TS0000014471E,INVITATION TO BID FOR PAINTING OF HEAVY DUTY SELF-SUPPORTED 100 ft MAST TOWER OF EVHF AT DALBANDIN AIRPORT I/T No. HQPAA/1290/023/TLED/R 15/2025,INVITATION TO BID FOR PAINTING OF HEAVY DUTY SELF-SUPPORTED 100 ft MAST TOWER OF EVHF AT  DALBANDIN AIRPORT  I/T No. HQPAA/1290/023/TLED/R 15/2025 INVITATION TO BID FOR PAINTING OF HEAVY DUTY...,Civil Works,12581,Pakistan Airports Authority (PAA),Karachi - Pakistan,Published,"Sep 23, 2026","Oct 19, 2026",11:00 AM,https://epms.ppra.gov.pk/public/tenders/tender-details/TS0000014471E,Construction/Works,2026-10-19,2026-10-05T06:27:10.880745
855,TS0000014428E,REPAIR AND MAINTENANCE OF GSO COMPLEX BUILDING GEPCO GUJRANWALA,REPAIR AND MAINTENANCE OF GSO COMPLEX BUILDING GEPCO GUJRANWALA REPAIR AND MAINTENANCE OF GSO COMPLEX BUILDING...,Civil Works,07/26/GSO/GRW/2025-26,Gujranwala Electric Power Company Limited,Gujranwala - Pakistan,Published,"Sep 23, 2026","Oct 16, 2026",11:00 AM,https://epms.ppra.gov.pk/public/tenders/tender-details/TS0000014428E,Construction/Works,2026-10-16,2026-10-05T06:27:10.880745
856,TS0000014420E,"CONSTRUCTION OF APPROACH ROAD AT 3 NOS OF 132 KV GRID STATIONS( 132 KV GRID STATION HAFIZABAD ROAD GUJRANWALA, THERISANSI AND KAMOKI",CONSTRUCTION OF APPROACH ROAD CONSTRUCTION OF APPROACH ROAD AT 3 NOS OF 132 KV...,Civil Works,05/26/GSO/GRW/2025-26,Gujranwala Electric Power Company Limited,Gujranwala - Pakistan,Published,"Sep 23, 2026","Oct 15, 2026",11:00 AM,https://epms.ppra.gov.pk/public/tenders/tender-details/TS0000014420E,Construction/Works,2026-10-15,2026-10-05T06:27:10.880745
857,TS0000014424E,"CONSTRUCTION OF APPROACH ROAD AT 3 NOS OF 132 KV GRID STATIONS( BADHOMALI,KOT AGHA AND 132KV PASRUR",CONSTRUCTION OF APPROACH,Civil Works,06/26/GSO/GRW/2025-26,Gujranwala Electric Power Company Limited,Gujranwala - Pakistan,Published,"Sep 23, 2026","Oct 15, 2026",12:00 AM,https://epms.ppra.gov.pk/public/tenders/tender-details/TS0000014424E,Construction/Works,2026-10-15,2026-10-05T06:27:10.880745
858,TS0000014437E,"T-2086 Continuous Paper Part-1 (11x15"" & 9x11"")",Procurement of Continuous Paper Part-1...,Electrical Items,"T-2086 Continuous Paper Part-1 (11x15"" & 9x11"")",Ministry of Energy (Power Division),Quetta - Pakistan,Published,"Sep 23, 2026","Oct 15, 2026",10:00 AM,https://epms.ppra.gov.pk/public/tenders/tender-details/TS0000014437E,Energy/Utilities,2026-10-15,2026-10-05T06:27:10.880745
859,TS0000014438E,T-2087 Paper (A4 & Legal) 80 Gm,Procurement of Paper (A4 & Legal) 80 Gm,Miscellaneous,T-2087 Paper (A4 & Legal) 80 Gm,Ministry of Energy (Power Division),Quetta - Pakistan,Published,"Sep 23, 2026","Oct 15, 2026",10:30 AM,https://epms.ppra.gov.pk/public/tenders/tender-details/TS0000014438E,Other,2026-10-15,2026-10-05T06:27:10.880745
860,TS0000014456E,Invetation of Tender,Hiring of Vehicles Details of services are enclosed in tender...,Vehicles,01/MT Coy,Ministry of Interior and Narcotics Control,Karachi - Pakistan,Published,"Sep 23, 2026","Oct 15, 2026",02:00 PM,https://epms.ppra.gov.pk/public/tenders/tender-details/TS0000014456E,Other,2026-10-15,2026-10-05T06:27:10.880745
861,TS0000014459E,"Procurement of Fire Equipment for NUST Balochistan Campus (NBC), Quetta",,Equipments,P125599,Ministry of Science and Technology,Quetta - Pakistan,Published,"Sep 23, 2026","Oct 15, 2026",11:00 AM,https://epms.ppra.gov.pk/public/tenders/tender-details/TS0000014459E,Goods/Supplies,2026-10-15,2026-10-05T06:27:10.880745
862,TS0000014480E,"Provision of Media connectivity through Satellite, Microwave and Optical Fiber for Wi-Fi Connectivity at Punjab Cattle Market Sites on Turnkey Basis",Provision of Media connectivity through...,Info and Comm Tech,P125500,National Telecommunication Corporation (NTC),Islamabad - Pakistan,Published,"Sep 23, 2026","Oct 15, 2026",11:00 AM,https://epms.ppra.gov.pk/public/tenders/tender-details/TS0000014480E,Other,2026-10-15,2026-10-05T06:27:10.880745
863,TS0000014510E,LET/051/26 (CCTV SYSTEM),LET/051/26 (CCTV SYSTEM) LET/051/26 (CCTV SYSTEM),Miscellaneous,LET/051/26,Sui Northern Gas Pipelines Limited (SNGPL),Lahore - Pakistan,Published,"Sep 23, 2026","Oct 15, 2026",02:30 PM,https://epms.ppra.gov.pk/public/tenders/tender-details/TS0000014510E,IT/Technology,2026-10-15,2026-10-05T06:27:10.880745
864,TS0000013058E,SSGC/LP/EPADS2/PT/2181290 (Polyethylene Pipe (PE-100) 125 MM),SSGC/LP/EPADS2/PT/2181290 (Polyethylene Pipe (PE-100) 125 MM) Polyethylene Pipe (PE-100): (As per...,Miscellaneous,SSGC/LP/EPADS2/PT/2181290,Ministry of Energy (Petroleum Division),Karachi - Pakistan,PublishedCorrigendum,"Sep 23, 2026","Oct 15, 2026",10:30 AM,https://epms.ppra.gov.pk/public/tenders/tender-details/TS0000013058E,Other,2026-10-15,2026-10-05T06:27:10.880745
865,TS0000013063E,SSGC/LP/EPADS2/PT/2181288 (Polyethylene Pipe (PE-100): 250 MM),SSGC/LP/EPADS2/PT/2181288 (Polyethylene Pipe (PE-100): 250 MM) Polyethylene Pipe (PE-100): (As per...,Miscellaneous,SSGC/LP/EPADS2/PT/2181288,Ministry of Energy (Petroleum Division),Karachi - Pakistan,PublishedCorrigendum,"Sep 23, 2026","Oct 15, 2026",09:30 AM,https://epms.ppra.gov.pk/public/tenders/tender-details/TS0000013063E,Other,2026-10-15,2026-10-05T06:27:10.880745
866,TS0000013065E,SSGC/LP/EPADS2/PT/2181292 (POLYETHYLENE PIPE (PE-100) 180 MM),SSGC/LP/EPADS2/PT/2181292 (POLYETHYLENE PIPE (PE-100) 180 MM) Polyethylene Pipe (PE-100): (As per...,Miscellaneous,SSGC/LP/EPADS2/PT/2181292,Ministry of Energy (Petroleum Division),Karachi - Pakistan,PublishedCorrigendum,"Sep 23, 2026","Oct 15, 2026",11:00 AM,https://epms.ppra.gov.pk/public/tenders/tender-details/TS0000013065E,Other,2026-10-15,2026-10-05T06:27:10.880745
867,TS0000013070E,SSGC/LP/EPADS2/PT/2181291 (POLYETHYLENE PIPE (PE-100) 63 MM),SSGC/LP/EPADS2/PT/2181291 (POLYETHYLENE PIPE (PE-100) 63 MM) Polyethylene Pipe (PE-100): (As per...,Miscellaneous,SSGC/LP/EPADS2/PT/2181291,Ministry of Energy (Petroleum Division),Karachi - Pakistan,PublishedCorrigendum,"Sep 23, 2026","Oct 15, 2026",10:00 AM,https://epms.ppra.gov.pk/public/tenders/tender-details/TS0000013070E,Other,2026-10-15,2026-10-05T06:27:10.880745
868,TS0000014492E,Procurement of Land for establishment of NADRA Offices,,Miscellaneous,RHO/ISB/Admin-28/2026,Ministry of Interior and Narcotics Control,Islamabad - Pakistan,Published,"Sep 23, 2026","Oct 14, 2026",11:00 AM,https://epms.ppra.gov.pk/public/tenders/tender-details/TS0000014492E,Goods/Supplies,2026-10-14,2026-10-05T06:27:10.880745
869,TS0000014418E,Procurement of Raw Material,1755/IT-8202/2026-27/FOR (Gp-III)/SPF/SCM dated 16 Sep 2026 Procurement of Raw Material,Miscellaneous,1755/IT-8202/2026-27/FOR (Gp-III)/SPF/SCM dated 16 Sep 2026,Ministry of Defence Production,Taxila - Pakistan,Published,"Sep 23, 2026","Oct 13, 2026",10:30 AM,https://epms.ppra.gov.pk/public/tenders/tender-details/TS0000014418E,Goods/Supplies,2026-10-13,2026-10-05T06:27:10.880745
870,TS0000014419E,Procurement of Rodent Control Services,Open Frame Work Agreement,Services,FFW9772,Ministry of Interior and Narcotics Control,Islamabad - Pakistan,Published,"Sep 23, 2026","Oct 13, 2026",11:00 AM,https://epms.ppra.gov.pk/public/tenders/tender-details/TS0000014419E,Services,2026-10-13,2026-10-05T06:27:10.880745
871,TS0000014431E,Rocket Launcher 40mm RPG-7 Complete,Rocket Launcher 40mm RPG-7 Complete,Ammunition,2690355/R2608/360027/P-36,Directorate of Procurement (Navy),Islamabad - Pakistan,Published,"Sep 23, 2026","Oct 13, 2026",10:30 AM,https://epms.ppra.gov.pk/public/tenders/tender-details/TS0000014431E,Defence/Military,2026-10-13,2026-10-05T06:27:10.880745
872,TS0000014434E,Purchase of Lab Equipment for Deptt. of Biological Sciences,As per Tender Documents uploaded on EPAD & IIU website “Purchase Lab Equipment (Refrigerated...,Equipments,P127006,Higher Education Commission (HEC),Islamabad - Pakistan,Published,"Sep 23, 2026","Oct 13, 2026",10:30 AM,https://epms.ppra.gov.pk/public/tenders/tender-details/TS0000014434E,IT/Technology,2026-10-13,2026-10-05T06:27:10.880745
873,TS0000014440E,Complete Repair Kit for Aircraft Hydraulic System Lines,Complete Repair Kit for Aircraft Hydraulic System...,Miscellaneous,2690412/R2609/360133/P-36,Directorate of Procurement (Navy),Islamabad - Pakistan,Published,"Sep 23, 2026","Oct 13, 2026",10:30 AM,https://epms.ppra.gov.pk/public/tenders/tender-details/TS0000014440E,Medical/Health,2026-10-13,2026-10-05T06:27:10.880745
874,TS0000014442E,Const / Repair / Minor / Maint / Provn / TC / DC of Misc Buildings / Bazar Supply of B&R / E&M Items and Appointment of Auctioneer in AOR of CMES (Army) Rwp-II,Const / Repair / Minor / Maint / Provn / TC / DC...,Miscellaneous,603/374/E6 dated 16 Sep 2026,Ministry of Defence,Rawalpindi - Pakistan,Published,"Sep 23, 2026","Oct 13, 2026",11:30 AM,https://epms.ppra.gov.pk/public/tenders/tender-details/TS0000014442E,Construction/Works,2026-10-13,2026-10-05T06:27:10.880745
875,TS0000014446E,Rechargeable Dry Batteries,Procurement of Rechargeable Dry Batteries We intend to procure Rechargeable Dry Batteries,Miscellaneous,FST/TE/057/26,Sui Northern Gas Pipelines Limited (SNGPL),Faisalabad - Pakistan,Published,"Sep 23, 2026","Oct 13, 2026",03:00 PM,https://epms.ppra.gov.pk/public/tenders/tender-details/TS0000014446E,Other,2026-10-13,2026-10-05T06:27:10.880745
876,TS0000014448E,Oxygen & Acetylene in Cylinders,,Chemical Items,FCS/SOA/TE/070/26,Sui Northern Gas Pipelines Limited (SNGPL),Karak - Pakistan,Published,"Sep 23, 2026","Oct 13, 2026",03:00 PM,https://epms.ppra.gov.pk/public/tenders/tender-details/TS0000014448E,Other,2026-10-13,2026-10-05T06:27:10.880745
877,TS0000014449E,MISCELLANOUS CIVIL WORKS AT BAHRIA UNIVERSITY KARACHI CAMPUSES,,Civil Works,P128773,Bahria University,Islamabad - Pakistan,Published,"Sep 23, 2026","Oct 13, 2026",11:00 AM,https://epms.ppra.gov.pk/public/tenders/tender-details/TS0000014449E,Construction/Works,2026-10-13,2026-10-05T06:27:10.880745
878,TS0000014454E,Webbing Navy Black,Webbing Navy Black,Clothing/Uniform,625017/R2609/ 330199,Directorate of Procurement (Navy),Islamabad - Pakistan,Published,"Sep 23, 2026","Oct 13, 2026",10:30 AM,https://epms.ppra.gov.pk/public/tenders/tender-details/TS0000014454E,Defence/Military,2026-10-13,2026-10-05T06:27:10.880745
879,TS0000014476E,Open Auction for Tenancy Rights of Cabins (Food Street),Open Auction for Tenancy Rights of Cabins (Food Street) Open Auction for Tenancy Rights of Cabins (Food...,Services,26/5/Adv-PPRA-2041,Military Lands & Cantonments (ML&C),Abbottabad - Pakistan,Published,"Sep 23, 2026","Oct 13, 2026",11:00 AM,https://epms.ppra.gov.pk/public/tenders/tender-details/TS0000014476E,Services,2026-10-13,2026-10-05T06:27:10.880745
880,TS0000014478E,Supply of Stationery Items,,Stationery,465,Ministry of Finance,Karachi - Pakistan,Published,"Sep 23, 2026","Oct 13, 2026",11:00 AM,https://epms.ppra.gov.pk/public/tenders/tender-details/TS0000014478E,Goods/Supplies,2026-10-13,2026-10-05T06:27:10.880745
881,TS0000014482E,Installation of Deep Well Ground Bed 04 Nos. At Distribution Karachi East Region Different Locations (As Per BOQ) (Under Single Stage One Envelope Bidding Procedure),(Having Valid PEC Certificate Category C-6 or above) (On Complete Package Basis). Installation of Deep Well Ground Bed 04 Nos. At Distribution Karachi East Region Different Locations (As Per BOQ) (Under Single Stage One Envelope Bidding Procedure) (Having Valid PEC Certificate Category C-6 or above) (On Complete Package Basis). Installation of Deep Well Ground Bed 04 Nos. At...,Services,SSGC/SC/NR/EPADS2/14472,Ministry of Energy (Petroleum Division),Karachi - Pakistan,Published,"Sep 23, 2026","Oct 13, 2026",12:00 PM,https://epms.ppra.gov.pk/public/tenders/tender-details/TS0000014482E,Services,2026-10-13,2026-10-05T06:27:10.880745
882,TS0000014488E,Printing & Publication of Different Articles,,Printing,465,Ministry of Finance,Karachi - Pakistan,Published,"Sep 23, 2026","Oct 13, 2026",11:00 AM,https://epms.ppra.gov.pk/public/tenders/tender-details/TS0000014488E,Other,2026-10-13,2026-10-05T06:27:10.880745
883,TS0000014490E,Supply of Uniform & Protective Clothing,,Clothing/Uniform,465,Ministry of Finance,Karachi - Pakistan,Published,"Sep 23, 2026","Oct 13, 2026",11:00 AM,https://epms.ppra.gov.pk/public/tenders/tender-details/TS0000014490E,Goods/Supplies,2026-10-13,2026-10-05T06:27:10.880745
884,TS0000014491E,ADMIN: KOHAT-T: 4.16(J),,Miscellaneous,PROVISION OF JANITORIAL SERVICES,Sui Northern Gas Pipelines Limited (SNGPL),Kohat - Pakistan,Published,"Sep 23, 2026","Oct 13, 2026",11:00 AM,https://epms.ppra.gov.pk/public/tenders/tender-details/TS0000014491E,Other,2026-10-13,2026-10-05T06:27:10.880745
885,TS0000014493E,Supply of Other Miscellaneous / General Store Items,,Miscellaneous,465,Ministry of Finance,Karachi - Pakistan,Published,"Sep 23, 2026","Oct 13, 2026",11:00 AM,https://epms.ppra.gov.pk/public/tenders/tender-details/TS0000014493E,Goods/Supplies,2026-10-13,2026-10-05T06:27:10.880745
886,TS0000014494E,Supply of Computer Stationery,,Stationery,465,Ministry of Finance,Karachi - Pakistan,Published,"Sep 23, 2026","Oct 13, 2026",11:00 AM,https://epms.ppra.gov.pk/public/tenders/tender-details/TS0000014494E,IT/Technology,2026-10-13,2026-10-05T06:27:10.880745
887,TS0000014495E,Repair of Machinery Items,,Repair/Maintenance,465,Ministry of Finance,Karachi - Pakistan,Published,"Sep 23, 2026","Oct 13, 2026",11:00 AM,https://epms.ppra.gov.pk/public/tenders/tender-details/TS0000014495E,Services,2026-10-13,2026-10-05T06:27:10.880745
888,TS0000014498E,Repair of Furniture Items,,Repair/Maintenance,465,Ministry of Finance,Karachi - Pakistan,Published,"Sep 23, 2026","Oct 13, 2026",11:00 AM,https://epms.ppra.gov.pk/public/tenders/tender-details/TS0000014498E,Services,2026-10-13,2026-10-05T06:27:10.880745
889,TS0000014501E,Repair of Hardware Items,,Repair/Maintenance,465,Ministry of Finance,Karachi - Pakistan,Published,"Sep 23, 2026","Oct 13, 2026",11:00 AM,https://epms.ppra.gov.pk/public/tenders/tender-details/TS0000014501E,Services,2026-10-13,2026-10-05T06:27:10.880745
890,TS0000014503E,Repair of IT Equipments,,Repair/Maintenance,465,Ministry of Finance,Karachi - Pakistan,Published,"Sep 23, 2026","Oct 13, 2026",11:00 AM,https://epms.ppra.gov.pk/public/tenders/tender-details/TS0000014503E,IT/Technology,2026-10-13,2026-10-05T06:27:10.880745
891,TS0000014504E,Repair of Vehicles,,Repair/Maintenance,465,Ministry of Finance,Karachi - Pakistan,Published,"Sep 23, 2026","Oct 13, 2026",11:00 AM,https://epms.ppra.gov.pk/public/tenders/tender-details/TS0000014504E,Services,2026-10-13,2026-10-05T06:27:10.880745
892,TS0000014505E,Providing Janitorial and Conservancy Services/Security Services,,Services,465,Ministry of Finance,Karachi - Pakistan,PublishedCorrigendum,"Sep 23, 2026","Oct 13, 2026",11:00 AM,https://epms.ppra.gov.pk/public/tenders/tender-details/TS0000014505E,Services,2026-10-13,2026-10-05T06:27:10.880745
893,TS0000014507E,Supply of Mineral Water,,Services,465,Ministry of Finance,Karachi - Pakistan,PublishedCorrigendum,"Sep 23, 2026","Oct 13, 2026",11:00 AM,https://epms.ppra.gov.pk/public/tenders/tender-details/TS0000014507E,Services,2026-10-13,2026-10-05T06:27:10.880745
894,TS0000014509E,Repair and Maintenance of Office Building,,Repair/Maintenance,465,Ministry of Finance,Karachi - Pakistan,Published,"Sep 23, 2026","Oct 13, 2026",11:00 AM,https://epms.ppra.gov.pk/public/tenders/tender-details/TS0000014509E,Construction/Works,2026-10-13,2026-10-05T06:27:10.880745
895,TS0000014511E,Repair and Maintenance of Residential Building,,Repair/Maintenance,465,Ministry of Finance,Karachi - Pakistan,PublishedCorrigendum,"Sep 23, 2026","Oct 13, 2026",11:00 AM,https://epms.ppra.gov.pk/public/tenders/tender-details/TS0000014511E,Construction/Works,2026-10-13,2026-10-05T06:27:10.880745
896,TS0000014433E,Misc MS Material,,Miscellaneous,FCS/SOA/TE/069/26,Sui Northern Gas Pipelines Limited (SNGPL),Karak - Pakistan,Published,"Sep 23, 2026","Oct 12, 2026",03:00 PM,https://epms.ppra.gov.pk/public/tenders/tender-details/TS0000014433E,Goods/Supplies,2026-10-12,2026-10-05T06:27:10.880745
897,TS0000014445E,Spare Parts,,Equipments,FCS/SOA/TE/068/26,Sui Northern Gas Pipelines Limited (SNGPL),Karak - Pakistan,Published,"Sep 23, 2026","Oct 12, 2026",03:00 PM,https://epms.ppra.gov.pk/public/tenders/tender-details/TS0000014445E,Goods/Supplies,2026-10-12,2026-10-05T06:27:10.880745
898,TS0000014452E,Disposal of Obsolete Zinc Plates etc,National Book Foundation (National Book...,Miscellaneous,D10819,Ministry of Federal Education and Professional Training,Islamabad - Pakistan,Published,"Sep 23, 2026","Oct 12, 2026",11:00 AM,https://epms.ppra.gov.pk/public/tenders/tender-details/TS0000014452E,Other,2026-10-12,2026-10-05T06:27:10.880745
899,TS0000014457E,Fabrication of an Ambulance,,Health/Medicines,P125773,Shaheed Zulfiqar Ali Bhutto Medical University,Islamabad - Pakistan,Published,"Sep 23, 2026","Oct 12, 2026",11:00 AM,https://epms.ppra.gov.pk/public/tenders/tender-details/TS0000014457E,Medical/Health,2026-10-12,2026-10-05T06:27:10.880745
900,TS0000014472E,01 x Year Service Level Agreement with Parts & Consumables for DC Facility site - RHO Sargodha,01 x Year Service Level Agreement with Parts & Consumables for DC Facility site - RHO Sargodha 1. National Database and Registration Authority...,Services,NADRA-HQ-RFB-114/2026,National Database and Registration Authority (NADRA),Islamabad - Pakistan,Published,"Sep 23, 2026","Oct 12, 2026",11:00 PM,https://epms.ppra.gov.pk/public/tenders/tender-details/TS0000014472E,Services,2026-10-12,2026-10-05T06:27:10.880745
901,TS0000014474E,ANNUAL MAINTENANCE OF NETWORK EQUIPMENTS,,Info and Comm Tech,IT-A4944-SJ,Pakistan State Oil (PSO),Karachi - Pakistan,Published,"Sep 23, 2026","Oct 12, 2026",02:15 PM,https://epms.ppra.gov.pk/public/tenders/tender-details/TS0000014474E,IT/Technology,2026-10-12,2026-10-05T06:27:10.880745
902,TS0000014477E,Signage Works at CF and DFA Sites - Karachi Division,,Miscellaneous,RC-20028-SJ,Pakistan State Oil (PSO),Karachi - Pakistan,Published,"Sep 23, 2026","Oct 12, 2026",02:15 PM,https://epms.ppra.gov.pk/public/tenders/tender-details/TS0000014477E,Other,2026-10-12,2026-10-05T06:27:10.880745
903,TS0000014479E,Dispensing Unit Paint Graphics Works at Retail Outlets - Faisalabad Division,,Civil Works,RC-20031-SJ,Pakistan State Oil (PSO),Karachi - Pakistan,Published,"Sep 23, 2026","Oct 12, 2026",02:15 PM,https://epms.ppra.gov.pk/public/tenders/tender-details/TS0000014479E,Construction/Works,2026-10-12,2026-10-05T06:27:10.880745
904,TS0000014481E,"SUPPLY OF WINTER UNIFORM (CLOTH, JERSEYS & SOCKS)",The details are attached.,Clothing/Uniform,Nespak040,Cabinet Division,Lahore - Pakistan,Published,"Sep 23, 2026","Oct 12, 2026",11:00 AM,https://epms.ppra.gov.pk/public/tenders/tender-details/TS0000014481E,Goods/Supplies,2026-10-12,2026-10-05T06:27:10.880745
905,TS0000014487E,Food and Catering Services,,Food Items,SLIC/H&AI/PESH/HR&ADMIN/70/2026,State Life Insurance Corporation of Pakistan,Peshawar - Pakistan,Published,"Sep 23, 2026","Oct 12, 2026",11:00 AM,https://epms.ppra.gov.pk/public/tenders/tender-details/TS0000014487E,Services,2026-10-12,2026-10-05T06:27:10.880745
906,TS0000014496E,Procurement of Gym Equipment's,Procurement of Gym Equipment's,Miscellaneous,P129232,Islamabad Club,Islamabad - Pakistan,Published,"Sep 23, 2026","Oct 12, 2026",11:00 PM,https://epms.ppra.gov.pk/public/tenders/tender-details/TS0000014496E,Goods/Supplies,2026-10-12,2026-10-05T06:27:10.880745
907,TS0000014500E,"Procurement of Licenses, Support, Maintenance for SIEM and EDR Technology","Procurement of Licenses, Support, Maintenance for SIEM and EDR Technology GOVERNMENT OF PAKISTAN MINISTRY OF INTERIOR &...",Services,NADRA-HQ-RFB-117/2026,National Database and Registration Authority (NADRA),Islamabad - Pakistan,Published,"Sep 23, 2026","Oct 12, 2026",11:00 AM,https://epms.ppra.gov.pk/public/tenders/tender-details/TS0000014500E,Services,2026-10-12,2026-10-05T06:27:10.880745
908,TS0000014508E,"Repair- Maint of bldg No.195, 196, 199,200 (Trainees SM Bk, 128 Men) & Lav Block Bldg No.179 Ord Centre at Malir","- Repair- Maint of bldg No.195, 196, 199,200...",Civil Works,609-Advt-IUJU2R,Military Engineering Services (Army),Karachi - Pakistan,Published,"Sep 23, 2026","Oct 12, 2026",11:30 AM,https://epms.ppra.gov.pk/public/tenders/tender-details/TS0000014508E,Construction/Works,2026-10-12,2026-10-05T06:27:10.880745
909,TS0000014513E,"Provision of planters with Indoor Plants/ House Plants for Executive Buildings / Red Zone, Environment Directorate (East), CDA.",,Miscellaneous,P124921,Capital Development Authority,Islamabad - Pakistan,Published,"Sep 23, 2026","Oct 12, 2026",11:30 AM,https://epms.ppra.gov.pk/public/tenders/tender-details/TS0000014513E,Construction/Works,2026-10-12,2026-10-05T06:27:10.880745
910,TS0000014483E,"OT related VAPT and Security Review Engagement for Automation at Faisalabad, Keamari (KTA) & Machike",,Miscellaneous,IA-A4943-SJ,Pakistan State Oil (PSO),Karachi - Pakistan,Published,"Sep 23, 2026","Oct 09, 2026",02:15 PM,https://epms.ppra.gov.pk/public/tenders/tender-details/TS0000014483E,Services,2026-10-09,2026-10-05T06:27:10.880745
911,TS0000014497E,Procurement of IT Equipment's under HEC-NRPU Project,,Equipments,NSU/IET/2026/50,Higher Education Commission (HEC),Islamabad - Pakistan,Published,"Sep 23, 2026","Oct 09, 2026",10:30 AM,https://epms.ppra.gov.pk/public/tenders/tender-details/TS0000014497E,IT/Technology,2026-10-09,2026-10-05T06:27:10.880745
912,TS0000014512E,Ord Stores/ Equipment,Ord Stores/ Equipment,Miscellaneous,14/Normal/2026-27,Ministry of Defence,Rawalpindi - Pakistan,Published,"Sep 23, 2026","Oct 09, 2026",10:30 AM,https://epms.ppra.gov.pk/public/tenders/tender-details/TS0000014512E,Goods/Supplies,2026-10-09,2026-10-05T06:27:10.880745
913,TS0000014517E,"Repair and Maintenance of NAB HQ Building, Islamabad","Repair and Maintenance of NAB HQ Building, Islamabad Repair and Maintenance of NAB HQ Building,...",Civil Works,P94972,Capital Development Authority,Islamabad - Pakistan,Published,"Sep 23, 2026","Oct 09, 2026",11:30 AM,https://epms.ppra.gov.pk/public/tenders/tender-details/TS0000014517E,Construction/Works,2026-10-09,2026-10-05T06:27:10.880745
914,TS0000014386E,Conversion of Thirty (30) Unmanned Level Crossings into Manned Level Crossings,Conversion of Thirty (30) Unmanned Level...,Civil Works,No.W-4019/LHR/2026-27/Confdl.,Pakistan Railways,Lahore - Pakistan,Published,"Sep 23, 2026","Oct 08, 2026",10:30 AM,https://epms.ppra.gov.pk/public/tenders/tender-details/TS0000014386E,Construction/Works,2026-10-08,2026-10-05T06:27:10.880745
915,TS0000014416E,Notice of Tenders,Notice of Tenders Provision of Miscellaneous Facilities...,Civil Works,600/PPRA/20/E-6 dated 23-09-2026,Ministry of Defence,Rawalpindi - Pakistan,Published,"Sep 23, 2026","Oct 08, 2026",11:30 AM,https://epms.ppra.gov.pk/public/tenders/tender-details/TS0000014416E,Construction/Works,2026-10-08,2026-10-05T06:27:10.880745
916,TS0000014421E,PROCUREMENT OF 33 X COMPUTERS FOR BAHRIA UNIVERSITY LAHORE CAMPUS (BULC),PROCUREMENT OF 33 X COMPUTERS  FOR BAHRIA UNIVERSITY LAHORE CAMPUS (BULC) As per attached in bidding documents.,Electrical Items,BULC/2026/IT/025/L/4034/Computers,Bahria University,Islamabad - Pakistan,Published,"Sep 23, 2026","Oct 08, 2026",11:00 AM,https://epms.ppra.gov.pk/public/tenders/tender-details/TS0000014421E,IT/Technology,2026-10-08,2026-10-05T06:27:10.880745
917,TS0000014422E,Repair/ refurbishment of 04 x cylinder heads of Mian Engine of PNS QUWWAT.,Repair/ refurbishment of 04 x cylinder heads of...,Repair/Maintenance,6826-2026-3951,Ministry of Defence,Karachi - Pakistan,Published,"Sep 23, 2026","Oct 08, 2026",04:00 PM,https://epms.ppra.gov.pk/public/tenders/tender-details/TS0000014422E,Services,2026-10-08,2026-10-05T06:27:10.880745
918,TS0000014423E,Tender No.70-72/2026,"Syringe Filters, SS Strips for Manipulator, Chemo Dispensing Spikes Syringe Filters, SS Strips for Manipulator, Chemo...",Miscellaneous,Tender No.70-72/2026,Pakistan Atomic Energy Commission (PAEC),Islamabad - Pakistan,Published,"Sep 23, 2026","Oct 08, 2026",10:30 AM,https://epms.ppra.gov.pk/public/tenders/tender-details/TS0000014423E,Other,2026-10-08,2026-10-05T06:27:10.880745
919,TS0000014425E,Tender No.73/2026,Miscellaneous Gases Miscellaneous Gases,Miscellaneous,Tender No.73/2026,Pakistan Atomic Energy Commission (PAEC),Islamabad - Pakistan,Published,"Sep 23, 2026","Oct 08, 2026",10:30 AM,https://epms.ppra.gov.pk/public/tenders/tender-details/TS0000014425E,Other,2026-10-08,2026-10-05T06:27:10.880745
920,TS0000014426E,"Pre-Qualification of Firms/Suppliers for Purchase of Cost of Other Stores (A-03942), Others (A-03970), Computer Stationery (A-03955), Office Stationery (A-03901) through","Open Framework Agreements for NHMP Training College, Sheikhupura (Goods) Pre-qualification of firms/Suppliers for the...",Miscellaneous,FFW9817,Ministry of Communications,Sheikhupura - Pakistan,Published,"Sep 23, 2026","Oct 08, 2026",02:30 PM,https://epms.ppra.gov.pk/public/tenders/tender-details/TS0000014426E,IT/Technology,2026-10-08,2026-10-05T06:27:10.880745
921,TS0000014427E,Procurement of T-Shirts & Trophies for IIUI,"Procurement of T-Shirts &  Trophies for IIUI ""Procurement of T-Shirts & Trophies for...",Clothing/Uniform,P130711,Higher Education Commission (HEC),Islamabad - Pakistan,Published,"Sep 23, 2026","Oct 08, 2026",10:30 AM,https://epms.ppra.gov.pk/public/tenders/tender-details/TS0000014427E,Goods/Supplies,2026-10-08,2026-10-05T06:27:10.880745
922,TS0000014429E,Repair/ refurbishment of Port wet exhaust device of PNS BALOCHISTAN.,Repair/ refurbishment of Port wet exhaust device...,Repair/Maintenance,6855-2026-495-1,Ministry of Defence,Karachi - Pakistan,Published,"Sep 23, 2026","Oct 08, 2026",04:00 PM,https://epms.ppra.gov.pk/public/tenders/tender-details/TS0000014429E,Services,2026-10-08,2026-10-05T06:27:10.880745
923,TS0000014430E,Provision of Fresh Water Supplies CFY 2026-27 (Code Head 1/869/42): HQ 301 Creeks Bde at Sujawal,Bids required for provision of Fresh Water Supplies CFY 2026-27 at HQ 301 Creeks Bde at District Sujawal Provision of Fresh Water Supplies for CFY 2026-27...,Miscellaneous,400/HQ 301 CB/26-27/FW/02 dated 23-09-26,Pakistan Army,Sujawal - Pakistan,Published,"Sep 23, 2026","Oct 08, 2026",10:00 AM,https://epms.ppra.gov.pk/public/tenders/tender-details/TS0000014430E,Other,2026-10-08,2026-10-05T06:27:10.880745
924,TS0000014441E,"PROVISION OF CLIENT END EQUIPMENT FOR ESTABLISHMENT OF FEDERAL GOVERNMENT POLYCLINIC (PGMI)-II AT G/11/3, ISLAMABAD",,Info and Comm Tech,P124267,Government of Punjab,Lahore - Pakistan,Published,"Sep 23, 2026","Oct 08, 2026",03:00 PM,https://epms.ppra.gov.pk/public/tenders/tender-details/TS0000014441E,Goods/Supplies,2026-10-08,2026-10-05T06:27:10.880745
925,TS0000014443E,AUCTION OF VEHICLE SCRAP MATERIAL AT NATIONAL BANK STADIUM KARACHI,AUCTION OF VEHICLE SCRAP MATERIAL AT NATIONAL...,Miscellaneous,D10975,Pakistan Cricket Board,Lahore - Pakistan,Published,"Sep 23, 2026","Oct 08, 2026",11:00 AM,https://epms.ppra.gov.pk/public/tenders/tender-details/TS0000014443E,Goods/Supplies,2026-10-08,2026-10-05T06:27:10.880745
926,TS0000014444E,1 AC/DC True RMS Digital Clamp Multimeter (2000A) Primary Side. 2 AC True RMS Digital Clamp Multimeter (100A) Secondary. 3 Digital Multi Meter,AC/DC True RMS Digital Clamp Multimeter (2000A)...,Electrical Items,NCB-STG-15,Ministry of Energy (Power Division),Gujranwala - Pakistan,Published,"Sep 23, 2026","Oct 08, 2026",10:30 AM,https://epms.ppra.gov.pk/public/tenders/tender-details/TS0000014444E,IT/Technology,2026-10-08,2026-10-05T06:27:10.880745
927,TS0000014447E,"I/Door, O/Door Termination Kit(s)",I/Door Termination Kit S/C 1000 MCM O/Door...,Electrical Items,NCB-STG-16,Ministry of Energy (Power Division),Gujranwala - Pakistan,Published,"Sep 23, 2026","Oct 08, 2026",10:35 AM,https://epms.ppra.gov.pk/public/tenders/tender-details/TS0000014447E,Medical/Health,2026-10-08,2026-10-05T06:27:10.880745
928,TS0000014453E,Mics Work in GKA Karachi,Military Engineer Services Repair / Maintenance,Civil Works,6001-Tender-02/E-6,Military Engineering Services (Navy),Karachi - Pakistan,Published,"Sep 23, 2026","Oct 08, 2026",11:30 AM,https://epms.ppra.gov.pk/public/tenders/tender-details/TS0000014453E,Construction/Works,2026-10-08,2026-10-05T06:27:10.880745
929,TS0000014455E,"Procurement of ZM Type Towers (ZM-I, ZM-30 and ZM 60) along with 3M & 6M Extensions",The Hazara Electric Supply Company (Hazara...,Electrical Items,P128668,Ministry of Energy (Power Division),Abbottabad - Pakistan,Published,"Sep 23, 2026","Oct 08, 2026",10:30 AM,https://epms.ppra.gov.pk/public/tenders/tender-details/TS0000014455E,Energy/Utilities,2026-10-08,2026-10-05T06:27:10.880745
930,TS0000014458E,Procurement of 132 kV ACSR Conductor (Rail and Lynx),The Hazara Electric Supply Company (Hazara...,Electrical Items,P128692,Ministry of Energy (Power Division),Abbottabad - Pakistan,Published,"Sep 23, 2026","Oct 08, 2026",10:30 AM,https://epms.ppra.gov.pk/public/tenders/tender-details/TS0000014458E,Energy/Utilities,2026-10-08,2026-10-05T06:27:10.880745
931,TS0000014462E,Implementation of Cloud-Based Odoo in OEC,Implementation of Cloud-Based Odoo in OEC Implementation of Cloud-Based Odoo in OEC,Services,FFW10060,Ministry of Overseas Pakistanis & Human Resource Development,Islamabad - Pakistan,Published,"Sep 23, 2026","Oct 08, 2026",11:30 AM,https://epms.ppra.gov.pk/public/tenders/tender-details/TS0000014462E,Services,2026-10-08,2026-10-05T06:27:10.880745
932,TS0000014463E,"Procurement of “IT Equipment” required for Revenue Dte, cda.",Procurement of “IT Equipment” required for...,Equipments,P123103,Ministry of Interior and Narcotics Control,Islamabad - Pakistan,Published,"Sep 23, 2026","Oct 08, 2026",02:00 PM,https://epms.ppra.gov.pk/public/tenders/tender-details/TS0000014463E,Goods/Supplies,2026-10-08,2026-10-05T06:27:10.880745
933,TS0000014464E,Notice of tender,,Miscellaneous,4064-Psc-E-4,Ministry of Defence,Rawalpindi - Pakistan,Published,"Sep 23, 2026","Oct 08, 2026",11:30 AM,https://epms.ppra.gov.pk/public/tenders/tender-details/TS0000014464E,Other,2026-10-08,2026-10-05T06:27:10.880745
934,TS0000014465E,Advertisement of GE(A) C&SC Quetta,Advertisement for tender Advertisement for tender of GE(A) C&SC Qta,Civil Works,6000-ppra/01/E6,Military Engineering Services (Army),Quetta - Pakistan,Published,"Sep 23, 2026","Oct 08, 2026",11:30 AM,https://epms.ppra.gov.pk/public/tenders/tender-details/TS0000014465E,Construction/Works,2026-10-08,2026-10-05T06:27:10.880745
935,TS0000014466E,Procurement of Disc Insulator 100KN and 80KN,The Hazara Electric Supply Company (Hazara...,Electrical Items,P128695,Ministry of Energy (Power Division),Abbottabad - Pakistan,Published,"Sep 23, 2026","Oct 08, 2026",10:30 AM,https://epms.ppra.gov.pk/public/tenders/tender-details/TS0000014466E,Energy/Utilities,2026-10-08,2026-10-05T06:27:10.880745
936,TS0000014467E,Procurement of Earth Wire (9mm²),The Hazara Electric Supply Company (Hazara...,Electrical Items,P129499,Ministry of Energy (Power Division),Abbottabad - Pakistan,Published,"Sep 23, 2026","Oct 08, 2026",10:30 AM,https://epms.ppra.gov.pk/public/tenders/tender-details/TS0000014467E,Energy/Utilities,2026-10-08,2026-10-05T06:27:10.880745
937,TS0000014468E,REQUEST FOR PROPOSAL (RFP) FOR SERVICE LEVEL AGREEMENT (SLA) REPAIR & MAINTENANCE SERVICES OFCIVIL WORKS/FACILITIES AT ALLAMA IQBAL INTERNATIONAL AIRPORT (AIIAP),& RESIDENTIAL AREA AT WALTON LAHORE REQUEST FOR PROPOSAL (RFP) FOR SERVICE LEVEL AGREEMENT (SLA) REPAIR & MAINTENANCE SERVICES OFCIVIL WORKS/FACILITIES AT ALLAMA IQBAL INTERNATIONAL AIRPORT (AIIAP) & RESIDENTIAL AREA AT WALTON LAHORE REQUEST FOR PROPOSAL (RFP) FOR SERVICE LEVEL...,Civil Works,12579,Pakistan Airports Authority (PAA),Karachi - Pakistan,Published,"Sep 23, 2026","Oct 08, 2026",11:00 AM,https://epms.ppra.gov.pk/public/tenders/tender-details/TS0000014468E,Construction/Works,2026-10-08,2026-10-05T06:27:10.880745
938,TS0000014469E,Procurement of Hardware Material for 132kV Transmission Line,The Hazara Electric Supply Company (Hazara...,Electrical Items,P131044,Ministry of Energy (Power Division),Abbottabad - Pakistan,Published,"Sep 23, 2026","Oct 08, 2026",10:30 AM,https://epms.ppra.gov.pk/public/tenders/tender-details/TS0000014469E,Energy/Utilities,2026-10-08,2026-10-05T06:27:10.880745
939,TS0000014473E,"Services Required for Cleaning and Janitorial Services at PSO Regional Offices (Lahore, Gujranwala, Sahiwal and Multan)",PM-A4946-SZ,Services,PM-A4946-SZ,Pakistan State Oil (PSO),Karachi - Pakistan,Published,"Sep 23, 2026","Oct 08, 2026",02:15 PM,https://epms.ppra.gov.pk/public/tenders/tender-details/TS0000014473E,Services,2026-10-08,2026-10-05T06:27:10.880745
940,TS0000014475E,Repair maintenance works,,Repair/Maintenance,6000-Adv/02/E6,Military Engineering Services (Army),Mianwali - Pakistan,Published,"Sep 23, 2026","Oct 08, 2026",12:00 PM,https://epms.ppra.gov.pk/public/tenders/tender-details/TS0000014475E,Services,2026-10-08,2026-10-05T06:27:10.880745
941,TS0000014220E,"Tender No. P-64/2026 Procurement of Printers (High End, Enterprise, Laserjet Wireless)","Tender No. P-64/2026 Procurement of Printers (High End, Enterprise, Laserjet Wireless) Tender No. P-64/2026 Procurement of Printers...",Info and Comm Tech,P-64/2026,Ministry of Finance,Islamabad - Pakistan,PublishedCorrigendum,"Sep 23, 2026","Oct 08, 2026",12:00 PM,https://epms.ppra.gov.pk/public/tenders/tender-details/TS0000014220E,Goods/Supplies,2026-10-08,2026-10-05T06:27:10.880745
942,TS0000014222E,Tender No P-65/2026 Procurement of ADF Scanners,Tender No P-65/2026 Procurement of ADF Scanners Tender No P-65/2026 Procurement of ADF Scanners,Info and Comm Tech,P-65/2026,Ministry of Finance,Islamabad - Pakistan,PublishedCorrigendum,"Sep 23, 2026","Oct 08, 2026",12:00 PM,https://epms.ppra.gov.pk/public/tenders/tender-details/TS0000014222E,Goods/Supplies,2026-10-08,2026-10-05T06:27:10.880745
943,TS0000014226E,Tender No. P-66/2026 Procurement of Multi-Biometric T&A and Access Control,Tender No. P-66/2026 Procurement of Multi-Biometric T&A and Access Control Tender No. P-66/2026 Procurement of...,Info and Comm Tech,P-66/2026,Ministry of Finance,Islamabad - Pakistan,PublishedCorrigendum,"Sep 23, 2026","Oct 08, 2026",12:00 PM,https://epms.ppra.gov.pk/public/tenders/tender-details/TS0000014226E,Goods/Supplies,2026-10-08,2026-10-05T06:27:10.880745
944,TS0000014228E,Tender No P-67/2026 Procurement of Enterprise Wireless Solution- Controller Based,Tender No P-67/2026 Procurement of Enterprise Wireless Solution- Controller Based Tender No P-67/2026 Procurement of Enterprise...,Info and Comm Tech,P-67/2026,Ministry of Finance,Islamabad - Pakistan,PublishedCorrigendum,"Sep 23, 2026","Oct 08, 2026",12:00 PM,https://epms.ppra.gov.pk/public/tenders/tender-details/TS0000014228E,Goods/Supplies,2026-10-08,2026-10-05T06:27:10.880745
945,TS0000014484E,Digital Data Scanning and uploading of scanned docs to PSO,,Services,CS-20043-SI,Pakistan State Oil (PSO),Karachi - Pakistan,Published,"Sep 23, 2026","Oct 08, 2026",02:15 PM,https://epms.ppra.gov.pk/public/tenders/tender-details/TS0000014484E,IT/Technology,2026-10-08,2026-10-05T06:27:10.880745
946,TS0000014485E,Services for Repair Work (Paint and Graphic) of Lube Rack at NVROs-Karachi Division,,Services,RF-20041-SI,Pakistan State Oil (PSO),Karachi - Pakistan,Published,"Sep 23, 2026","Oct 08, 2026",02:15 PM,https://epms.ppra.gov.pk/public/tenders/tender-details/TS0000014485E,Services,2026-10-08,2026-10-05T06:27:10.880745
947,TS0000014230E,Tender No. P-68/2026 Procurement of 60 KVA UPS with Installation on Turnkey Basis,Tender No. P-68/2026 Procurement of 60 KVA UPS with Installation on Turnkey Basis Tender No. P-68/2026 Procurement of 60 KVA UPS...,Info and Comm Tech,P-68/2026,Ministry of Finance,Islamabad - Pakistan,PublishedCorrigendum,"Sep 23, 2026","Oct 08, 2026",12:00 PM,https://epms.ppra.gov.pk/public/tenders/tender-details/TS0000014230E,Goods/Supplies,2026-10-08,2026-10-05T06:27:10.880745
948,TS0000014489E,"Services for Replacement of Canopy Top Sheet, False Ceiling and Carwash Renovation at New Aero (CF)- Karachi Division",,Services,RF-20042-SI,Pakistan State Oil (PSO),Karachi - Pakistan,Published,"Sep 23, 2026","Oct 08, 2026",02:15 PM,https://epms.ppra.gov.pk/public/tenders/tender-details/TS0000014489E,Construction/Works,2026-10-08,2026-10-05T06:27:10.880745
949,TS0000014499E,PURCHASE OF PRINTER TONERS AND CARTRIDGES (ICT) (FRAMEWORK AGREEMENT),VIRTUAL UNIVERSITY IS INTERESTED TO PURCHASE PRINTER TONERS AND CARTRIDGES (ICT) Under PPRA Rules 16A Closed Framework Agreement VIRTUAL UNIVERSITY IS INTERESTED TO PURCHASE...,Stationery,VU/26-27/08/896,Higher Education Commission (HEC),Lahore - Pakistan,Published,"Sep 23, 2026","Oct 08, 2026",02:00 PM,https://epms.ppra.gov.pk/public/tenders/tender-details/TS0000014499E,Goods/Supplies,2026-10-08,2026-10-05T06:27:10.880745
950,TS0000014502E,4753-Lab Equipment for Chemistry Department,CUI-Lahore Campus,Equipments,CUI-LHR-TN-26-1941,COMSATS University Islamabad,lahore - Pakistan,Published,"Sep 23, 2026","Oct 08, 2026",11:00 AM,https://epms.ppra.gov.pk/public/tenders/tender-details/TS0000014502E,IT/Technology,2026-10-08,2026-10-05T06:27:10.880745
951,TS0000014506E,4778-Microwave Hydrothermal Unit with integrated Stirrer Under PSF funded Project awarded to Dr. Aamir Razaq,"Physics Department, CUI Lahore Campus",Equipments,CUI-LHR-TN-26-1942,COMSATS University Islamabad,lahore - Pakistan,Published,"Sep 23, 2026","Oct 08, 2026",11:00 AM,https://epms.ppra.gov.pk/public/tenders/tender-details/TS0000014506E,Goods/Supplies,2026-10-08,2026-10-05T06:27:10.880745
952,TS0000014515E,Miscellaneous civil works required for placement of PFI Panel at Karachi Aviation.,- Miscellaneous civil works required for placement...,Appliances,AM-20056-AM,Pakistan State Oil (PSO),Karachi - Pakistan,Published,"Sep 23, 2026","Oct 08, 2026",02:15 PM,https://epms.ppra.gov.pk/public/tenders/tender-details/TS0000014515E,Construction/Works,2026-10-08,2026-10-05T06:27:10.880745
953,TS0000014516E,"Replacement of Car Wash Tiles at M/S Noor P/S, DF'A' and M/S Ch Naseer F/S, C'F'. Jhelum Division.","- Replacement of Car Wash Tiles at M/S Noor P/S,...",Appliances,RC-20046-AM,Pakistan State Oil (PSO),Karachi - Pakistan,Published,"Sep 23, 2026","Oct 08, 2026",02:14 PM,https://epms.ppra.gov.pk/public/tenders/tender-details/TS0000014516E,Other,2026-10-08,2026-10-05T06:27:10.880745
954,TS0000013957E,Supply of RFID Cards and Stickers at SBP BSC Karachi,Supply of RFID Cards and Stickers at SBP BSC Karachi S1. The SBP Banking Services Corporation (BSC)...,Miscellaneous,P85825,Ministry of Finance,Karachi - Pakistan,PublishedCorrigendum,"Sep 23, 2026","Oct 06, 2026",11:00 AM,https://epms.ppra.gov.pk/public/tenders/tender-details/TS0000013957E,Goods/Supplies,2026-10-06,2026-10-05T06:27:10.880745
955,TS0000013088E,"EXPRESSIONS OF INTEREST (EOI) FOR ECOSYSTEM DEVELOPMENT (Policy Analysis, Formulation, Reforms & Industry Data Development)",EOI Expression of Interest (EOI),Services,A (01)/PSEB/2026-28(C),Ministry of IT and Telecom,Islamabad - Pakistan,PublishedCorrigendum,"Sep 23, 2026","Oct 01, 2026",03:00 PM,https://epms.ppra.gov.pk/public/tenders/tender-details/TS0000013088E,IT/Technology,2026-10-01,2026-10-05T06:27:10.880745
956,TS0000013185E,"Tender No. P-56/2026 HIRING OF CONSULTANCY SERVICES FOR DEVELOPMENT OF A PROCUREMENT MANUAL AND PROCUREMENT POLICY FOR PRAL, , PURSUANT TO SECTION 17(2) OF THE","STATE-OWNED ENTERPRISES (GOVERNANCE AND OPERATIONS) ACT, 2023 Tender No. P-56/2026 HIRING OF CONSULTANCY SERVICES FOR DEVELOPMENT OF A PROCUREMENT MANUAL AND PROCUREMENT POLICY FOR PRAL, , PURSUANT TO SECTION 17(2) OF THE STATE-OWNED ENTERPRISES (GOVERNANCE AND OPERATIONS) ACT, 2023 Tender No. P-56/2026 HIRING OF CONSULTANCY...",Research & Development,P-56/2026,Ministry of Finance,Islamabad - Pakistan,PublishedCorrigendum,"Sep 23, 2026","Sep 28, 2026",10:00 AM,https://epms.ppra.gov.pk/public/tenders/tender-details/TS0000013185E,Services,2026-09-28,2026-10-05T06:27:10.880745
957,TS0000014369E,Notice of tender in GE Svcs Okara Cantt,Notice of tender in GE Svcs Okara Cantt Misc TC works and repair maint works at GE Svcs...,Civil Works,6004-Advbill/76/E6,Ministry of Defence,Okara - Pakistan,Published,"Sep 22, 2026","Jun 22, 2027",11:30 AM,https://epms.ppra.gov.pk/public/tenders/tender-details/TS0000014369E,Construction/Works,2027-06-22,2026-10-05T06:27:10.880745
958,TS0000014397E,"Tender Notice for Video Mixer-2Me with All Accessories & Allied Equipment, PTV HQ Islamabad",-- Tender Notice for Video Mixer-2Me with All...,Equipments,ENG/PLG/D-807/534,Ministry of Information and Broadcasting,Islamabad - Pakistan,Published,"Sep 22, 2026","Oct 28, 2026",11:00 AM,https://epms.ppra.gov.pk/public/tenders/tender-details/TS0000014397E,Goods/Supplies,2026-10-28,2026-10-05T06:27:10.880745
959,TS0000014347E,Procurement of Air-to-Water Chiller for Hydronic Thermal Radiant System for Low-Cost Air Conditioning in Buildings,Procurement of Air-to-Water Chiller for Hydronic Thermal Radiant System for Low-Cost Air Conditioning in Buildings Procurement of Air-to-Water Chiller for Hydronic...,Mechanical/Machinery,INFG_SOL001,"Ministry of Planning, Development & Special Initiatives",Lahore - Pakistan,Published,"Sep 22, 2026","Oct 27, 2026",03:00 PM,https://epms.ppra.gov.pk/public/tenders/tender-details/TS0000014347E,Construction/Works,2026-10-27,2026-10-05T06:27:10.880745
960,TS0000014385E,"MINOR RENOVATION & REFURBISHMENT WORK OF NBP AIB DAULATPUR BRANCH (2108) MIRPURKHAS, SINDH & BALOCHISTAN REGION.","MINOR RENOVATION & REFURBISHMENT WORK OF NBP AIB DAULATPUR BRANCH (2108) MIRPURKHAS, SINDH & BALOCHISTAN REGION. MINOR RENOVATION & REFURBISHMENT WORK OF NBP...",Civil Works,P128254,National Bank of Pakistan (NBP),Karachi - Pakistan,Published,"Sep 22, 2026","Oct 26, 2026",11:00 AM,https://epms.ppra.gov.pk/public/tenders/tender-details/TS0000014385E,Construction/Works,2026-10-26,2026-10-05T06:27:10.880745
961,TS0000014389E,"MINOR RENOVATION WORK OF NBP AIB GHARO BRANCH (0187) HYDERABAD REGION, SINDH BALOCHISTAN REGION","MINOR RENOVATION WORK OF NBP AIB GHARO BRANCH (0187) HYDERABAD REGION, SINDH BALOCHISTAN REGION MINOR RENOVATION WORK OF NBP AIB GHARO BRANCH...",Civil Works,P128299,National Bank of Pakistan (NBP),Karachi - Pakistan,Published,"Sep 22, 2026","Oct 26, 2026",11:00 AM,https://epms.ppra.gov.pk/public/tenders/tender-details/TS0000014389E,Construction/Works,2026-10-26,2026-10-05T06:27:10.880745
962,TS0000014381E,"MINOR RENOVATION OF NBP AIB 19 KASSI VEHARI ROAD BRANCH (2078) MULTAN, PUNJAB SOUTH REGION","MINOR RENOVATION OF NBP AIB 19 KASSI VEHARI ROAD BRANCH (2078) MULTAN, PUNJAB SOUTH REGION MINOR RENOVATION OF NBP AIB 19 KASSI VEHARI ROAD...",Civil Works,P127552,National Bank of Pakistan (NBP),Karachi - Pakistan,Published,"Sep 22, 2026","Oct 26, 2026",11:00 AM,https://epms.ppra.gov.pk/public/tenders/tender-details/TS0000014381E,Construction/Works,2026-10-26,2026-10-05T06:27:10.880745
963,TS0000014383E,"MINOR RENOVATION WORK OF NBP AIB JHOLE BRANCH (2074) MIRPURKHAS, SINDH & BALOCHISTAN REGION","MINOR RENOVATION WORK OF NBP AIB JHOLE BRANCH (2074) MIRPURKHAS, SINDH & BALOCHISTAN REGION MINOR RENOVATION WORK OF NBP AIB JHOLE BRANCH...",Civil Works,P128203,National Bank of Pakistan (NBP),Karachi - Pakistan,Published,"Sep 22, 2026","Oct 26, 2026",11:00 AM,https://epms.ppra.gov.pk/public/tenders/tender-details/TS0000014383E,Construction/Works,2026-10-26,2026-10-05T06:27:10.880745
964,TS0000014336E,PROCUREMENT OF RAW MATERIAL FOR ATAR ENGINE,,Miscellaneous,PACB/741/62172003/R/0974/P-1,Ministry of Defence Production,Rawalpindi - Pakistan,Published,"Sep 22, 2026","Oct 22, 2026",10:30 AM,https://epms.ppra.gov.pk/public/tenders/tender-details/TS0000014336E,Goods/Supplies,2026-10-22,2026-10-05T06:27:10.880745
965,TS0000014388E,328-Supply of Electrical & Telecom Material at SBP Head Office Karachi,,Electrical Items,ED/PROC-HOK/1223364/2026/328,State Bank of Pakistan (SBP),Karachi - Pakistan,Published,"Sep 22, 2026","Oct 20, 2026",12:00 PM,https://epms.ppra.gov.pk/public/tenders/tender-details/TS0000014388E,Energy/Utilities,2026-10-20,2026-10-05T06:27:10.880745
966,TS0000014390E,329-Supply of Engine Oil for preventive maintenance of Generators at SBP Head Office Karachi,,Miscellaneous,ED/PROC-HOK/1223364/2026/329,State Bank of Pakistan (SBP),Karachi - Pakistan,Published,"Sep 22, 2026","Oct 20, 2026",12:00 PM,https://epms.ppra.gov.pk/public/tenders/tender-details/TS0000014390E,Services,2026-10-20,2026-10-05T06:27:10.880745
967,TS0000014391E,"330-Supply of Filters (Oil, Fuel & Air) & Batteries for preventive maintenance of Generators at SBP Head Office Karachi",,Electrical Items,ED/PROC-HOK/1223364/2026/330,State Bank of Pakistan (SBP),Karachi - Pakistan,Published,"Sep 22, 2026","Oct 20, 2026",12:00 PM,https://epms.ppra.gov.pk/public/tenders/tender-details/TS0000014391E,Energy/Utilities,2026-10-20,2026-10-05T06:27:10.880745
968,TS0000014335E,Establishment of 4xComputer Labs of Main Campus (Re-Tender),,Equipments,127039,National University of Modern Languages,Islamabad - Pakistan,Published,"Sep 22, 2026","Oct 15, 2026",11:00 AM,https://epms.ppra.gov.pk/public/tenders/tender-details/TS0000014335E,IT/Technology,2026-10-15,2026-10-05T06:27:10.880745
969,TS0000014341E,TENDER FOR RE-CONST. OF 4X3 DAMAGED DUCT LINE WITH MANHOLES FOR ELECTRIFICATION OF SECTOR D-12 ISLAMABAD TO BE GOT EXECUTED ACCORDING TO WAPDA/IESCO SDI/SPECIFICATION,UNDER THE JURISDICTION OF CONST. DIVISION IESCO ISLAMABAD (T. No. 35/2026-27) TENDER FOR RE-CONST. OF 4X3 DAMAGED DUCT LINE...,Civil Works,35/2026-27,Islamabad Electric Supply Company (IESCO),Islamabad - Pakistan,Published,"Sep 22, 2026","Oct 15, 2026",09:30 AM,https://epms.ppra.gov.pk/public/tenders/tender-details/TS0000014341E,Construction/Works,2026-10-15,2026-10-05T06:27:10.880745
970,TS0000014342E,TENDER FOR CONST. OF 4X4 DUCT LINE WITH MANHOLES FOR SHIFTING OF SERVICE AT MARGALLA AVENUE EXTENSION PROJECT SPONSERED BY CDA NEAR SANGJANI 220/132 KV GRID STATION,(PART-I) IRO R.E.D NO-I IESCO TAXILA (T. No. 36/2026-27) TENDER FOR CONST. OF 4X4 DUCT LINE WITH MANHOLES...,Civil Works,36/2026-27,Islamabad Electric Supply Company (IESCO),Islamabad - Pakistan,Published,"Sep 22, 2026","Oct 15, 2026",09:30 AM,https://epms.ppra.gov.pk/public/tenders/tender-details/TS0000014342E,Construction/Works,2026-10-15,2026-10-05T06:27:10.880745
971,TS0000014357E,Supply of wiring & T&P Material at 132KV G/S Bhalwal Bhagtanwala Khurrianwala & Bagh,,Equipments,Supply of wiring & T&P Material at 132KV G/S Bhalwal Bhagtanwala Khurrianwala & Bagh,Faisalabad Electric Supply Company (FESCO),Faisalabad - Pakistan,Published,"Sep 22, 2026","Oct 15, 2026",11:30 AM,https://epms.ppra.gov.pk/public/tenders/tender-details/TS0000014357E,Goods/Supplies,2026-10-15,2026-10-05T06:27:10.880745
972,TS0000014367E,"Fabrication of Mild Steel Diesel Fuel Tank with Foundation, Allied Piping and Calibration Works at SBP BSC Hyderabad Office.",Steel Fuel Tank Fabrication of Mild Steel Diesel Fuel Tank with...,Electrical Items,P105511,State Bank of Pakistan (SBP),Hyderabad - Pakistan,Published,"Sep 22, 2026","Oct 15, 2026",03:00 PM,https://epms.ppra.gov.pk/public/tenders/tender-details/TS0000014367E,Energy/Utilities,2026-10-15,2026-10-05T06:27:10.880745
973,TS0000013049E,"Prequalification of Firms for Supply of Stores, Miscellaneous Items, and Provision of Repair and Services Through Open Framework Agreement Under Regular Budget for The","Financial Year 2026-2027 to 2028-2029 via E-PADs v 2.0 Prequalification of Firms for Supply of Stores,...",Miscellaneous,NHMP/SOUTHZONE/RB/LOG/1-2026-29,National Highway and Motorway Police (NHMP),Karachi - Pakistan,PublishedCorrigendum,"Sep 22, 2026","Oct 14, 2026",11:00 AM,https://epms.ppra.gov.pk/public/tenders/tender-details/TS0000013049E,Services,2026-10-14,2026-10-05T06:27:10.880745
974,TS0000014344E,Provision of Certain facilities,Certain facilities,Repair/Maintenance,6010 148,Military Engineering Services (Airforce),Jacobabad - Pakistan,Published,"Sep 22, 2026","Oct 14, 2026",12:00 PM,https://epms.ppra.gov.pk/public/tenders/tender-details/TS0000014344E,Services,2026-10-14,2026-10-05T06:27:10.880745
975,TS0000014353E,Purchase of Stationery,Purchase of Stationary Demand of Stationery items at Postmaster General...,Stationery,FFW9883,Ministry of Communications,Rawalpindi - Pakistan,Published,"Sep 22, 2026","Oct 14, 2026",11:00 AM,https://epms.ppra.gov.pk/public/tenders/tender-details/TS0000014353E,Goods/Supplies,2026-10-14,2026-10-05T06:27:10.880745
976,TS0000014371E,T-2078 Rubber Insulated Gloves,Procurement of Rubber Insulated Gloves,Electrical Items,T-2078 Rubber Insulated Gloves,Ministry of Energy (Power Division),Quetta - Pakistan,Published,"Sep 22, 2026","Oct 14, 2026",10:00 AM,https://epms.ppra.gov.pk/public/tenders/tender-details/TS0000014371E,Energy/Utilities,2026-10-14,2026-10-05T06:27:10.880745
977,TS0000014373E,T-2079 Lineman Safety Boot,Procurement of Lineman Safety Boot,Electrical Items,T-2079 Lineman Safety Boot,Ministry of Energy (Power Division),Quetta - Pakistan,Published,"Sep 22, 2026","Oct 14, 2026",10:30 AM,https://epms.ppra.gov.pk/public/tenders/tender-details/TS0000014373E,Energy/Utilities,2026-10-14,2026-10-05T06:27:10.880745
978,TS0000014374E,"T-2080 Insulated Pliers, Adjustable Wrench 300 MM, Chisel Off Size, Double Spanner Set & Torch","Procurement of Insulated Pliers, Adjustable...",Electrical Items,"T-2080 Insulated Pliers, Adjustable Wrench 300 MM, Chisel Off Size, Double Spanner Set & Torch",Ministry of Energy (Power Division),Quetta - Pakistan,Published,"Sep 22, 2026","Oct 14, 2026",11:00 AM,https://epms.ppra.gov.pk/public/tenders/tender-details/TS0000014374E,Energy/Utilities,2026-10-14,2026-10-05T06:27:10.880745
979,TS0000014376E,"T-2081 Hydraulic Press (Y-35), Tool Bag, Tree Trimmer, Cuffing Hoist 750 K.G & Conductor Cutter","Procurement of Hydraulic Press (Y-35), Tool Bag,...",Electrical Items,"T-2081 Hydraulic Press (Y-35), Tool Bag, Tree Trimmer, Cuffing Hoist 750 K.G & Conductor Cutter",Ministry of Energy (Power Division),Quetta - Pakistan,Published,"Sep 22, 2026","Oct 14, 2026",11:30 AM,https://epms.ppra.gov.pk/public/tenders/tender-details/TS0000014376E,Energy/Utilities,2026-10-14,2026-10-05T06:27:10.880745
980,TS0000014377E,"T-2082 Drill Machine, Hand Grinder, First Aid Box, Hammer & Hand Line","Procurement of Drill Machine, Hand Grinder, First...",Electrical Items,"T-2082 Drill Machine, Hand Grinder, First Aid Box, Hammer & Hand Line",Ministry of Energy (Power Division),Quetta - Pakistan,Published,"Sep 22, 2026","Oct 14, 2026",12:00 PM,https://epms.ppra.gov.pk/public/tenders/tender-details/TS0000014377E,Energy/Utilities,2026-10-14,2026-10-05T06:27:10.880745
981,TS0000014378E,"T-2083 Rain Coat, Clip-On Volt AM Meter, AVO Meter, Insulated Safety Hat & Leather Protective Gloves","procurement of Rain Coat, Clip-On Volt AM Meter,...",Electrical Items,"T-2083 Rain Coat, Clip-On Volt AM Meter, AVO Meter, Insulated Safety Hat & Leather Protective Gloves",Ministry of Energy (Power Division),Quetta - Pakistan,Published,"Sep 22, 2026","Oct 14, 2026",12:30 PM,https://epms.ppra.gov.pk/public/tenders/tender-details/TS0000014378E,Energy/Utilities,2026-10-14,2026-10-05T06:27:10.880745
982,TS0000014380E,"T-2084 Screw Driver 8"", Screw Driver 12"", Phase Tester/Beeper, Chain pulley 1.5 Ton & Wooden Saw","Procurement of Screw Driver 8"", Screw Driver...",Electrical Items,"T-2084 Screw Driver 8"", Screw Driver 12"", Phase Tester/Beeper, Chain pulley 1.5 Ton & Wooden Saw",Ministry of Energy (Power Division),Quetta - Pakistan,Published,"Sep 22, 2026","Oct 14, 2026",02:00 PM,https://epms.ppra.gov.pk/public/tenders/tender-details/TS0000014380E,Energy/Utilities,2026-10-14,2026-10-05T06:27:10.880745
983,TS0000014382E,"T-2085 Life Saving Chain, Axes, Measuring Tape, Pulling Grip 6-10 & Meggar 1000 Volt","Procurement of Life Saving Chain, Axes, Measuring...",Electrical Items,"T-2085 Life Saving Chain, Axes, Measuring Tape, Pulling Grip 6-10 & Meggar 1000 Volt",Ministry of Energy (Power Division),Quetta - Pakistan,Published,"Sep 22, 2026","Oct 14, 2026",02:30 PM,https://epms.ppra.gov.pk/public/tenders/tender-details/TS0000014382E,Energy/Utilities,2026-10-14,2026-10-05T06:27:10.880745
984,TS0000014402E,"Hiring of Consultancy Services for “Implementation of ISO / IEC 17025 : 2017, Standard Requirements Leading to Achieve Accredition’’As Per Detials ,at Meter Repair","Shop (As Per Details /Attached ) (Under Single Stage Two Envelope Bidding Procedure) on “Least Cost Method” as per Rule 3(C) of The Procurement of Consultancy Services Regulations 2010 (On Complete Package Basis) Hiring of Consultancy Services for “Implementation of ISO / IEC 17025 : 2017, Standard Requirements Leading to Achieve Accredition’’As Per Detials ,at Meter Repair Shop (As Per Details /Attached ) (Under Single Stage Two Envelope Bidding Procedure) on “Least Cost Method” as per Rule 3(C) of The Procurement of Consultancy Services Regulations 2010 (On Complete Package Basis) Hiring of Consultancy Services for...",Services,SSGC/SC/NR/EPADS/14471,Ministry of Energy (Petroleum Division),Karachi - Pakistan,Published,"Sep 22, 2026","Oct 13, 2026",11:00 AM,https://epms.ppra.gov.pk/public/tenders/tender-details/TS0000014402E,Services,2026-10-13,2026-10-05T06:27:10.880745
985,TS0000014409E,Procurement of Hand Riveter Tools Kit and Wing Tank Cleaning Airtight Testers,Procurement of Hand Riveter Tools Kit and Wing Tank Cleaning Airtight Testers,Miscellaneous,ARF/PROV-001/2026-27,Pakistan Aeronautical Complex (PAC),Kamra - Pakistan,Published,"Sep 22, 2026","Oct 13, 2026",10:30 PM,https://epms.ppra.gov.pk/public/tenders/tender-details/TS0000014409E,Medical/Health,2026-10-13,2026-10-05T06:27:10.880745
986,TS0000014328E,"Pre-Qualification of Firms for Maintenance of Park and Garden (A-13801), Repair of Furniture (A-13201), Repair of Hardware (A-13701), Repair of IT Equipment (A-13703),","Repair of Office Building (A-13301), and Repair of Plant and Machinery (A-13101) (Non-Consultancy Services) Pre-qualification of Firms/Service Providers for...",Repair/Maintenance,FFW9958,Ministry of Communications,Sheikhupura - Pakistan,PublishedCorrigendum,"Sep 22, 2026","Oct 13, 2026",01:00 PM,https://epms.ppra.gov.pk/public/tenders/tender-details/TS0000014328E,IT/Technology,2026-10-13,2026-10-05T06:27:10.880745
987,TS0000014351E,"PROVISION, INSTALLATION, COMMISSIONING AND INTEGRATION OF AI ENABLED ELECTRONIC SMART WORKBENCH FOR DEFECT DIAGNOSIS ONBOARD PN SHIPS","PROVISION, INSTALLATION, COMMISSIONING AND...",Miscellaneous,2690319/R-2609/310146,Directorate of Procurement (Navy),Islamabad - Pakistan,Published,"Sep 22, 2026","Oct 13, 2026",10:30 AM,https://epms.ppra.gov.pk/public/tenders/tender-details/TS0000014351E,IT/Technology,2026-10-13,2026-10-05T06:27:10.880745
988,TS0000014352E,PORTABLE DIGITAL HANDHELD X-RAY MACHINE,PORTABLE DIGITAL HANDHELD X-RAY MACHINE,Equipments,2690256/R-2609/310147,Directorate of Procurement (Navy),Islamabad - Pakistan,Published,"Sep 22, 2026","Oct 13, 2026",10:30 AM,https://epms.ppra.gov.pk/public/tenders/tender-details/TS0000014352E,IT/Technology,2026-10-13,2026-10-05T06:27:10.880745
989,TS0000014354E,Supply of Material T&P & Wiring Sabzi Mandi & Bagh T.T Singh,,Equipments,Supply of Material T&P & Wiring Sabzi Mandi & Bagh T.T Singh,Faisalabad Electric Supply Company (FESCO),Faisalabad - Pakistan,Published,"Sep 22, 2026","Oct 13, 2026",11:30 AM,https://epms.ppra.gov.pk/public/tenders/tender-details/TS0000014354E,Goods/Supplies,2026-10-13,2026-10-05T06:27:10.880745
990,TS0000014362E,Hiring of Services of Security Firm for PITAC Regional Centre Gilgit Baltistan,Hiring of Services of Security Firm for PITAC...,Services,PITAC/492/2026,Ministry of Industries & Production (MoIP),Lahore - Pakistan,Published,"Sep 22, 2026","Oct 13, 2026",11:00 AM,https://epms.ppra.gov.pk/public/tenders/tender-details/TS0000014362E,Services,2026-10-13,2026-10-05T06:27:10.880745
991,TS0000014368E,Provision of Certain Facilities at PAF,Contractors shall provide certificate that they are not involved in any type of litigation with govt department in the court of law in that no special report of directorate of inspection and evaluation (E-in-C Branch GHQ) is outstanding against them The contractors are required to submit their...,Civil Works,6001/42/E6,Ministry of Defence,Attock - Pakistan,Published,"Sep 22, 2026","Oct 13, 2026",11:30 AM,https://epms.ppra.gov.pk/public/tenders/tender-details/TS0000014368E,Construction/Works,2026-10-13,2026-10-05T06:27:10.880745
992,TS0000014372E,"PROCUREMENT NOTICE (NIT) PROCUREMENT OF HANDRAILS, OF WALKWAYS AT JIAP-CB101/06/MECH REF# : P124342","PROCUREMENT NOTICE (NIT) PROCUREMENT OF HANDRAILS, OF WALKWAYS AT JIAP-CB101/06/MECH REF# : P124342 PROCUREMENT NOTICE (NIT) PROCUREMENT OF...",Equipments,12577,Pakistan Airports Authority (PAA),Karachi - Pakistan,Published,"Sep 22, 2026","Oct 13, 2026",11:00 AM,https://epms.ppra.gov.pk/public/tenders/tender-details/TS0000014372E,Goods/Supplies,2026-10-13,2026-10-05T06:27:10.880745
993,TS0000014412E,Misc Repair / Renov / Distemper / Paint / Const Works,Misc Repair / Renov / Distemper / Paint / Const Works Misc Repair / Renov / Distemper / Paint / Const...,Civil Works,6000/E-6-CPP1JSB,Ministry of Defence,Rawalpindi - Pakistan,Published,"Sep 22, 2026","Oct 12, 2026",11:30 AM,https://epms.ppra.gov.pk/public/tenders/tender-details/TS0000014412E,Construction/Works,2026-10-12,2026-10-05T06:27:10.880745
994,TS0000014333E,"0015,0070,0031,0061,0025,0076,0027,0024,0043,0104,0103,0010,0011/LP/SAA&BM/56/57",PROCUREMENT OF MISCELLANEOUS ITEMS PROCUREMENT OF MISCELLANEOUS ITEMS,Miscellaneous,"0015,0070,0031,0061,0025,0076,0027,0024,0043,0104,0103,0010,0011/LP/SAA&BM/56/57",Ministry of Defence Production,Wah Cantt - Pakistan,Published,"Sep 22, 2026","Oct 12, 2026",09:30 AM,https://epms.ppra.gov.pk/public/tenders/tender-details/TS0000014333E,Other,2026-10-12,2026-10-05T06:27:10.880745
995,TS0000014334E,"INVITATION TO BID FOR PROCUREMENT, INSTALLATION, COMMISSIONING & INTEGRATION OF ADDITIONAL FLIGHT INFORMATION DISPLAY SYSTEM (FIDS) AT JIAP KARACHI I/T NO.","HQPAA/1992/376/XXLN INVITATION TO BID FOR PROCUREMENT, INSTALLATION, COMMISSIONING & INTEGRATION OF ADDITIONAL FLIGHT INFORMATION DISPLAY SYSTEM (FIDS) AT JIAP KARACHI I/T NO. HQPAA/1992/376/XXLN INVITATION TO BID FOR PROCUREMENT, INSTALLATION,...",Info and Comm Tech,12576,Pakistan Airports Authority (PAA),Karachi - Pakistan,Published,"Sep 22, 2026","Oct 12, 2026",11:00 AM,https://epms.ppra.gov.pk/public/tenders/tender-details/TS0000014334E,IT/Technology,2026-10-12,2026-10-05T06:27:10.880745
996,TS0000014339E,"TENDER FOR HT/LT STRUCTURE & PC SPUN POLES IN TEHSIL DINA, SOHAWA DISTRICT JEHLUM AND TEHSIL GUJAR KHAN DISTRICT RAWALPINDI IN THE JURISDICTION OF CONSTRUCTION",DIVISION IESCO JEHLUM (T. No. 34/2026-27) TENDER FOR HT/LT STRUCTURE & PC SPUN POLES IN...,Civil Works,34/2026-27,Islamabad Electric Supply Company (IESCO),Islamabad - Pakistan,Published,"Sep 22, 2026","Oct 12, 2026",09:30 AM,https://epms.ppra.gov.pk/public/tenders/tender-details/TS0000014339E,Construction/Works,2026-10-12,2026-10-05T06:27:10.880745
997,TS0000014349E,PROCUREMENT OF MISC ITEMS,"FILLING FACTORY POF WAH CANTT Plastic Container 54/P MK-2 Modified, Kraft Paper...",Miscellaneous,0032/0048/0052/0053/0063/0086/0087/0088/0091-LP-Fill-57,Ministry of Defence Production,Wah Cantt - Pakistan,Published,"Sep 22, 2026","Oct 12, 2026",10:30 AM,https://epms.ppra.gov.pk/public/tenders/tender-details/TS0000014349E,Goods/Supplies,2026-10-12,2026-10-05T06:27:10.880745
998,TS0000014355E,"Tender for Repairing of Chiller Control Cards of PNSC Building,",for detail please visit https://www.pnsc.com.pk/tenders The Pakistan National Shipping Corporation (PNSC)...,Miscellaneous,P128941,Pakistan National Shipping Corporation (PNSC),Karachi - Pakistan,Published,"Sep 22, 2026","Oct 12, 2026",11:00 AM,https://epms.ppra.gov.pk/public/tenders/tender-details/TS0000014355E,Construction/Works,2026-10-12,2026-10-05T06:27:10.880745
999,TS0000014364E,"Repair / maintenance / Renovation of Residential / Non Residential Buildings, Rest Houses, Re-Construction of Boundary walls, Road & protection of equipment","foundations etc under MEPCO jurisdiction Repair / maintenance / Renovation of Residential / Non Residential Buildings, Rest Houses, Re-Construction of Boundary walls, Road & protection of equipment foundations etc under MEPCO jurisdiction Repair / maintenance / Renovation of Residential...",Civil Works,2177-82/XEN(Civil),Ministry of Energy (Power Division),Multan - Pakistan,Published,"Sep 22, 2026","Oct 12, 2026",12:00 PM,https://epms.ppra.gov.pk/public/tenders/tender-details/TS0000014364E,Construction/Works,2026-10-12,2026-10-05T06:27:10.880745
1000,TS0000014366E,"CONSTRUCTION OF DRIVER’S ROOM AT REGIONAL DISTRIBUTION OFFICE, ISLAMABAD",,Civil Works,CC/Room-ISD/2026,Sui Northern Gas Pipelines Limited (SNGPL),Lahore - Pakistan,Published,"Sep 22, 2026","Oct 12, 2026",04:00 PM,https://epms.ppra.gov.pk/public/tenders/tender-details/TS0000014366E,Construction/Works,2026-10-12,2026-10-05T06:27:10.880745
1001,TS0000014384E,TENDER NOTICE FOR REPLACEMENT OF EXISTING WATER PROOFING MEMBRANE OF DOMESTIC SIDE ROOF PTB IIAP ISLAMABAD,TENDER NOTICE FOR REPLACEMENT OF EXISTING WATER PROOFING MEMBRANE OF DOMESTIC SIDE ROOF PTB IIAP ISLAMABAD TENDER NOTICE FOR REPLACEMENT OF EXISTING WATER...,Civil Works,12578,Pakistan Airports Authority (PAA),Karachi - Pakistan,Published,"Sep 22, 2026","Oct 12, 2026",11:00 AM,https://epms.ppra.gov.pk/public/tenders/tender-details/TS0000014384E,Construction/Works,2026-10-12,2026-10-05T06:27:10.880745
1002,TS0000013122E,"Tender P-55/2026 Procurement of Hardware, Software Supply & Infrastructure Implementation","Tender P-55/2026 Procurement of Hardware, Software Supply & Infrastructure Implementation Tender P-55/2026 Procurement of Hardware,...",Info and Comm Tech,P-55/2026,Ministry of Finance,Islamabad - Pakistan,PublishedCorrigendum,"Sep 22, 2026","Oct 09, 2026",03:00 PM,https://epms.ppra.gov.pk/public/tenders/tender-details/TS0000013122E,Construction/Works,2026-10-09,2026-10-05T06:27:10.880745
1003,TS0000014345E,"PROCUREMENT OF ESSENTIAL OFFICE FURNITURE ON EMERGENT BASIS FOR NEWLY POSTED OFFICERS/STAFF OF CRBC (LCG) PROJECT, D.I.KHAN",,Furniture/Fixture,P130462,Water and Power Development Authority (WAPDA),Dera Ismail Khan - Pakistan,Published,"Sep 22, 2026","Oct 09, 2026",10:00 AM,https://epms.ppra.gov.pk/public/tenders/tender-details/TS0000014345E,Goods/Supplies,2026-10-09,2026-10-05T06:27:10.880745
1004,TS0000014359E,Purchase of Laptop and Scanner,Purchase of Laptops and Scanners,Equipments,P130924,Federal Tax Ombudsman Secretariat,Islamabad - Pakistan,Published,"Sep 22, 2026","Oct 09, 2026",10:00 AM,https://epms.ppra.gov.pk/public/tenders/tender-details/TS0000014359E,Goods/Supplies,2026-10-09,2026-10-05T06:27:10.880745
1005,TS0000014375E,"Procurement of Laptops, Desktops, Video Wall and Allied IT Equipment for NTC on DDP Site Basis","Procurement of Laptops, Desktops, Video Wall and...",Info and Comm Tech,P121423,National Telecommunication Corporation (NTC),Islamabad - Pakistan,Published,"Sep 22, 2026","Oct 09, 2026",11:00 AM,https://epms.ppra.gov.pk/public/tenders/tender-details/TS0000014375E,Construction/Works,2026-10-09,2026-10-05T06:27:10.880745
1006,TS0000014387E,Misc Civil Material,,Civil Goods,FCS/MDR/TE/037/26,Sui Northern Gas Pipelines Limited (SNGPL),Karak - Pakistan,Published,"Sep 22, 2026","Oct 08, 2026",03:00 PM,https://epms.ppra.gov.pk/public/tenders/tender-details/TS0000014387E,Goods/Supplies,2026-10-08,2026-10-05T06:27:10.880745
1007,TS0000014394E,Hiring of Retainer Doctor For OPD Clinic In Tando Alla Yar (Hyderabad)(as per BOQ) (Under Single Stage One Envelope Bidding Procedure)(On Complete Package Basis).,Hiring of Retainer Doctor For OPD Clinic In Tando Alla Yar (Hyderabad)(as per BOQ) (Under Single Stage One Envelope Bidding Procedure)(On Complete Package Basis). Hiring of Retainer Doctor For OPD Clinic In Tando...,Services,SSGC/SC/NR/EPADS2/14463,Ministry of Energy (Petroleum Division),Karachi - Pakistan,Published,"Sep 22, 2026","Oct 08, 2026",10:00 AM,https://epms.ppra.gov.pk/public/tenders/tender-details/TS0000014394E,Services,2026-10-08,2026-10-05T06:27:10.880745
1008,TS0000014396E,Tender for Procurement of Toners and Cartridges,,Miscellaneous,P123748,Pakistan Institute of Parliamentary Affairs,Islamabad - Pakistan,Published,"Sep 22, 2026","Oct 08, 2026",11:00 AM,https://epms.ppra.gov.pk/public/tenders/tender-details/TS0000014396E,Goods/Supplies,2026-10-08,2026-10-05T06:27:10.880745
1009,TS0000014398E,(LED/081/26)( WHITE PAPER 80 GRAMS (A4 & Legal size),(LED/081/26)( WHITE PAPER 80 GRAMS (A4 & Legal size) (LED/081/26)( WHITE PAPER 80 GRAMS (A4 &...,Miscellaneous,LED/081/26,Sui Northern Gas Pipelines Limited (SNGPL),Lahore - Pakistan,Published,"Sep 22, 2026","Oct 08, 2026",02:30 PM,https://epms.ppra.gov.pk/public/tenders/tender-details/TS0000014398E,Other,2026-10-08,2026-10-05T06:27:10.880745
1010,TS0000014399E,LED/082/26 (ORIGINAL TONER CARTRIDGES),LED/082/26 (ORIGINAL TONER CARTRIDGES) LED/082/26 (ORIGINAL TONER CARTRIDGES),Miscellaneous,LED/082/26,Sui Northern Gas Pipelines Limited (SNGPL),Lahore - Pakistan,Published,"Sep 22, 2026","Oct 08, 2026",02:30 PM,https://epms.ppra.gov.pk/public/tenders/tender-details/TS0000014399E,Other,2026-10-08,2026-10-05T06:27:10.880745
1011,TS0000014401E,Hiring of Retainer Doctor for OPD Clinic In Naudero( Larkana )(as per BOQ) (Under Single Stage One Envelope Bidding Procedure)(On Complete Package Basis).,Hiring of Retainer Doctor for OPD Clinic In Naudero( Larkana )(as per BOQ) (Under Single Stage One Envelope Bidding Procedure)(On Complete Package Basis).Hiring of Retainer Doctor for OPD Clinic In Naudero( Larkana )(as per BOQ) (Under Single Stage One Envelope Bidding Procedure)(On Complete Package Basis). Hiring of Retainer Doctor for OPD Clinic In...,Services,SSGC/SC/NR/EPADS2/14465,Ministry of Energy (Petroleum Division),Karachi - Pakistan,Published,"Sep 22, 2026","Oct 08, 2026",11:00 AM,https://epms.ppra.gov.pk/public/tenders/tender-details/TS0000014401E,Services,2026-10-08,2026-10-05T06:27:10.880745
1012,TS0000014404E,"PROCUREMENT OF IT EQUIPMENT FOR C3A, NUST H-12 CAMPUS, ISLAMABAD",IT Equipments,Equipments,P130669,Higher Education Commission (HEC),Islamabad - Pakistan,Published,"Sep 22, 2026","Oct 08, 2026",02:00 PM,https://epms.ppra.gov.pk/public/tenders/tender-details/TS0000014404E,IT/Technology,2026-10-08,2026-10-05T06:27:10.880745
1013,TS0000014407E,"Tender for Hiring of 3x Tractor Buckets for Garbage collection from Ward no. 05,07,08 & 09",,Mechanical/Machinery,P131608,Ministry of Defence,Lahore - Pakistan,Published,"Sep 22, 2026","Oct 08, 2026",10:00 AM,https://epms.ppra.gov.pk/public/tenders/tender-details/TS0000014407E,Other,2026-10-08,2026-10-05T06:27:10.880745
1014,TS0000014005E,Purchase of Furniture and Fixture for EOA’s Karachi Central Zone,TENDER NOTICE for Purchase of Furniture and...,Equipments,Tender No. HR&A/KCZ/MISCELLANEOUS ITEMS/002/2026,Ministry of Commerce,Karachi - Pakistan,PublishedCorrigendum,"Sep 22, 2026","Oct 08, 2026",11:00 AM,https://epms.ppra.gov.pk/public/tenders/tender-details/TS0000014005E,Goods/Supplies,2026-10-08,2026-10-05T06:27:10.880745
1015,TS0000014330E,Multiple Tenders for Procurement of Goods & Services,,Miscellaneous,PD/O&M/PP/34667/26,Pakistan Petroleum Limited (PPL),Karachi - Pakistan,Published,"Sep 22, 2026","Oct 08, 2026",03:00 PM,https://epms.ppra.gov.pk/public/tenders/tender-details/TS0000014330E,Services,2026-10-08,2026-10-05T06:27:10.880745
1016,TS0000014337E,Reclamation of Irreparable Damaged Transformers of capacity 50KVA & 100KVA,Reclamation of Irreparable Damaged Transformers...,Electrical Items,T/3190-91,Faisalabad Electric Supply Company (FESCO),Faisalabad - Pakistan,Published,"Sep 22, 2026","Oct 08, 2026",11:00 AM,https://epms.ppra.gov.pk/public/tenders/tender-details/TS0000014337E,Energy/Utilities,2026-10-08,2026-10-05T06:27:10.880745
1017,TS0000014338E,AUCTION NOTICE FOR OLD/USED FIXED ASSETS,The successful party/bidder shall pay tax on offered amount as per relevant laws / rules for filer and non-filer. The Official Liquidator SME Bank Limited (IOL)...,Civil Goods,SME 26/04,Small and Medium Enterprises (SME) Bank Ltd,Islamabad - Pakistan,Published,"Sep 22, 2026","Oct 08, 2026",03:30 PM,https://epms.ppra.gov.pk/public/tenders/tender-details/TS0000014338E,Auction/Land,2026-10-08,2026-10-05T06:27:10.880745
1018,TS0000014343E,Procument of New LT Paper Covered Copper Strip and New HT Enamelled Copper Wire,E-bids are invited under FESCO local funds...,Electrical Items,T/3192-96,Faisalabad Electric Supply Company (FESCO),Faisalabad - Pakistan,Published,"Sep 22, 2026","Oct 08, 2026",11:00 AM,https://epms.ppra.gov.pk/public/tenders/tender-details/TS0000014343E,Energy/Utilities,2026-10-08,2026-10-05T06:27:10.880745
1019,TS0000014346E,Provision of Miscellaneous items for Food Cell,Provision of Miscellaneous items for Food Cell,Food Items,57829,Ministry of Defence,Peshawar - Pakistan,Published,"Sep 22, 2026","Oct 08, 2026",11:00 AM,https://epms.ppra.gov.pk/public/tenders/tender-details/TS0000014346E,Other,2026-10-08,2026-10-05T06:27:10.880745
1020,TS0000014348E,Repair/ Maint of Works at Khn Cantt,,Civil Works,6025/101/E-6 dated 22 Sep 2026,Military Engineering Services (Army),Kharian - Pakistan,Published,"Sep 22, 2026","Oct 08, 2026",11:30 AM,https://epms.ppra.gov.pk/public/tenders/tender-details/TS0000014348E,Construction/Works,2026-10-08,2026-10-05T06:27:10.880745
1021,TS0000014356E,Electro Medical Equipment,Electro Medical Equipment,Health/Medicines,MSD-EME/2026-27/02,Ministry of Defence,Karachi - Pakistan,Published,"Sep 22, 2026","Oct 08, 2026",10:00 AM,https://epms.ppra.gov.pk/public/tenders/tender-details/TS0000014356E,Medical/Health,2026-10-08,2026-10-05T06:27:10.880745
1022,TS0000014360E,"SUPPLY AND INSTALLATION OF 6 NO. COOLING COILS OF AHUs AT 2ND, 3RD AND 4TH FLOOR OF HEAD OFFICE BUILDING (REPLACEMENT OF OLD COOLING COILS)",,Civil Works,CC/Cooling-Coils/HO,Sui Northern Gas Pipelines Limited (SNGPL),Lahore - Pakistan,Published,"Sep 22, 2026","Oct 08, 2026",12:00 PM,https://epms.ppra.gov.pk/public/tenders/tender-details/TS0000014360E,Construction/Works,2026-10-08,2026-10-05T06:27:10.880745
1023,TS0000014361E,CONSTRUCTION OF RCC TOWER FOUNDATION UNDER SCADA PHASE II PROJECT,,Civil Works,CC/ RCC-Tower/Scada,Sui Northern Gas Pipelines Limited (SNGPL),Lahore - Pakistan,Published,"Sep 22, 2026","Oct 08, 2026",03:00 PM,https://epms.ppra.gov.pk/public/tenders/tender-details/TS0000014361E,Construction/Works,2026-10-08,2026-10-05T06:27:10.880745
1024,TS0000014370E,Supply of Drop Wire (Twisted Pair) to NTC on DDP Site Basis,Supply of Drop Wire (Twisted Pair) to NTC on DDP...,Info and Comm Tech,P116980,National Telecommunication Corporation (NTC),Islamabad - Pakistan,Published,"Sep 22, 2026","Oct 08, 2026",11:00 AM,https://epms.ppra.gov.pk/public/tenders/tender-details/TS0000014370E,Goods/Supplies,2026-10-08,2026-10-05T06:27:10.880745
1025,TS0000014379E,Earth Clay (Filling),,Civil Goods,FCS/MDR/TE/036/26,Sui Northern Gas Pipelines Limited (SNGPL),Karak - Pakistan,Published,"Sep 22, 2026","Oct 08, 2026",03:00 PM,https://epms.ppra.gov.pk/public/tenders/tender-details/TS0000014379E,Other,2026-10-08,2026-10-05T06:27:10.880745
1026,TS0000014392E,"4772-Iron Sheet, C Channel and Self Drive Screws for Mosque Shed",CUI-Lahore Campus,Miscellaneous,CUI-LHR-TN-26-1940,COMSATS University Islamabad,lahore - Pakistan,Published,"Sep 22, 2026","Oct 07, 2026",11:00 AM,https://epms.ppra.gov.pk/public/tenders/tender-details/TS0000014392E,Other,2026-10-07,2026-10-05T06:27:10.880745
1027,TS0000014393E,Telecom System Satellite (IDIRECT) Link for Natural gas Installations on Zarghon Pipeline-Quetta (as per BOQ/T/C) (Having Valid PEC Certificate Category C-6 or above with,"Subcategory EE07 or EE08, EE11(vi) & ME07 (v)) (The bidder should be Licensed from PTA )(Under Single Stage One Envelope Bidding Procedure)(On Complete Package Basis) Telecom System Satellite (IDIRECT) Link for Natural gas Installations on Zarghon Pipeline-Quetta (as per BOQ/T/C) (Having Valid PEC Certificate Category C-6 or above with Subcategory EE07 or EE08, EE11(vi) & ME07 (v)) (The bidder should be Licensed from PTA )(Under Single Stage One Envelope Bidding Procedure)(On Complete Package Basis) Telecom System Satellite (IDIRECT) Link for...",Services,. SSGC/SC/NR/EPADS2/14459,Ministry of Energy (Petroleum Division),Karachi - Pakistan,Published,"Sep 22, 2026","Oct 07, 2026",10:30 AM,https://epms.ppra.gov.pk/public/tenders/tender-details/TS0000014393E,IT/Technology,2026-10-07,2026-10-05T06:27:10.880745
1028,TS0000014395E,Hiring of Retainer Doctor For OPD Clinic In Gotki (Sukkur)(as per BOQ) (Under Single Stage One Envelope Bidding Procedure)(On Complete Package Basis).,Hiring of Retainer Doctor For OPD Clinic In Gotki (Sukkur)(as per BOQ) (Under Single Stage One Envelope Bidding Procedure)(On Complete Package Basis). Hiring of Retainer Doctor For OPD Clinic In Gotki...,Services,SSGC/SC/NR/EPADS2/14467,Ministry of Energy (Petroleum Division),Karachi - Pakistan,Published,"Sep 22, 2026","Oct 07, 2026",12:00 PM,https://epms.ppra.gov.pk/public/tenders/tender-details/TS0000014395E,Services,2026-10-07,2026-10-05T06:27:10.880745
1029,TS0000014400E,Hiring of Third Party Contractor for Providing Physiotherapy Services with SSGC at KT Medical Center (as per BOQ) (Under Single Stage One Envelope Bidding Procedure)(On,Complete Package Basis). Hiring of Third Party Contractor for Providing Physiotherapy Services with SSGC at KT Medical Center (as per BOQ) (Under Single Stage One Envelope Bidding Procedure)(On Complete Package Basis). Hiring of Third Party Contractor for Providing...,Services,SSGC/SC/NR/EPADS2/14468,Ministry of Energy (Petroleum Division),Karachi - Pakistan,Published,"Sep 22, 2026","Oct 07, 2026",12:30 PM,https://epms.ppra.gov.pk/public/tenders/tender-details/TS0000014400E,Medical/Health,2026-10-07,2026-10-05T06:27:10.880745
1030,TS0000014403E,Hiring of Retainer Doctor For OPD Clinic In Moro (Nawabshah) (as per BOQ) (Under Single Stage One Envelope Bidding Procedure)(On Complete Package Basis).,Hiring of Retainer Doctor For OPD Clinic In Moro (Nawabshah) (as per BOQ) (Under Single Stage One Envelope Bidding Procedure)(On Complete Package Basis). Hiring of Retainer Doctor For OPD Clinic In Moro...,Services,SSGC/SC/NR/EPADS2/14456,Ministry of Energy (Petroleum Division),Karachi - Pakistan,Published,"Sep 22, 2026","Oct 07, 2026",11:00 AM,https://epms.ppra.gov.pk/public/tenders/tender-details/TS0000014403E,Services,2026-10-07,2026-10-05T06:27:10.880745
1031,TS0000014405E,SUPPLY OF BATTERIES FOR DG SETS AND FIRE FIGHTING PUMP AT ZOT COMPLEX,OP-20051-YP-SUPPLY OF BATTERIES FOR DG SETS AND FIRE FIGHTING PUMP AT ZOT COMPLEX OP-20051-YP-SUPPLY OF BATTERIES FOR DG SETS AND...,Electrical Items,OP-20051-YP,Pakistan State Oil (PSO),Karachi - Pakistan,Published,"Sep 22, 2026","Oct 07, 2026",02:15 PM,https://epms.ppra.gov.pk/public/tenders/tender-details/TS0000014405E,Energy/Utilities,2026-10-07,2026-10-05T06:27:10.880745
1032,TS0000014406E,AUCTION NOTICE OF MATERIAL FOR THE CUSTOM HOUSE BUILDING RECOVERED IN PHASE-II & PHASE-III,,Civil Goods,D10861,Ministry of Finance,Islamabad - Pakistan,Published,"Sep 22, 2026","Oct 07, 2026",05:00 PM,https://epms.ppra.gov.pk/public/tenders/tender-details/TS0000014406E,Construction/Works,2026-10-07,2026-10-05T06:27:10.880745
1033,TS0000014408E,Provn of Unit Fur Against Dft - Gar HQ Gwa,Provn of Unit Fur Against Dft - Gar HQ Gwa Provn of Unit Fur Against Dft - Gar HQ Gwa,Furniture/Fixture,Job No 1610 of 2026-27,Ministry of Defence,Gujranwala - Pakistan,Published,"Sep 22, 2026","Oct 07, 2026",10:30 AM,https://epms.ppra.gov.pk/public/tenders/tender-details/TS0000014408E,Other,2026-10-07,2026-10-05T06:27:10.880745
1034,TS0000014410E,Disposal of Redundant Line Essa Khel-Tajazai & Tank-Tajazai,,Electrical Items,237-GSO (2026),Ministry of Energy (Power Division),Islamabad - Pakistan,Published,"Sep 22, 2026","Oct 07, 2026",10:00 AM,https://epms.ppra.gov.pk/public/tenders/tender-details/TS0000014410E,Energy/Utilities,2026-10-07,2026-10-05T06:27:10.880745
1035,TS0000014411E,Disposal of Scrap,,Miscellaneous,Serial # 1-12,Ministry of Energy (Power Division),Islamabad - Pakistan,Published,"Sep 22, 2026","Oct 07, 2026",10:00 AM,https://epms.ppra.gov.pk/public/tenders/tender-details/TS0000014411E,Other,2026-10-07,2026-10-05T06:27:10.880745
1036,TS0000014413E,Disposal of Public Assets,,Miscellaneous,GSO,Ministry of Energy (Power Division),Islamabad - Pakistan,Published,"Sep 22, 2026","Oct 07, 2026",10:00 AM,https://epms.ppra.gov.pk/public/tenders/tender-details/TS0000014413E,Other,2026-10-07,2026-10-05T06:27:10.880745
1037,TS0000014414E,Hiring the services of stitching for uniform of Islamabad Police,,Clothing/Uniform,P130072,Ministry of Interior and Narcotics Control,Islamabad - Pakistan,Published,"Sep 22, 2026","Oct 07, 2026",11:00 AM,https://epms.ppra.gov.pk/public/tenders/tender-details/TS0000014414E,Services,2026-10-07,2026-10-05T06:27:10.880745
1038,TS0000014415E,Invitation to E-Bid,,Electrical Items,PD (C&O) / PESCO / NCB no. 32/2026 to NCB no. 72/2026,Ministry of Energy (Power Division),Islamabad - Pakistan,Published,"Sep 22, 2026","Oct 07, 2026",10:00 AM,https://epms.ppra.gov.pk/public/tenders/tender-details/TS0000014415E,Energy/Utilities,2026-10-07,2026-10-05T06:27:10.880745
1039,TS0000014198E,OUTSOURCING OF OPERATION AND MAINTENANCE SERVICES OF TWO DIESEL (800 & 500 KVA) GENERATORS INSTALLED AT EMIGRATION TOWER,OUTSOURCING OF OPERATION AND                    MAINTENANCE SERVICES OF TWO DIESEL 	(800 & 500 KVA) GENERATORS INSTALLED AT EMIGRATION TOWER Bureau of Emigration and Overseas Employment...,Repair/Maintenance,Outsourcing of Operations & Maintenance Services of Generators_2026-27,Ministry of Overseas Pakistanis & Human Resource Development,Islamabad - Pakistan,PublishedCorrigendum,"Sep 22, 2026","Oct 07, 2026",10:00 AM,https://epms.ppra.gov.pk/public/tenders/tender-details/TS0000014198E,Services,2026-10-07,2026-10-05T06:27:10.880745
1040,TS0000014321E,PROCUREMENT OF MISC SPARES AND GOODS,NORMAL TENDER Tender bulletin of Misc spares / goods of items...,Miscellaneous,CLP/IT/1198,Ministry of Defence,Karachi. - Pakistan,Published,"Sep 22, 2026","Oct 07, 2026",10:00 AM,https://epms.ppra.gov.pk/public/tenders/tender-details/TS0000014321E,Goods/Supplies,2026-10-07,2026-10-05T06:27:10.880745
1041,TS0000014322E,"Purchase of Chemical, Consumable Items/Equipment & Reagents for IRF Project at AFIP Rawalpindi",NUMS) invites sealed bids through PPRA E-PADS on...,Consumable Items,MS/ORIC/2026/80,National University of Medical Sciences (NUMS),Rawalpindi - Pakistan,Published,"Sep 22, 2026","Oct 07, 2026",09:30 AM,https://epms.ppra.gov.pk/public/tenders/tender-details/TS0000014322E,Goods/Supplies,2026-10-07,2026-10-05T06:27:10.880745
1042,TS0000014323E,PROCUREMENT OF 35 X COMPUTERS AND 2X GPU- FOR BAHRIA UNIVERSITY LAHORE CAMPUS,PROCUREMENT OF 35 X COMPUTERS AND 2X GPU- FOR BAHRIA UNIVERSITY LAHORE CAMPUS Cu7 PCs Processor Intel® CoreTM Ultra 7 265...,Electrical Items,BULC/Computers/IT/AI/LAB/DDP/2026,Bahria University,Islamabad - Pakistan,Published,"Sep 22, 2026","Oct 07, 2026",11:00 AM,https://epms.ppra.gov.pk/public/tenders/tender-details/TS0000014323E,IT/Technology,2026-10-07,2026-10-05T06:27:10.880745
1043,TS0000014324E,SUPPLY & INSTALLATION OF SOLAR HYBRID POWER SYSTEM WITH DB PANEL & REQUISITE CABLING WORKS ETC. AT DIFFERENT BRANCHES OF NBP REGIONAL OFFICE MIRPURKHAS,,Equipments,P97741,National Bank of Pakistan (NBP),Karachi - Pakistan,Published,"Sep 22, 2026","Oct 07, 2026",11:00 AM,https://epms.ppra.gov.pk/public/tenders/tender-details/TS0000014324E,IT/Technology,2026-10-07,2026-10-05T06:27:10.880745
1044,TS0000014325E,SUPPLY & INSTALLATION OF SOLAR HYBRID POWER SYSTEM WITH DB PANEL & REQUISITE CABLING WORKS ETC. AT NBP REGIONAL OFFICE MANSHERA BUILDING,,Equipments,P97600,National Bank of Pakistan (NBP),Karachi - Pakistan,Published,"Sep 22, 2026","Oct 07, 2026",11:00 AM,https://epms.ppra.gov.pk/public/tenders/tender-details/TS0000014325E,Construction/Works,2026-10-07,2026-10-05T06:27:10.880745
1045,TS0000014326E,Tender Notice Construction/Repair Work,Tender Notice,Civil Works,Tender Notice,HQs Frontier Core-North KPK,Peshawar - Pakistan,Published,"Sep 22, 2026","Oct 07, 2026",12:00 PM,https://epms.ppra.gov.pk/public/tenders/tender-details/TS0000014326E,Construction/Works,2026-10-07,2026-10-05T06:27:10.880745
1046,TS0000014327E,PROCUREMENT OF BUSHES (F-7PG AIRCRAFT)),,Miscellaneous,PACB/721/070926018/0835/P-3,Ministry of Defence Production,Rawalpindi - Pakistan,Published,"Sep 22, 2026","Oct 07, 2026",10:30 AM,https://epms.ppra.gov.pk/public/tenders/tender-details/TS0000014327E,Goods/Supplies,2026-10-07,2026-10-05T06:27:10.880745
1047,TS0000014329E,Procurement of Imported LPG 900 MT for the Month of October 2026 (6th – 13th October 2026),Procurement of Imported LPG 900 MT for the Month of October 2026 (6th – 13th October 2026) Procurement of Imported LPG 900 MT for the Month...,"Petroleum, Oil & Lubricants",GF-20030-JA,Pakistan State Oil (PSO),Karachi - Pakistan,Published,"Sep 22, 2026","Oct 07, 2026",02:15 PM,https://epms.ppra.gov.pk/public/tenders/tender-details/TS0000014329E,Energy/Utilities,2026-10-07,2026-10-05T06:27:10.880745
1048,TS0000014331E,PROCUREMENT OF MICRONIC FILTERS FOR AIRCRAFT REFUELLERS),,Miscellaneous,PACB/721/120826003/0836/P-3,Ministry of Defence Production,Rawalpindi - Pakistan,Published,"Sep 22, 2026","Oct 07, 2026",10:30 AM,https://epms.ppra.gov.pk/public/tenders/tender-details/TS0000014331E,Energy/Utilities,2026-10-07,2026-10-05T06:27:10.880745
1049,TS0000014332E,Procurement of Imported LPG 2500 MT for the Month of October 2026 (7th – 15th October 2026),Procurement of Imported LPG 2500 MT for the Month of October 2026 (7th – 15th October 2026) Procurement of Imported LPG 2500 MT for the Month...,"Petroleum, Oil & Lubricants",GF-20029-JA,Pakistan State Oil (PSO),Karachi - Pakistan,Published,"Sep 22, 2026","Oct 07, 2026",02:15 PM,https://epms.ppra.gov.pk/public/tenders/tender-details/TS0000014332E,Energy/Utilities,2026-10-07,2026-10-05T06:27:10.880745
1050,TS0000014340E,purchase of IT Equipment for cda,,Miscellaneous,p126553,Capital Development Authority,Islamabad - Pakistan,Published,"Sep 22, 2026","Oct 07, 2026",11:00 AM,https://epms.ppra.gov.pk/public/tenders/tender-details/TS0000014340E,IT/Technology,2026-10-07,2026-10-05T06:27:10.880745
1051,TS0000014350E,PURCHASE / REPAIR OF MISC ITEMS,DTE OF LOG MSK 13 L/ITEMS,Miscellaneous,AMF/LP(LA)/OT-001,Ministry of Defence Production,Kamra - Pakistan,Published,"Sep 22, 2026","Oct 07, 2026",11:00 AM,https://epms.ppra.gov.pk/public/tenders/tender-details/TS0000014350E,Goods/Supplies,2026-10-07,2026-10-05T06:27:10.880745
1052,TS0000014358E,Purchasing of 15kVA UPS for Zonal Office Gambat Zone,Purchasing of 15kVA UPS for Zonal Office Gambat Zone,Equipments,HR&A/SUK/11/2026,State Life Insurance Corporation of Pakistan,Sukkur - Pakistan,Published,"Sep 22, 2026","Oct 07, 2026",11:00 AM,https://epms.ppra.gov.pk/public/tenders/tender-details/TS0000014358E,Goods/Supplies,2026-10-07,2026-10-05T06:27:10.880745
1053,TS0000014363E,6000-Advt-Ckl/22/E-6,Notice of tender,Miscellaneous,6000-Advt-Ckl/22/E-6,Ministry of Defence,Rawalpindi - Pakistan,Published,"Sep 22, 2026","Oct 07, 2026",11:30 AM,https://epms.ppra.gov.pk/public/tenders/tender-details/TS0000014363E,Other,2026-10-07,2026-10-05T06:27:10.880745
1054,TS0000014365E,"4767-Welding, Carpentry, Electrical Items and Lab Stools for Establishment of EEE Workshop Practice Lab",CUI-Lahore Campus,Miscellaneous,CUI-LHR-TN-26-1939,COMSATS University Islamabad,lahore - Pakistan,Published,"Sep 22, 2026","Oct 07, 2026",11:00 AM,https://epms.ppra.gov.pk/public/tenders/tender-details/TS0000014365E,Energy/Utilities,2026-10-07,2026-10-05T06:27:10.880745
1055,TS0000014115E,Provision of Furniture for Construction of 256 Men Barrack (G+3) with Dinning Hall at PNS Shifa Karachi,- Sealed tenders are invited from approved...,Furniture/Fixture,6000-PPRA/103/E6,Pakistan Navy,Manora - Pakistan,Published,"Sep 22, 2026","Oct 07, 2026",11:30 AM,https://epms.ppra.gov.pk/public/tenders/tender-details/TS0000014115E,Construction/Works,2026-10-07,2026-10-05T06:27:10.880745
1056,TS0000012358E,"THE SUPPLY, INSTALLATION AND SUPPORT SERVICES OF DATA CENTER CORE SWITCHES AT DATA CENTER KARACHI","Tender Notice No.PO/CPD/IT/36/2026 THE SUPPLY, INSTALLATION AND SUPPORT SERVICES OF...",Services,Tender Notice No.PO/CPD/IT/36/2026,State Life Insurance Corporation of Pakistan,Karachi - Pakistan,PublishedCorrigendum,"Sep 22, 2026","Oct 05, 2026",11:00 AM,https://epms.ppra.gov.pk/public/tenders/tender-details/TS0000012358E,Services,2026-10-05,2026-10-05T06:27:10.880745
1057,TS0000011727E,Repair Maint and Periodical Sevices of Buildings in MGFY,Repair Maint and Periodical Sevices of Buildings in MGFY Repair Maint and Periodical Sevices of Buildings...,Civil Works,Pre Qualification Notice,Ministry of Defence Production,Wah Cantt - Pakistan,PublishedCorrigendum,"Sep 22, 2026","Sep 30, 2026",10:30 AM,https://epms.ppra.gov.pk/public/tenders/tender-details/TS0000011727E,Construction/Works,2026-09-30,2026-10-05T06:27:10.880745
1058,TS0000013134E,PROCUREMENT OF HEADHUNTING SERVICES THROUGH OPEN FRAMEWORK CONTRACT,Open Ended Framework Contract,Services,3/2026-27,Ministry of Energy (Power Division),Islamabad - Pakistan,PublishedCorrigendum,"Sep 22, 2026","Sep 29, 2026",11:00 AM,https://epms.ppra.gov.pk/public/tenders/tender-details/TS0000013134E,Services,2026-09-29,2026-10-05T06:27:10.880745
1059,TS0000013171E,"Supply of Misc Annual Items, Boring with Solar Sys, Truck & Mill Spare, Fab Toilet & Medicine for QTA & KZD","Supply of Misc Annual Items, Boring with Solar Sys, Truck & Mill Spare, Fab Toilet & Medicine for QTA & KZD BRT/QT/TD-15/2026-27. Supply of Pre Fabricated...",Miscellaneous,BRT/QT/TD-15-25/2026-27,Ministry of Energy (Petroleum Division),Quetta - Pakistan,PublishedCorrigendum,"Sep 22, 2026","Sep 29, 2026",03:00 PM,https://epms.ppra.gov.pk/public/tenders/tender-details/TS0000013171E,Medical/Health,2026-09-29,2026-10-05T06:27:10.880745
1060,TS0000012923E,PROCUREMENT OF DESKTOP COMPUTERS,"Hyderabad Electric Supply Company (HESCO),...",Equipments,142,Ministry of Energy (Power Division),Hyderabad - Pakistan,PublishedCorrigendum,"Sep 22, 2026","Sep 29, 2026",11:00 AM,https://epms.ppra.gov.pk/public/tenders/tender-details/TS0000012923E,IT/Technology,2026-09-29,2026-10-05T06:27:10.880745
1061,TS0000012925E,PROCUREMENT OF LAPTOPS,"Hyderabad Electric Supply Company (HESCO),...",Equipments,143,Ministry of Energy (Power Division),Hyderabad - Pakistan,PublishedCorrigendum,"Sep 22, 2026","Sep 29, 2026",11:00 AM,https://epms.ppra.gov.pk/public/tenders/tender-details/TS0000012925E,Goods/Supplies,2026-09-29,2026-10-05T06:27:10.880745
1062,TS0000012726E,FULL FIELD 3D DIGITAL MAMMOGRAPHY WITH DIGITAL BREAST TOMOSYNTHESIS FOR PNS SHIFA,FULL FIELD 3D DIGITAL MAMMOGRAPHY WITH DIGITAL...,Miscellaneous,2690047/R-2608/310074,Directorate of Procurement (Navy),Islamabad - Pakistan,PublishedCorrigendum,"Sep 22, 2026","Sep 29, 2026",10:30 AM,https://epms.ppra.gov.pk/public/tenders/tender-details/TS0000012726E,IT/Technology,2026-09-29,2026-10-05T06:27:10.880745
1063,TS0000013160E,Construction of River Weights and Stone Masonry Protection walls.,Construction of River Weights and Stone Masonry Protection walls for 8” dia. x 1.50 KMS Pindori-Bhangali Pipeline Due to Construction of Pari-Syedan Dam at MP 6.70. Pre-casting of River Weights for construction of...,Civil Works,Tender No: WAH(T)/PLO/01/2026-27,Sui Northern Gas Pipelines Limited (SNGPL),Wah Cantt - Pakistan,PublishedCorrigendum,"Sep 22, 2026","Sep 25, 2026",11:00 AM,https://epms.ppra.gov.pk/public/tenders/tender-details/TS0000013160E,Construction/Works,2026-09-25,2026-10-05T06:27:10.880745
1064,TS0000009823E,"MT store, FCI / Engrs Items, Tank Spares & Ration","4xP-1, 4xP-7,7xP-14 & 75 x P-21/23 1. Corrigendum pub on 23 Jul 2026 against tender...",Miscellaneous,"4xP-1, 4xP-7, 7xP-14 & 75 x P-21/23",Directorate General Procurement (Army),Rawalpindi. - Pakistan,PublishedCorrigendum,"Sep 21, 2026","Mar 16, 2027",10:30 AM,https://epms.ppra.gov.pk/public/tenders/tender-details/TS0000009823E,Defence/Military,2027-03-16,2026-10-05T06:27:10.880745
1065,TS0000011586E,Chromate,Chromate,Miscellaneous,SN-4798/26,Sui Northern Gas Pipelines Limited (SNGPL),Islamabad - Pakistan,PublishedCorrigendum,"Sep 21, 2026","Oct 29, 2026",02:30 PM,https://epms.ppra.gov.pk/public/tenders/tender-details/TS0000011586E,Other,2026-10-29,2026-10-05T06:27:10.880745
1066,TS0000011587E,P E Coating Raw Material,P E Coating Raw Material,Miscellaneous,SN-4799/26,Sui Northern Gas Pipelines Limited (SNGPL),Islamabad - Pakistan,PublishedCorrigendum,"Sep 21, 2026","Oct 28, 2026",02:30 PM,https://epms.ppra.gov.pk/public/tenders/tender-details/TS0000011587E,Goods/Supplies,2026-10-28,2026-10-05T06:27:10.880745
1067,TS0000010758E,Odourizer,Odourizer,Miscellaneous,SN-4789/26,Sui Northern Gas Pipelines Limited (SNGPL),Islamabad - Pakistan,PublishedCorrigendum,"Sep 21, 2026","Oct 28, 2026",02:30 PM,https://epms.ppra.gov.pk/public/tenders/tender-details/TS0000010758E,Other,2026-10-28,2026-10-05T06:27:10.880745
1068,TS0000010760E,Welding Plant Twin Holder,Welding Plant Twin Holder,Miscellaneous,SN-4795/26,Sui Northern Gas Pipelines Limited (SNGPL),Islamabad - Pakistan,PublishedCorrigendum,"Sep 21, 2026","Oct 27, 2026",02:30 PM,https://epms.ppra.gov.pk/public/tenders/tender-details/TS0000010760E,Other,2026-10-27,2026-10-05T06:27:10.880745
1069,TS0000010762E,Sleeving Material,Sleeving Material,Miscellaneous,SN-4796/26,Sui Northern Gas Pipelines Limited (SNGPL),Islamabad - Pakistan,PublishedCorrigendum,"Sep 21, 2026","Oct 27, 2026",02:30 PM,https://epms.ppra.gov.pk/public/tenders/tender-details/TS0000010762E,Goods/Supplies,2026-10-27,2026-10-05T06:27:10.880745
1070,TS0000014203E,Invitation to E-Bid,Through SAP Ariba Discovery Invitation to E-Bid Through SAP Ariba Discovery,Miscellaneous,OGDCL-SCM-FC-CB-PEFD-334676629-2026,Oil and Gas Development Company Limited (OGDCL),Islamabad - Pakistan,Published,"Sep 21, 2026","Oct 26, 2026",02:30 PM,https://epms.ppra.gov.pk/public/tenders/tender-details/TS0000014203E,Other,2026-10-26,2026-10-05T06:27:10.880745
1071,TS0000010759E,Semi Trailer Low Bed,Semi Trailer Low Bed,Miscellaneous,SN-4794/26,Sui Northern Gas Pipelines Limited (SNGPL),Islamabad - Pakistan,PublishedCorrigendum,"Sep 21, 2026","Oct 26, 2026",02:30 PM,https://epms.ppra.gov.pk/public/tenders/tender-details/TS0000010759E,Other,2026-10-26,2026-10-05T06:27:10.880745
1072,TS0000014297E,Invitation to Tender and General Insturctions,Lubricant Lubricant,Miscellaneous,DSN/10939,Ministry of Defence Production (DGDP),London - Pakistan,Published,"Sep 21, 2026","Oct 23, 2026",11:30 AM,https://epms.ppra.gov.pk/public/tenders/tender-details/TS0000014297E,Other,2026-10-23,2026-10-05T06:27:10.880745
1073,TS0000014286E,PROCUREMENT OF OFFICE FURNITURE AT NBP NIKYAL BRANCH (1303) RO MIRPUR A.K,PROCUREMENT OF OFFICE FURNITURE AT NBP NIKYAL...,Furniture/Fixture,P125041,National Bank of Pakistan (NBP),Karachi - Pakistan,Published,"Sep 21, 2026","Oct 22, 2026",11:00 AM,https://epms.ppra.gov.pk/public/tenders/tender-details/TS0000014286E,Goods/Supplies,2026-10-22,2026-10-05T06:27:10.880745
1074,TS0000014287E,PROCUREMENT OF OFFICE FURNITURE AT NBP CHAKSWARI BRANCH (0445) RO MIRPUR A.K,PROCUREMENT OF OFFICE FURNITURE AT NBP CHAKSWARI...,Furniture/Fixture,P125935,National Bank of Pakistan (NBP),Karachi - Pakistan,Published,"Sep 21, 2026","Oct 22, 2026",11:00 AM,https://epms.ppra.gov.pk/public/tenders/tender-details/TS0000014287E,Goods/Supplies,2026-10-22,2026-10-05T06:27:10.880745
1075,TS0000014288E,PROCUREMENT OF OFFICE FURNITURE AT NBP KUNDAL SHAHI BRANCH (0693) RO MUZAFFARABAD A.K,PROCUREMENT OF OFFICE FURNITURE AT NBP KUNDAL...,Furniture/Fixture,P125080,National Bank of Pakistan (NBP),Karachi - Pakistan,Published,"Sep 21, 2026","Oct 22, 2026",11:00 AM,https://epms.ppra.gov.pk/public/tenders/tender-details/TS0000014288E,Goods/Supplies,2026-10-22,2026-10-05T06:27:10.880745
1076,TS0000014218E,Directorate of Procurement (Air),Directorate of Procurement (Air) Tender No 1513 Published in Daily Nawa i Waqt and...,Miscellaneous,1513,Ministry of Defence Production,Rawalpindi - Pakistan,Published,"Sep 21, 2026","Oct 21, 2026",10:00 AM,https://epms.ppra.gov.pk/public/tenders/tender-details/TS0000014218E,Goods/Supplies,2026-10-21,2026-10-05T06:27:10.880745
1077,TS0000014273E,Tender Notice No. 02/2026,"Tener for supply of MS Drums, MS Sheets/ Plates...",Miscellaneous,02/2026,Public Sector Organization,Islamabad - Pakistan,Published,"Sep 21, 2026","Oct 21, 2026",01:45 PM,https://epms.ppra.gov.pk/public/tenders/tender-details/TS0000014273E,Other,2026-10-21,2026-10-05T06:27:10.880745
1078,TS0000014215E,"PROCUREMENT OF ENTERPRISE-LEVEL ERP IMPLEMENTATION, INTEGRATION, MIGRATION, HOSTING, TRAINING AND SUPPORT SERVICES","PROCUREMENT OF ENTERPRISE-LEVEL ERP IMPLEMENTATION, INTEGRATION, MIGRATION, HOSTING, TRAINING AND SUPPORT SERVICES",Miscellaneous,P126601,Islamabad Club,Islamabad - Pakistan,Published,"Sep 21, 2026","Oct 20, 2026",11:00 AM,https://epms.ppra.gov.pk/public/tenders/tender-details/TS0000014215E,Services,2026-10-20,2026-10-05T06:27:10.880745
1079,TS0000014235E,"PROCUREMENT , SUPPLY & INSTALLATION OF ACs AT NBP, MAIN BRANCH ABBOTTABD (301) RO, ABBOTTABAD","PROCUREMENT , SUPPLY & INSTALLATION OF ACs AT...",Appliances,P124486,National Bank of Pakistan (NBP),Karachi - Pakistan,Published,"Sep 21, 2026","Oct 20, 2026",11:00 AM,https://epms.ppra.gov.pk/public/tenders/tender-details/TS0000014235E,Goods/Supplies,2026-10-20,2026-10-05T06:27:10.880745
1080,TS0000013870E,Optical Laboratory Equipment for Phase 1 for Establishment of Laboratory for Quantum Processors under NCQC,Optical Laboratory Equipment for Phase 1 for Establishment of Laboratory for Quantum Processors under NCQC Optical Laboratory Equipment for Phase 1 for...,Research & Development,Tender#299,Lahore University of Management Sciences (LUMS),Lahore - Pakistan,PublishedCorrigendum,"Sep 21, 2026","Oct 20, 2026",03:00 PM,https://epms.ppra.gov.pk/public/tenders/tender-details/TS0000013870E,Goods/Supplies,2026-10-20,2026-10-05T06:27:10.880745
1081,TS0000014295E,TENDER NOTICE FOR REHABLITATON /UPGRADATION OF INTERNAL AUDIT BRANCH TERMINAL-I AT HQPAA KARACHI,TENDER NOTICE FOR REHABLITATON /UPGRADATION OF INTERNAL AUDIT BRANCH TERMINAL-I AT HQPAA KARACHI TENDER NOTICE FOR REHABLITATON /UPGRADATION OF...,Info and Comm Tech,12573,Pakistan Airports Authority (PAA),Karachi - Pakistan,Published,"Sep 21, 2026","Oct 19, 2026",11:00 AM,https://epms.ppra.gov.pk/public/tenders/tender-details/TS0000014295E,Services,2026-10-19,2026-10-05T06:27:10.880745
1082,TS0000014298E,INVITATION TO BID FOR PROCUREMENT / REPLACEMENT OF QTY. 677 MAINTENANCE FREE BATTERIES FOR QTY.11 UPS (S) INSTALLED WITH OPERATIONAL EQUIPMENT IIAP ISLAMABAD I/T NO.,HQPAA/1992/379/XXLN INVITATION TO BID FOR PROCUREMENT / REPLACEMENT OF QTY. 677 MAINTENANCE FREE BATTERIES FOR QTY.11 UPS (S) INSTALLED WITH OPERATIONAL EQUIPMENT IIAP ISLAMABAD I/T NO. HQPAA/1992/379/XXLN INVITATION TO BID FOR PROCUREMENT / REPLACEMENT...,Electrical Items,12574,Pakistan Airports Authority (PAA),Karachi - Pakistan,Published,"Sep 21, 2026","Oct 16, 2026",10:30 AM,https://epms.ppra.gov.pk/public/tenders/tender-details/TS0000014298E,Energy/Utilities,2026-10-16,2026-10-05T06:27:10.880745
1083,TS0000014210E,Tender Inquiry No.2 FY 2026-27,,Electrical Items,Tender No.2,Pakistan Army,Gujranwala - Pakistan,Published,"Sep 21, 2026","Oct 15, 2026",11:29 AM,https://epms.ppra.gov.pk/public/tenders/tender-details/TS0000014210E,Energy/Utilities,2026-10-15,2026-10-05T06:27:10.880745
1084,TS0000014221E,Procurement of Computer Items,,Equipments,SLIC/H&AI/PESH/HR&ADMIN/60/2026,State Life Insurance Corporation of Pakistan,Peshawar - Pakistan,Published,"Sep 21, 2026","Oct 15, 2026",03:00 PM,https://epms.ppra.gov.pk/public/tenders/tender-details/TS0000014221E,IT/Technology,2026-10-15,2026-10-05T06:27:10.880745
1085,TS0000014234E,"PROCUREMENT , SUPPLY & INSTALLATION OF ACs AT NBP, MAIN BRANCH RAWALPINDI (0394) RO, RAWALPINDI","PROCUREMENT , SUPPLY & INSTALLATION OF ACs AT...",Appliances,P123583,National Bank of Pakistan (NBP),Karachi - Pakistan,Published,"Sep 21, 2026","Oct 15, 2026",11:00 AM,https://epms.ppra.gov.pk/public/tenders/tender-details/TS0000014234E,Goods/Supplies,2026-10-15,2026-10-05T06:27:10.880745
1086,TS0000014241E,"PROCUREMENT SUPPLY & INSTALLATION OF (165) NOS. OF AIR CONDITIONERS FOR NBP BRANCHES AND OFFICES PAN PAKISTAN .(Capacity of 1.0 Ton, 1.5 Ton, 2.0 Ton and 4.0 Ton).",PROCUREMENT SUPPLY & INSTALLATION OF (165) NOS. OF AIR CONDITIONERS FOR NBP BRANCHES AND OFFICES PAN PAKISTAN. PROCUREMENT SUPPLY & INSTALLATION OF (165)...,Appliances,P 86767,National Bank of Pakistan (NBP),Karachi - Pakistan,Published,"Sep 21, 2026","Oct 15, 2026",11:30 AM,https://epms.ppra.gov.pk/public/tenders/tender-details/TS0000014241E,Goods/Supplies,2026-10-15,2026-10-05T06:27:10.880745
1087,TS0000014262E,"ESTABLISHMENT AND OPERATIONS OF MULTIPURPOSE SPORT COMPLEXES IN SECTOR G-13/3, ISLAMABAD",,Miscellaneous,Rev-ts-001,Ministry of Housing & Works,Islamabad - Pakistan,Published,"Sep 21, 2026","Oct 15, 2026",12:00 PM,https://epms.ppra.gov.pk/public/tenders/tender-details/TS0000014262E,Services,2026-10-15,2026-10-05T06:27:10.880745
1088,TS0000014266E,"ESTABLISHMENT AND OPERATIONS OF MULTIPURPOSE SPORT COMPLEXES IN SECTOR G-13/1, ISLAMABAD",,Miscellaneous,Rev-ts-002,Ministry of Housing & Works,Islamabad - Pakistan,Published,"Sep 21, 2026","Oct 15, 2026",12:00 PM,https://epms.ppra.gov.pk/public/tenders/tender-details/TS0000014266E,Services,2026-10-15,2026-10-05T06:27:10.880745
1089,TS0000014268E,"ESTABLISHMENT AND OPERATIONS OF MULTIPURPOSE SPORT COMPLEXES IN SECTOR G14/4, ISLAMABAD",,Miscellaneous,Rev-ts-003,Ministry of Housing & Works,Islamabad - Pakistan,Published,"Sep 21, 2026","Oct 15, 2026",12:00 PM,https://epms.ppra.gov.pk/public/tenders/tender-details/TS0000014268E,Services,2026-10-15,2026-10-05T06:27:10.880745
1090,TS0000014270E,ESTABLISHMENT AND OPERATION OF SUNDAY BAZAR IN BETWEEN SECTOR G 12 & G 13 ISLAMABAD,,Miscellaneous,Rev-ts-004,Ministry of Housing & Works,Islamabad - Pakistan,Published,"Sep 21, 2026","Oct 15, 2026",12:00 PM,https://epms.ppra.gov.pk/public/tenders/tender-details/TS0000014270E,Services,2026-10-15,2026-10-05T06:27:10.880745
1091,TS0000014272E,"REQUEST FOR PROPOSALS (RFP) FOR DEVELOPMENT, OPERATION, MANAGEMENT AND MAINTENANCE OF TEMPORARY FLORA MARKET AT SECTOR G-13, ISLAMABAD ON MONTHLY RENT BASIS",,Miscellaneous,Rev-ts-005,Ministry of Housing & Works,Islamabad - Pakistan,Published,"Sep 21, 2026","Oct 15, 2026",12:00 PM,https://epms.ppra.gov.pk/public/tenders/tender-details/TS0000014272E,Services,2026-10-15,2026-10-05T06:27:10.880745
1092,TS0000014291E,INVITATION TO BID FOR PROCUREMENT OF MISCELLANEOUS HARDWARE ITEM FOR DAY TO DAY MAINTENANCE OF TERMINAL BUILDING AT FIAP FAISALABAD,INVITATION TO BID FOR PROCUREMENT OF MISCELLANEOUS HARDWARE ITEM FOR DAY TO DAY MAINTENANCE OF TERMINAL BUILDING AT FIAP FAISALABAD INVITATION TO BID FOR PROCUREMENT OF...,Miscellaneous,12571,Pakistan Airports Authority (PAA),Karachi - Pakistan,Published,"Sep 21, 2026","Oct 15, 2026",11:00 AM,https://epms.ppra.gov.pk/public/tenders/tender-details/TS0000014291E,Construction/Works,2026-10-15,2026-10-05T06:27:10.880745
1093,TS0000014293E,PROCUREMENT NOTICE (NIT) PROCUREMENT OF SPARES PARTS FOR PRE-CONDITIONING AIR (PCA) PASSENGER BOARDING BRIDGE (PBB) UNITS AT JIAP-CB96/06/MECH REF# : P99091,PROCUREMENT NOTICE (NIT) PROCUREMENT OF SPARES PARTS FOR PRE-CONDITIONING AIR (PCA) PASSENGER BOARDING BRIDGE (PBB) UNITS AT JIAP-CB96/06/MECH REF# : P99091 PROCUREMENT NOTICE (NIT) PROCUREMENT OF SPARES...,Equipments,12572,Pakistan Airports Authority (PAA),Karachi - Pakistan,Published,"Sep 21, 2026","Oct 15, 2026",11:00 AM,https://epms.ppra.gov.pk/public/tenders/tender-details/TS0000014293E,Goods/Supplies,2026-10-15,2026-10-05T06:27:10.880745
1094,TS0000014312E,Misc B&R and E&M Works at MES Gwd Cantt,Misc B&R and E&M Works at MES Gwd Cantt,Civil Works,6002-Adv/19/E-6 dt 21 Sep 26,Ministry of Defence,Gwadar - Pakistan,Published,"Sep 21, 2026","Oct 15, 2026",11:30 AM,https://epms.ppra.gov.pk/public/tenders/tender-details/TS0000014312E,Construction/Works,2026-10-15,2026-10-05T06:27:10.880745
1095,TS0000014258E,Procurement of MT spares,Procurement of MT spares,Vehicles,IT No. 07,Pakistan Army,Quetta - Pakistan,Published,"Sep 21, 2026","Oct 14, 2026",11:00 AM,https://epms.ppra.gov.pk/public/tenders/tender-details/TS0000014258E,Goods/Supplies,2026-10-14,2026-10-05T06:27:10.880745
1096,TS0000014261E,Procurement of Misc Items,"Procurement of Misc Items Sodium Nitrate, Cement RD-1158, Animal Glue,...",Miscellaneous,"TE# 0081-LP-F-56 & TE# 0029,0050,0055,0061,0062,0070 & 0084-LP-Fill-57",Ministry of Defence Production,Wah Cantt - Pakistan,Published,"Sep 21, 2026","Oct 14, 2026",11:30 AM,https://epms.ppra.gov.pk/public/tenders/tender-details/TS0000014261E,Goods/Supplies,2026-10-14,2026-10-05T06:27:10.880745
1097,TS0000014284E,PROCUREMENT NOTICE (NIT) PROCUREMENT OF SPARES (OPERATOR PANEL & POWER SUPPLY 24 VDC) P/O AVDGS MODEL T3 INSTALLED AT JIAP-CB100/06/ELEC REF# : P118888,PROCUREMENT NOTICE (NIT) PROCUREMENT OF SPARES (OPERATOR PANEL & POWER SUPPLY 24 VDC) P/O AVDGS MODEL T3 INSTALLED AT JIAP-CB100/06/ELEC REF# : P118888 PROCUREMENT NOTICE (NIT) PROCUREMENT OF SPARES...,Electrical Items,12570,Pakistan Airports Authority (PAA),Karachi - Pakistan,Published,"Sep 21, 2026","Oct 14, 2026",11:00 AM,https://epms.ppra.gov.pk/public/tenders/tender-details/TS0000014284E,Energy/Utilities,2026-10-14,2026-10-05T06:27:10.880745
1098,TS0000014301E,"INVITATION TO BID PROCUREMENT WITH INSTALLATION, TESTING & COMMISSIONING OF AFDS PAA MEDICAL CENTER JIAP KARACHI I/T NO. HQPAA/1992/378/XXLN","INVITATION TO BID PROCUREMENT WITH INSTALLATION, TESTING & COMMISSIONING OF AFDS PAA MEDICAL CENTER JIAP KARACHI I/T NO. HQPAA/1992/378/XXLN INVITATION TO BID PROCUREMENT WITH INSTALLATION,...",Equipments,12575,Pakistan Airports Authority (PAA),Karachi - Pakistan,Published,"Sep 21, 2026","Oct 14, 2026",11:00 AM,https://epms.ppra.gov.pk/public/tenders/tender-details/TS0000014301E,Medical/Health,2026-10-14,2026-10-05T06:27:10.880745
1099,TS0000014229E,Procurement of Goods/services through Open Framework Agreements for all Sectors and Zonal office,"All potential bidders are requested to submit bids on electronic portal of E-PADS https://eprocure.gov.pk before opening date, and Original Bids / proposals must be submitted at Office of the Deputy Inspector General of Police, N-5 Central Zone Babu Sabu Complex, Lahore on or before 13-10-2026 1130hrs. The bids will be opened as per scheduled date and time i.e. at 11:30 AM on.13-10-2026. purchase of Misc. store items, Gas cylinders,...",Equipments,01/N-5 CENTRAL/NHMP/2026,National Highway and Motorway Police (NHMP),Lahore - Pakistan,Published,"Sep 21, 2026","Oct 13, 2026",11:30 AM,https://epms.ppra.gov.pk/public/tenders/tender-details/TS0000014229E,Services,2026-10-13,2026-10-05T06:27:10.880745
1100,TS0000014242E,PROCUREMENT / COMMISSIONING OF 01 X BI-PLANE ANGIOGRAPHY MACHINE,PROCUREMENT / COMMISSIONING OF 01 X BI-PLANE...,Equipments,2690048/R-2609/310097,Directorate of Procurement (Navy),Islamabad - Pakistan,Published,"Sep 21, 2026","Oct 13, 2026",10:30 AM,https://epms.ppra.gov.pk/public/tenders/tender-details/TS0000014242E,Goods/Supplies,2026-10-13,2026-10-05T06:27:10.880745
1101,TS0000014246E,PROVISION COMMISSIONING OF HANDHELD SHAKER ALONGWITH ACCESSORIES,PROVISION COMMISSIONING OF HANDHELD SHAKER...,Equipments,2690329/R-2609/310120,Directorate of Procurement (Navy),Islamabad - Pakistan,Published,"Sep 21, 2026","Oct 13, 2026",10:30 AM,https://epms.ppra.gov.pk/public/tenders/tender-details/TS0000014246E,Goods/Supplies,2026-10-13,2026-10-05T06:27:10.880745
1102,TS0000014247E,PROVISIONING AND COMMISSIONING OF WIRE ROPE LUBRICATION TOOL WITH ACCESSORIES,PROVISIONING AND COMMISSIONING OF WIRE ROPE...,Miscellaneous,2690324/R-2609/310127,Directorate of Procurement (Navy),Islamabad - Pakistan,Published,"Sep 21, 2026","Oct 13, 2026",10:30 AM,https://epms.ppra.gov.pk/public/tenders/tender-details/TS0000014247E,Goods/Supplies,2026-10-13,2026-10-05T06:27:10.880745
1103,TS0000014251E,HAND HELD TONOMETER / TONOPEN,HAND HELD TONOMETER / TONOPEN,Equipments,2690267/R-2609/310128,Directorate of Procurement (Navy),Islamabad - Pakistan,Published,"Sep 21, 2026","Oct 13, 2026",10:30 AM,https://epms.ppra.gov.pk/public/tenders/tender-details/TS0000014251E,Goods/Supplies,2026-10-13,2026-10-05T06:27:10.880745
1104,TS0000014254E,VIDEO FLEXIBLE BRONCHOSCOPE,VIDEO FLEXIBLE BRONCHOSCOPE,Equipments,2690265/R-2609/310129,Directorate of Procurement (Navy),Islamabad - Pakistan,Published,"Sep 21, 2026","Oct 13, 2026",10:30 AM,https://epms.ppra.gov.pk/public/tenders/tender-details/TS0000014254E,Goods/Supplies,2026-10-13,2026-10-05T06:27:10.880745
1105,TS0000014255E,SPECULAR MICROSCOPE,SPECULAR MICROSCOPE,Equipments,2690259/R-2609/310130,Directorate of Procurement (Navy),Islamabad - Pakistan,Published,"Sep 21, 2026","Oct 13, 2026",10:30 AM,https://epms.ppra.gov.pk/public/tenders/tender-details/TS0000014255E,Goods/Supplies,2026-10-13,2026-10-05T06:27:10.880745
1106,TS0000014259E,"LPR-12377/04, LPR-13264/02, LPR-15309, LPR-15331 &, LPR-15307","LPR-12377/04, LPR-13264/02, LPR-15309, LPR-15331 &, LPR-15307",Miscellaneous,"LPR-12377/04, LPR-13264/02, LPR-15309, LPR-15331 &, LPR-15307",Karachi Shipyard and Engineering Works Ltd,Karachi - Pakistan,Published,"Sep 21, 2026","Oct 13, 2026",10:45 AM,https://epms.ppra.gov.pk/public/tenders/tender-details/TS0000014259E,Other,2026-10-13,2026-10-05T06:27:10.880745
1107,TS0000014263E,COMPUTER AIDED DESIGN (CAD) WORKSTATION FOR DRAWING & DESIGN (D&D) SECTION,COMPUTER AIDED DESIGN (CAD) WORKSTATION FOR...,Equipments,2690409/R-2609/310131,Directorate of Procurement (Navy),Islamabad - Pakistan,Published,"Sep 21, 2026","Oct 13, 2026",10:30 AM,https://epms.ppra.gov.pk/public/tenders/tender-details/TS0000014263E,IT/Technology,2026-10-13,2026-10-05T06:27:10.880745
1108,TS0000014267E,PROCUREMENT OF POWER BENDING MACHINE,PROCUREMENT OF POWER BENDING MACHINE,Equipments,DCM/2690407/R-2609/320108,Directorate of Procurement (Navy),Islamabad - Pakistan,Published,"Sep 21, 2026","Oct 13, 2026",10:30 AM,https://epms.ppra.gov.pk/public/tenders/tender-details/TS0000014267E,Energy/Utilities,2026-10-13,2026-10-05T06:27:10.880745
1109,TS0000014280E,"TENDER NOTICE FOR PROCUREMENT OF VARIOUS PLUMBING ITEMS FOR DAY TO DAY MAINTENANCE FOR THE FIRST QUARTER OF 2026 AT PAA RESIDENTIAL AREA AT JIAP, KARACHI","TENDER NOTICE FOR PROCUREMENT OF VARIOUS PLUMBING ITEMS FOR DAY TO DAY MAINTENANCE FOR THE FIRST QUARTER OF 2026 AT PAA RESIDENTIAL AREA AT JIAP, KARACHI TENDER NOTICE FOR PROCUREMENT OF VARIOUS PLUMBING...",Equipments,12569,Pakistan Airports Authority (PAA),Karachi - Pakistan,Published,"Sep 21, 2026","Oct 13, 2026",11:00 AM,https://epms.ppra.gov.pk/public/tenders/tender-details/TS0000014280E,Services,2026-10-13,2026-10-05T06:27:10.880745
1110,TS0000014243E,"Supply of Nikon Z6II Full-Frame Mirrorless Digital Camera with NIKON Z 24-70mm f/4 S Lens, 128GB SanDisk High-Speed SD Memory Card and all standard manufacturer-supplied",accessories along with valid OEM/manufacturer warranty. REQUEST FOR BIDS PROCUREMENT OF GOODS 1. The...,Equipments,P128863,Pakistan Atomic Energy Commission (PAEC),Islamabad - Pakistan,Published,"Sep 21, 2026","Oct 12, 2026",02:00 PM,https://epms.ppra.gov.pk/public/tenders/tender-details/TS0000014243E,IT/Technology,2026-10-12,2026-10-05T06:27:10.880745
1111,TS0000014250E,"TENDER / INVITATION OF QUOTATION FOR HIRING OF SERVICES OF DIESEL GENERATOR (CAPACITY 400 KVA / 60 HZ / 440 VOLT, 3) WITH OPERATOR / HELPER ON RENTAL BASIS FOR 3000","HOURS FOR MILGEM-4 (KS&EW ORDER NO.SB-287). TENDER / INVITATION OF QUOTATION FOR HIRING OF SERVICES OF DIESEL GENERATOR (CAPACITY 400 KVA / 60 HZ / 440 VOLT, 3) WITH OPERATOR / HELPER ON RENTAL BASIS FOR 3000 HOURS FOR MILGEM-4 (KS&EW ORDER NO.SB-287).",Miscellaneous,SB/SC/342/400K/DG-01/SB-287,Karachi Shipyard and Engineering Works Ltd,Karachi - Pakistan,Published,"Sep 21, 2026","Oct 12, 2026",11:00 AM,https://epms.ppra.gov.pk/public/tenders/tender-details/TS0000014250E,Services,2026-10-12,2026-10-05T06:27:10.880745
1112,TS0000014256E,"SBST-6/DT-1092, SBST-6/DT-1094, SBST-6/DT-1096, SBST-6/DT-1097, SBST-6/DT-1099, SBST-6/DT-1100 & SBST-6/DT-1101","SBST-6/DT-1092, SBST-6/DT-1094, SBST-6/DT-1096, SBST-6/DT-1097, SBST-6/DT-1099, SBST-6/DT-1100 &  SBST-6/DT-1101 DISPOSAL ITEMS",Miscellaneous,"SBST-6/DT-1092, SBST-6/DT-1094, SBST-6/DT-1096, SBST-6/DT-1097, SBST-6/DT-1099, SBST-6/DT-1100 & SBST-6/DT-1101",Karachi Shipyard and Engineering Works Ltd,Karachi - Pakistan,Published,"Sep 21, 2026","Oct 12, 2026",10:45 AM,https://epms.ppra.gov.pk/public/tenders/tender-details/TS0000014256E,Other,2026-10-12,2026-10-05T06:27:10.880745
1113,TS0000014279E,"Hiring of Office Accommodation on Rental Basis for NADRA Registration Center (NRC) Mianwali Qureshian, District Rahim Yar Khan",Rental Office Building Required for NADRA Registration Center Mianwali Qureshian Hiring of Office Accommodation on Rental Basis...,Leasing,Tender Notice.NADRA/ACCN/2026-27/03 RHO Mul,National Database and Registration Authority (NADRA),Multan - Pakistan,Published,"Sep 21, 2026","Oct 12, 2026",10:00 AM,https://epms.ppra.gov.pk/public/tenders/tender-details/TS0000014279E,Other,2026-10-12,2026-10-05T06:27:10.880745
1114,TS0000014299E,Procurement of Stationery and Other Misc. Items,,Stationery,F.9(5)/87-GS (PEC) Vol-VII,Election Commission of Pakistan,Peshawar - Pakistan,Published,"Sep 21, 2026","Oct 12, 2026",11:00 AM,https://epms.ppra.gov.pk/public/tenders/tender-details/TS0000014299E,Goods/Supplies,2026-10-12,2026-10-05T06:27:10.880745
1115,TS0000014303E,Supply of Stationery/Consumable Items for NUST Main Office H-12 Campus Islamabad (FY 2026-27),Supply of Stationery/Consumable Items for NUST Main Office H-12 Campus Islamabad (FY 2026-27) Supply of Stationery/Consumable Items for NUST...,Stationery,Case No. 0972/A104/NUST/LP dated 21 Sep 2026,Higher Education Commission (HEC),Islamabad - Pakistan,Published,"Sep 21, 2026","Oct 12, 2026",11:00 AM,https://epms.ppra.gov.pk/public/tenders/tender-details/TS0000014303E,Goods/Supplies,2026-10-12,2026-10-05T06:27:10.880745
1116,TS0000014308E,Tea Material,As per detail in the tender documents,Miscellaneous,MNT/TE/047/26 (Tea Material),Sui Northern Gas Pipelines Limited (SNGPL),Multan - Pakistan,Published,"Sep 21, 2026","Oct 12, 2026",03:00 PM,https://epms.ppra.gov.pk/public/tenders/tender-details/TS0000014308E,Goods/Supplies,2026-10-12,2026-10-05T06:27:10.880745
1117,TS0000014311E,"Procurement of O2, Acetylene, CO2 & DCP",As per detail in the tender documents,Miscellaneous,MNT/TE/048/2026 (Misc Gases),Sui Northern Gas Pipelines Limited (SNGPL),Multan - Pakistan,Published,"Sep 21, 2026","Oct 12, 2026",03:00 PM,https://epms.ppra.gov.pk/public/tenders/tender-details/TS0000014311E,Goods/Supplies,2026-10-12,2026-10-05T06:27:10.880745
1118,TS0000014209E,Provision / Repair / Maintenance,Provision / Repair / Maintenance Applications are invited by the CMES (NAVY)...,Civil Works,6000/PPRA/02/E-6 dated 21 Sep 2026,Ministry of Defence,Karachi - Pakistan,Published,"Sep 21, 2026","Oct 09, 2026",11:30 AM,https://epms.ppra.gov.pk/public/tenders/tender-details/TS0000014209E,Construction/Works,2026-10-09,2026-10-05T06:27:10.880745
1119,TS0000014239E,PROCUREMENT OF ACTUARIAL SERVICES FOR VALUATION OF EOBI ASSETS AND LIABILITIES AS ON 30-06-2026,Procurement of Actuarial Services for Valuation of EOBI Assets and Liabilities as on 30-06-2026(P124606),Services,EOBI/Actuarial/09/2026-27,Ministry of Overseas Pakistanis & Human Resource Development,Karachi - Pakistan,PublishedCorrigendum,"Sep 21, 2026","Oct 09, 2026",11:00 AM,https://epms.ppra.gov.pk/public/tenders/tender-details/TS0000014239E,Services,2026-10-09,2026-10-05T06:27:10.880745
1120,TS0000014244E,T-4233/26/ABZ HIRING SERVICES FOR REPAIRING OF DENCO CONDITIONING MACHINE,,Repair/Maintenance,T-4233/26/ABZ,Pakistan Security Printing Corporaion (PSPC),Islamabad - Pakistan,Published,"Sep 21, 2026","Oct 09, 2026",11:00 AM,https://epms.ppra.gov.pk/public/tenders/tender-details/TS0000014244E,Services,2026-10-09,2026-10-05T06:27:10.880745
1121,TS0000014275E,INVITATION TO BID FOR PROCUREMENT OF FIRE RUBBER HOSES I.T.No.HQPAA/1984/403/XXLA,INVITATION TO BID FOR PROCUREMENT OF FIRE RUBBER HOSES  I.T.No.HQPAA/1984/403/XXLA INVITATION TO BID FOR PROCUREMENT OF FIRE RUBBER...,Equipments,12568,Pakistan Airports Authority (PAA),Karachi - Pakistan,Published,"Sep 21, 2026","Oct 09, 2026",11:00 AM,https://epms.ppra.gov.pk/public/tenders/tender-details/TS0000014275E,IT/Technology,2026-10-09,2026-10-05T06:27:10.880745
1122,TS0000013401E,Tender Notice 2026-27 Repair of Machinery & Equipment,,Repair/Maintenance,2026-27-04,Federal Government Organization,Lahore - Pakistan,Published,"Sep 21, 2026","Oct 08, 2026",10:30 AM,https://epms.ppra.gov.pk/public/tenders/tender-details/TS0000013401E,Services,2026-10-08,2026-10-05T06:27:10.880745
1123,TS0000014185E,Purchase of Feed Items - HQ MFs Gp Okara,"Purchase of Feed Ingredients for Mil Farm C/Store & MF Khyber Okara Purchase of Feed Ingredients (Maize Grain ,...",Civil Goods,2,Ministry of Defence,Okara - Pakistan,Published,"Sep 21, 2026","Oct 08, 2026",11:00 AM,https://epms.ppra.gov.pk/public/tenders/tender-details/TS0000014185E,Goods/Supplies,2026-10-08,2026-10-05T06:27:10.880745
1124,TS0000014205E,Photocopy Services Required for NICL Head Office and Zonal Office Karachi for the Period of One Year,Photocopy Services Required for NICL Head Office...,Services,(NICL/Procurement/2026/38),National Insurance Company Limited (NICL),Karachi - Pakistan,Published,"Sep 21, 2026","Oct 08, 2026",11:00 AM,https://epms.ppra.gov.pk/public/tenders/tender-details/TS0000014205E,Services,2026-10-08,2026-10-05T06:27:10.880745
1125,TS0000014213E,Construction of Indoor Cricket Shed & Store Shed,Construction of Indoor Cricket Shed & Store Shed,Miscellaneous,P127606,Islamabad Club,Islamabad - Pakistan,Published,"Sep 21, 2026","Oct 08, 2026",11:00 AM,https://epms.ppra.gov.pk/public/tenders/tender-details/TS0000014213E,Construction/Works,2026-10-08,2026-10-05T06:27:10.880745
1126,TS0000014223E,"Procurement of Stationery, Printing, Miscellaneous Consumable and Tonner Items for FY 2026-27, CUI Sahiwal Campus",,Stationery,Tender No. CUI/SWL/Procurement/FY 26 27/53/237,COMSATS University Islamabad,Islamabad - Pakistan,Published,"Sep 21, 2026","Oct 08, 2026",11:00 AM,https://epms.ppra.gov.pk/public/tenders/tender-details/TS0000014223E,Goods/Supplies,2026-10-08,2026-10-05T06:27:10.880745
1127,TS0000014249E,CONSTRUCTION OF TILTED BOUNDARY WALL AT 132 KV GRID STATION PASRUR.,Civil Works CONSTRUCTION OF TILTED BOUNDARY WALL AT 132 KV...,Civil Works,03/2026-2027,Ministry of Energy (Power Division),Gujranwala - Pakistan,Published,"Sep 21, 2026","Oct 08, 2026",11:00 AM,https://epms.ppra.gov.pk/public/tenders/tender-details/TS0000014249E,Construction/Works,2026-10-08,2026-10-05T06:27:10.880745
1128,TS0000014252E,Procurement of Dental Consumable items at Bahria University Health Sciences Campus Karachi.,Procurement of Dental Consumable items at Bahria...,Consumable Items,P108460,Bahria University,Karachi - Pakistan,Published,"Sep 21, 2026","Oct 08, 2026",11:00 AM,https://epms.ppra.gov.pk/public/tenders/tender-details/TS0000014252E,Medical/Health,2026-10-08,2026-10-05T06:27:10.880745
1129,TS0000014253E,PSR/TE/012/2026 (Paper Ream),Paper Reram Paper ream A4 size 80 gram best quality require...,Stationery,PSR/TE/012/2026,Sui Northern Gas Pipelines Limited (SNGPL),Peshawar - Pakistan,Published,"Sep 21, 2026","Oct 08, 2026",03:00 PM,https://epms.ppra.gov.pk/public/tenders/tender-details/TS0000014253E,Goods/Supplies,2026-10-08,2026-10-05T06:27:10.880745
1130,TS0000014257E,INVITATION TO E-BID NOTICE FOR SUPPLY OF WATER TREATMENT CHEMICALS FOR HVAC SYSTEM AT AIIAP LAHORE,INVITATION TO E-BID NOTICE FOR SUPPLY OF WATER TREATMENT CHEMICALS FOR HVAC SYSTEM AT AIIAP LAHORE INVITATION TO E-BID NOTICE FOR SUPPLY OF WATER...,Chemical Items,12567,Pakistan Airports Authority (PAA),Karachi - Pakistan,Published,"Sep 21, 2026","Oct 08, 2026",11:00 AM,https://epms.ppra.gov.pk/public/tenders/tender-details/TS0000014257E,IT/Technology,2026-10-08,2026-10-05T06:27:10.880745
1131,TS0000014304E,Framework Agreement for Repair of IT Equipment.,,Services,FFW9862,Ministry of Finance,Islamabad - Pakistan,Published,"Sep 21, 2026","Oct 08, 2026",04:00 PM,https://epms.ppra.gov.pk/public/tenders/tender-details/TS0000014304E,IT/Technology,2026-10-08,2026-10-05T06:27:10.880745
1132,TS0000014305E,Invitation for Prequalification For Repair of Hardware,This is open framework agreement,Services,FFW9859,Ministry of Finance,Islamabad - Pakistan,Published,"Sep 21, 2026","Oct 08, 2026",04:00 PM,https://epms.ppra.gov.pk/public/tenders/tender-details/TS0000014305E,Services,2026-10-08,2026-10-05T06:27:10.880745
1133,TS0000014307E,Disposal Of Scrap,,Electrical Items,125/2026-27,Ministry of Energy (Power Division),Multan - Pakistan,Published,"Sep 21, 2026","Oct 08, 2026",11:00 AM,https://epms.ppra.gov.pk/public/tenders/tender-details/TS0000014307E,Energy/Utilities,2026-10-08,2026-10-05T06:27:10.880745
1134,TS0000014309E,Disposal Of Scrap,,Electrical Items,126/2026-27,Ministry of Energy (Power Division),Multan - Pakistan,Published,"Sep 21, 2026","Oct 08, 2026",11:15 AM,https://epms.ppra.gov.pk/public/tenders/tender-details/TS0000014309E,Energy/Utilities,2026-10-08,2026-10-05T06:27:10.880745
1135,TS0000014310E,Disposal Of Scrap,,Electrical Items,127/2026-27,Ministry of Energy (Power Division),Multan - Pakistan,Published,"Sep 21, 2026","Oct 08, 2026",11:30 AM,https://epms.ppra.gov.pk/public/tenders/tender-details/TS0000014310E,Energy/Utilities,2026-10-08,2026-10-05T06:27:10.880745
1136,TS0000014314E,Repair/Maint Works of FG School & College at Kharian,,Civil Works,6000-Adv/70/E-6,Military Engineering Services (Army),Kharian Cantt - Pakistan,Published,"Sep 21, 2026","Oct 08, 2026",11:30 AM,https://epms.ppra.gov.pk/public/tenders/tender-details/TS0000014314E,Construction/Works,2026-10-08,2026-10-05T06:27:10.880745
1137,TS0000014320E,Tender Notice No. 20/2026,Following items are required,Miscellaneous,20/2026,Pakistan Atomic Energy Commission (PAEC),Islamabad - Pakistan,Published,"Sep 21, 2026","Oct 08, 2026",12:00 PM,https://epms.ppra.gov.pk/public/tenders/tender-details/TS0000014320E,Other,2026-10-08,2026-10-05T06:27:10.880745
1138,TS0000014192E,TENDER NO. 23/ Avn Spares/JR Heli/NLC/2026,,Miscellaneous,Invitation to Bid,National Logistics Corporation (NLC),Rawalpindi - Pakistan,Published,"Sep 21, 2026","Oct 07, 2026",11:00 AM,https://epms.ppra.gov.pk/public/tenders/tender-details/TS0000014192E,Goods/Supplies,2026-10-07,2026-10-05T06:27:10.880745
1139,TS0000012403E,Consultancy Services for Techno Economic Feasibility & Detailed Design of Construction of Additional 2-Lane Bridge Over River Indus at Ghazi Ghat on N-70,Consultancy Services for Techno Economic Feasibility & Detailed Design of Construction of Additional 2-Lane Bridge Over River Indus at Ghazi Ghat on N-70,Services,6689,Ministry of Communications,Islamabad - Pakistan,PublishedCorrigendum,"Sep 21, 2026","Oct 07, 2026",11:30 AM,https://epms.ppra.gov.pk/public/tenders/tender-details/TS0000012403E,Construction/Works,2026-10-07,2026-10-05T06:27:10.880745
1140,TS0000014207E,Procurement of Stationary and other Misc. Items for Archiving and Digitization of Record of CSA,Supply and installation Procurement of stationery and other misc. items...,Stationery,03,Cabinet Division,Lahore - Pakistan,Published,"Sep 21, 2026","Oct 07, 2026",11:00 AM,https://epms.ppra.gov.pk/public/tenders/tender-details/TS0000014207E,Goods/Supplies,2026-10-07,2026-10-05T06:27:10.880745
1141,TS0000014216E,"Services required for conservancy services at MCSL, Kotlakhpat",LM-A4945-SZ,Services,LM-A4945-SZ,Pakistan State Oil (PSO),Karachi - Pakistan,Published,"Sep 21, 2026","Oct 07, 2026",02:15 PM,https://epms.ppra.gov.pk/public/tenders/tender-details/TS0000014216E,Services,2026-10-07,2026-10-05T06:27:10.880745
1142,TS0000014236E,RIFB for 06x Routine Maintenance works for Contract No ( RM-2025-26-BS-1015 to RM-2025-26-BS-1050) in Khuzdar,,Civil Works,khuzdar,Ministry of Communications,Islamabad - Pakistan,Published,"Sep 21, 2026","Oct 07, 2026",10:30 AM,https://epms.ppra.gov.pk/public/tenders/tender-details/TS0000014236E,Construction/Works,2026-10-07,2026-10-05T06:27:10.880745
1143,TS0000014276E,Printing & Binding of Aurora / CTP Magazine (53rd CTP),Printing & binding of Aurora / CTP Magazine Printing & binding of Aurora / CTP Magazine...,Printing,04,Cabinet Division,Lahore - Pakistan,Published,"Sep 21, 2026","Oct 07, 2026",11:30 AM,https://epms.ppra.gov.pk/public/tenders/tender-details/TS0000014276E,Other,2026-10-07,2026-10-05T06:27:10.880745
1144,TS0000014283E,Auction of Defence Store Dated 07 Oct 2026,Auction of Defence Store Dated 07 Oct 2026 Auction of Defence Store Dated 07 Oct 2026,Miscellaneous,Auction of Defence Store Dated 07 Oct 2026,Ministry of Defence Production,Taxila - Pakistan,Published,"Sep 21, 2026","Oct 07, 2026",10:30 AM,https://epms.ppra.gov.pk/public/tenders/tender-details/TS0000014283E,Construction/Works,2026-10-07,2026-10-05T06:27:10.880745
1145,TS0000014296E,Annual Repair Works of Gurdwara Janamasthan at Nankana Sahib.,02/2026-27 Annual Repair Works of Gurdwara Janamasthan at...,Civil Works,02/2026-27,Ministry of Religious Affairs & Interfaith Harmony,Lahore - Pakistan,Published,"Sep 21, 2026","Oct 07, 2026",02:00 PM,https://epms.ppra.gov.pk/public/tenders/tender-details/TS0000014296E,Construction/Works,2026-10-07,2026-10-05T06:27:10.880745
1146,TS0000014317E,"Tender No.22 - 30 for Tower Pole Foundations, Erection & Stringing, Earth Mesh & M&R",,Civil Works,"Tender No.22 - 30 for Tower Pole Foundations, Erection & Stringing, Earth Mesh & M&R",Faisalabad Electric Supply Company (FESCO),Faisalabad - Pakistan,Published,"Sep 21, 2026","Oct 07, 2026",11:30 AM,https://epms.ppra.gov.pk/public/tenders/tender-details/TS0000014317E,Construction/Works,2026-10-07,2026-10-05T06:27:10.880745
1147,TS0000014165E,Repair & maintenance services of official vehicle (1 x Toyota Land Cruiser V8) Model 2001 (White Color) of FAB HQs,Repair & maintenance services of official...,Services,12-25/138-TPT,Ministry of IT and TeleCommunication,Islamabad - Pakistan,PublishedCorrigendum,"Sep 21, 2026","Oct 06, 2026",11:00 AM,https://epms.ppra.gov.pk/public/tenders/tender-details/TS0000014165E,Services,2026-10-06,2026-10-05T06:27:10.880745
1148,TS0000014191E,Tender Notice,Pre-qualification of Contractors for...,Civil Works,Tender Notice,National Logistics Corporation (NLC),Rawalpindi - Pakistan,Published,"Sep 21, 2026","Oct 06, 2026",11:00 AM,https://epms.ppra.gov.pk/public/tenders/tender-details/TS0000014191E,Construction/Works,2026-10-06,2026-10-05T06:27:10.880745
1149,TS0000014193E,Tender no. 22/2/Solar System/ATIN/NLC/2026,"Tender for Supply, Installation and net metering...",Electrical Items,Invitation to Bid,National Logistics Corporation (NLC),Rawalpindi - Pakistan,Published,"Sep 21, 2026","Oct 06, 2026",11:00 AM,https://epms.ppra.gov.pk/public/tenders/tender-details/TS0000014193E,IT/Technology,2026-10-06,2026-10-05T06:27:10.880745
1150,TS0000014197E,Procurement of Flatbed and ADF Scanners for PTA,Procurement of Flatbed and ADF Scanners for PTA Procurement of Flatbed and ADF Scanners for PTA,Info and Comm Tech,PTA/ICT/P68096/2026,Cabinet Division,Islamabad - Pakistan,Published,"Sep 21, 2026","Oct 06, 2026",11:00 AM,https://epms.ppra.gov.pk/public/tenders/tender-details/TS0000014197E,Goods/Supplies,2026-10-06,2026-10-05T06:27:10.880745
1151,TS0000014200E,Establish of Regional Unified Monitoring & Response Centre,Establish of Regional Unified Monitoring &...,Miscellaneous,1,Ministry of IT and Telecom,Mirpur AJK - Pakistan,Published,"Sep 21, 2026","Oct 06, 2026",10:00 AM,https://epms.ppra.gov.pk/public/tenders/tender-details/TS0000014200E,Other,2026-10-06,2026-10-05T06:27:10.880745
1152,TS0000014202E,Heavy Mechanical Complex-3 (P-01),P-01/2026 Construction Linear Accelerator Office Building...,Civil Works,P-01/2026,Heavy Mechanical Complex,Taxila - Pakistan,Published,"Sep 21, 2026","Oct 06, 2026",02:33 PM,https://epms.ppra.gov.pk/public/tenders/tender-details/TS0000014202E,Construction/Works,2026-10-06,2026-10-05T06:27:10.880745
1153,TS0000014211E,Installation of Wall Mounted Glass Cabinets in Science and UG Labs at KHINAMS,installation of Wall Mounted Glass Cabinets in...,Civil Works,MS/Adm Dte (KHINAMS)/2026/174,National University of Medical Sciences (NUMS),Rawalpindi - Pakistan,Published,"Sep 21, 2026","Oct 06, 2026",09:30 AM,https://epms.ppra.gov.pk/public/tenders/tender-details/TS0000014211E,Construction/Works,2026-10-06,2026-10-05T06:27:10.880745
1154,TS0000014212E,"Supply of 03 x Rack Server (Refurbished) at C-5, Marston Road Exchange NTC Karachi","Supply of 03 x Rack Server (Refurbished) at C-5,...",Equipments,P128836,Ministry of IT and TeleCommunication,Karachi - Pakistan,Published,"Sep 21, 2026","Oct 06, 2026",11:00 AM,https://epms.ppra.gov.pk/public/tenders/tender-details/TS0000014212E,IT/Technology,2026-10-06,2026-10-05T06:27:10.880745
1155,TS0000014217E,Tender No. P-62/2026 Procurement of All in One Desktop PC's,Tender No. P-62/2026 Procurement of All in One Desktop PC's Tender No. P-62/2026 Procurement of All in One...,Info and Comm Tech,P-62/2026,Ministry of Finance,Islamabad - Pakistan,Published,"Sep 21, 2026","Oct 06, 2026",12:00 PM,https://epms.ppra.gov.pk/public/tenders/tender-details/TS0000014217E,Goods/Supplies,2026-10-06,2026-10-05T06:27:10.880745
1156,TS0000014219E,Tender No. P-63/2026 Procurement of Desktop PC's,Tender No. P-63/2026 Procurement of Desktop PC's Tender No. P-63/2026 Procurement of Desktop...,Info and Comm Tech,P-63/2026,Ministry of Finance,Islamabad - Pakistan,Published,"Sep 21, 2026","Oct 06, 2026",12:00 PM,https://epms.ppra.gov.pk/public/tenders/tender-details/TS0000014219E,Goods/Supplies,2026-10-06,2026-10-05T06:27:10.880745
1157,TS0000014237E,CSO ASF Peshawar PURCHASE OF MEDICINES,"TENDER NOTICE for PURCHASE OF MEDICINES FOR FINANCIAL YEAR 2026-27 ""TENDER NOTICE for PURCHASE OF MEDICINES FOR...",Health/Medicines,P107881,Ministry of Defence,Karachi - Pakistan,Published,"Sep 21, 2026","Oct 06, 2026",11:00 AM,https://epms.ppra.gov.pk/public/tenders/tender-details/TS0000014237E,Medical/Health,2026-10-06,2026-10-05T06:27:10.880745
1158,TS0000014238E,Daily LP Contract - Medicines,,Health/Medicines,001,Pakistan Army,Sargodha - Pakistan,Published,"Sep 21, 2026","Oct 06, 2026",08:00 AM,https://epms.ppra.gov.pk/public/tenders/tender-details/TS0000014238E,Medical/Health,2026-10-06,2026-10-05T06:27:10.880745
1159,TS0000014245E,TENDER FOR PROCUREMENT OF ORACLE STANDARD EDITION LICENSE FOR PRODUCTION SERVER,for detail please visit https://www.pnsc.com.pk/tenders The Pakistan National Shipping Corporation (PNSC)...,Info and Comm Tech,P123616,Pakistan National Shipping Corporation (PNSC),Karachi - Pakistan,Published,"Sep 21, 2026","Oct 06, 2026",11:00 AM,https://epms.ppra.gov.pk/public/tenders/tender-details/TS0000014245E,IT/Technology,2026-10-06,2026-10-05T06:27:10.880745
1160,TS0000014248E,"INVITATION TO BID FOR REPLACEMENT OF BATTERIES FOR BATTERY BANKS 2X2000KVA UPS SYSTEM INSTALLED AT AFL VAULT ROOMS (EAST & WEST) AT IIAP, ISLAMABAD I.T.No.","IIAP/1764-36/13/7700/ISSS INVITATION TO BID FOR REPLACEMENT OF BATTERIES FOR BATTERY BANKS 2X2000KVA UPS SYSTEM INSTALLED AT AFL VAULT ROOMS (EAST & WEST) AT IIAP, ISLAMABAD  I.T.No. IIAP/1764-36/13/7700/ISSS INVITATION TO BID FOR REPLACEMENT OF BATTERIES...",Miscellaneous,12566,Pakistan Airports Authority (PAA),Karachi - Pakistan,Published,"Sep 21, 2026","Oct 06, 2026",11:00 AM,https://epms.ppra.gov.pk/public/tenders/tender-details/TS0000014248E,IT/Technology,2026-10-06,2026-10-05T06:27:10.880745
1161,TS0000014269E,"Procurement of Cables, Circuit Breakers, Outgoing Panels,Disc Insulators etc",,Electrical Items,"PMU-19,20,21,22,23,24 (2026-27)",Ministry of Energy (Power Division),Islamabad - Pakistan,Published,"Sep 21, 2026","Oct 06, 2026",10:00 AM,https://epms.ppra.gov.pk/public/tenders/tender-details/TS0000014269E,Energy/Utilities,2026-10-06,2026-10-05T06:27:10.880745
1162,TS0000014277E,PROCUREMENT OF MISC SPARES AND GOODS,NORMAL TENDER Tender bulletin of Misc spares / goods of items...,Miscellaneous,CLP/IT/1197,Ministry of Defence,Karachi. - Pakistan,Published,"Sep 21, 2026","Oct 06, 2026",10:00 AM,https://epms.ppra.gov.pk/public/tenders/tender-details/TS0000014277E,Goods/Supplies,2026-10-06,2026-10-05T06:27:10.880745
1163,TS0000014278E,Notice of Tender,,Miscellaneous,DW&CE/6503-Advt-Ibd/06/E-6,Ministry of Defence,Rawalpindi - Pakistan,Published,"Sep 21, 2026","Oct 06, 2026",11:30 AM,https://epms.ppra.gov.pk/public/tenders/tender-details/TS0000014278E,Other,2026-10-06,2026-10-05T06:27:10.880745
1164,TS0000014282E,"TD26-29 26-27 Supply of Tyres, Jumbo bag, CCTV, UPS, ACs, RO, Copier & Manpower for BME Khuzdar & Nokkundi","Supply of Tyres, Jumbo bag, CCTV, UPS, ACs, RO, Copier & Manpower for BME Khuzdar & Nokkundi 1) BRT/QT/TD-26/2026-27. Supply of Brand New...",Miscellaneous,BRT/QT/TD-26-29/2026-27,Ministry of Energy (Petroleum Division),Quetta - Pakistan,Published,"Sep 21, 2026","Oct 06, 2026",03:00 PM,https://epms.ppra.gov.pk/public/tenders/tender-details/TS0000014282E,Energy/Utilities,2026-10-06,2026-10-05T06:27:10.880745
1165,TS0000014285E,USF/TDRS/FIN/2026-27/9 (APPOINTEMENT OF EXTERNAL AUDITOR),,Info and Comm Tech,USF/TDRS/FIN/2026-27/9 (APPOINTEMENT OF EXTERNAL AUDITOR),Universal Services Fund Company,Islamabad - Pakistan,Published,"Sep 21, 2026","Oct 06, 2026",11:00 AM,https://epms.ppra.gov.pk/public/tenders/tender-details/TS0000014285E,Services,2026-10-06,2026-10-05T06:27:10.880745
1166,TS0000014290E,AM-20038-AACalibration services required for Aviation equipment based at PSO Facility Skardu Airport,AM-20038-AACalibration services required for Aviation equipment based at PSO Facility Skardu Airport AM-20038-AA-Calibration services required for...,Services,AM-20038-AA,Pakistan State Oil (PSO),Karachi - Pakistan,Published,"Sep 21, 2026","Oct 06, 2026",02:15 PM,https://epms.ppra.gov.pk/public/tenders/tender-details/TS0000014290E,Services,2026-10-06,2026-10-05T06:27:10.880745
1167,TS0000014292E,Procurement of Furniture & Air Conditioner,,Furniture/Fixture,P126805,Ministry of Commerce,Rawalpindi - Pakistan,Published,"Sep 21, 2026","Oct 06, 2026",11:00 AM,https://epms.ppra.gov.pk/public/tenders/tender-details/TS0000014292E,Goods/Supplies,2026-10-06,2026-10-05T06:27:10.880745
1168,TS0000014300E,DISPOSAL OF VEHICLES THROUGH E-BIDS,,Vehicles,TENDER NO. 86 FOR DISPOSAL OF VEHICLES THROUGH E-BIDS,Islamabad Electric Supply Company (IESCO),Islamabad - Pakistan,Published,"Sep 21, 2026","Oct 06, 2026",10:30 AM,https://epms.ppra.gov.pk/public/tenders/tender-details/TS0000014300E,Other,2026-10-06,2026-10-05T06:27:10.880745
1169,TS0000014302E,Framework Agreement for Repair and Maintanance of Machinary and Equipment.,,Services,FFW9856,Ministry of Finance,Islamabad - Pakistan,Published,"Sep 21, 2026","Oct 06, 2026",04:00 PM,https://epms.ppra.gov.pk/public/tenders/tender-details/TS0000014302E,Services,2026-10-06,2026-10-05T06:27:10.880745
1170,TS0000014306E,Construction & Repair work,Tender Notice,Repair/Maintenance,Tender Notice,HQs Frontier Core-North KPK,Peshawar - Pakistan,Published,"Sep 21, 2026","Oct 06, 2026",02:00 PM,https://epms.ppra.gov.pk/public/tenders/tender-details/TS0000014306E,Construction/Works,2026-10-06,2026-10-05T06:27:10.880745
1171,TS0000014315E,Wireless Access points for Depots and Divisional offices.,IT-20032-YP-Wireless Access points for Depots and...,Info and Comm Tech,IT-20032-YP,Pakistan State Oil (PSO),Karachi - Pakistan,Published,"Sep 21, 2026","Oct 06, 2026",02:15 PM,https://epms.ppra.gov.pk/public/tenders/tender-details/TS0000014315E,Other,2026-10-06,2026-10-05T06:27:10.880745
1172,TS0000014316E,Works,,Civil Works,600/8/93/E6,Military Engineering Services (Airforce),Peshawar - Pakistan,Published,"Sep 21, 2026","Oct 06, 2026",11:30 AM,https://epms.ppra.gov.pk/public/tenders/tender-details/TS0000014316E,Construction/Works,2026-10-06,2026-10-05T06:27:10.880745
1173,TS0000014318E,Services for Repairing of DU EDAT at Sultan FS D.I.Khan Division,RF-19774-SZR,Services,RF-19774-SZR,Pakistan State Oil (PSO),Karachi - Pakistan,Published,"Sep 21, 2026","Oct 06, 2026",02:15 PM,https://epms.ppra.gov.pk/public/tenders/tender-details/TS0000014318E,Services,2026-10-06,2026-10-05T06:27:10.880745
1174,TS0000014319E,"Renting out Tuck Shop Premises of IMCB F-10/4,Islamabad for the Period of One Year Oct, 2026 to Sept, 2027",Renting out Tuck Shop Premises of IMCB...,Services,D10906,Ministry of Federal Education and Professional Training,Islamabad - Pakistan,Published,"Sep 21, 2026","Oct 06, 2026",10:00 AM,https://epms.ppra.gov.pk/public/tenders/tender-details/TS0000014319E,Services,2026-10-06,2026-10-05T06:27:10.880745
1175,TS0000012336E,"NV-19935-YP-Complete Supply, Installation, Testing, Commissioning, and Maintenance of EV chargers.","NV-19935-YP-Complete Supply, Installation,...",Electrical Items,NV-19935-YP,Pakistan State Oil (PSO),Karachi - Pakistan,PublishedCorrigendum,"Sep 21, 2026","Oct 05, 2026",02:15 PM,https://epms.ppra.gov.pk/public/tenders/tender-details/TS0000012336E,Energy/Utilities,2026-10-05,2026-10-05T06:27:10.880745
1176,TS0000013003E,Hiring of Services Horizontal Directional Drilling,Hiring of Services Horizontal Directional Drilling Hiring of Services Horizontal Directional...,Services,SSGC/SC/PT/EPAD2/14388,Ministry of Energy (Petroleum Division),Karachi - Pakistan,PublishedCorrigendum,"Sep 21, 2026","Oct 05, 2026",10:00 AM,https://epms.ppra.gov.pk/public/tenders/tender-details/TS0000013003E,Services,2026-10-05,2026-10-05T06:27:10.880745
1177,TS0000013937E,"Pre-qualification of workshop(s) for Repair/Maintenance of machinery/equipment, Hardware, furniture/fixture & repair/renovation of office building under Open",Framework Agreement for three years. Pre-qualification of workshop(s) for...,Repair/Maintenance,005/CCRA/2026,Cabinet Division,Islamabad - Pakistan,PublishedCorrigendum,"Sep 21, 2026","Oct 01, 2026",11:00 AM,https://epms.ppra.gov.pk/public/tenders/tender-details/TS0000013937E,Construction/Works,2026-10-01,2026-10-05T06:27:10.880745
1178,TS0000013839E,Hiring of Security Services,security services,Services,P121123,National Heritage & Culture Division,Islamabad - Pakistan,PublishedCorrigendum,"Sep 21, 2026","Sep 30, 2026",11:00 AM,https://epms.ppra.gov.pk/public/tenders/tender-details/TS0000013839E,Services,2026-09-30,2026-10-05T06:27:10.880745
1179,TS0000012722E,LUGGAGE AND MAIL SCANNING MACHINES,LUGGAGE AND MAIL SCANNING MACHINES,Miscellaneous,2690036/R-2608/310071,Directorate of Procurement (Navy),Islamabad - Pakistan,PublishedCorrigendum,"Sep 21, 2026","Sep 29, 2026",10:30 AM,https://epms.ppra.gov.pk/public/tenders/tender-details/TS0000012722E,Other,2026-09-29,2026-10-05T06:27:10.880745
1180,TS0000013035E,Hiring of a Professional Creative Agency for Production of Four Short Videos on Migration and Mental Health,"National Institute of Psychology, Quaid-i-Azam...",Services,81967,Higher Education Commission (HEC),Islamabad - Pakistan,PublishedCorrigendum,"Sep 21, 2026","Sep 28, 2026",10:00 AM,https://epms.ppra.gov.pk/public/tenders/tender-details/TS0000013035E,Medical/Health,2026-09-28,2026-10-05T06:27:10.880745
1181,TS0000012576E,Meter Security Box A-Type for CT Ratio 200/5 AMP,"Hyderabad Electric Supply Company (HESCO),...",Electrical Items,1984,Ministry of Energy (Power Division),Hyderabad - Pakistan,PublishedCorrigendum,"Sep 21, 2026","Sep 28, 2026",10:30 AM,https://epms.ppra.gov.pk/public/tenders/tender-details/TS0000012576E,Energy/Utilities,2026-09-28,2026-10-05T06:27:10.880745
1182,TS0000013535E,"Cutters, Aluminium Ignots, Control Card, Liner Scale Cross","Cutters, Aluminum Ingots, Control Card, Liner...",Miscellaneous,"Cutters(PPRA110926), 101307,101318,101310, 101327 & 101328",Pakistan Machine Tool Factory,Karachi - Pakistan,PublishedCorrigendum,"Sep 21, 2026","Sep 26, 2026",11:00 AM,https://epms.ppra.gov.pk/public/tenders/tender-details/TS0000013535E,Other,2026-09-26,2026-10-05T06:27:10.880745
1183,TS0000014186E,PROCUREMENT OF SPLIT AIR CONDITIONERS TENDER No. HR&A/GRT/01/2026,,Electrical Items,P127801,Ministry of Commerce,Gujrat - Pakistan,Published,"Sep 20, 2026","Oct 08, 2026",11:00 AM,https://epms.ppra.gov.pk/public/tenders/tender-details/TS0000014186E,Energy/Utilities,2026-10-08,2026-10-05T06:27:10.880745
1184,TS0000014190E,NATIONAL UPSKILLING PROGRAM FOR UNIVERSITY UNDERGRADUATES,JV is not Allowed. 1. The National Vocational and Technical Training...,Info and Comm Tech,NAV-19092026,Ministry of Federal Education and Professional Training,Islamabad - Pakistan,Published,"Sep 20, 2026","Oct 08, 2026",11:00 AM,https://epms.ppra.gov.pk/public/tenders/tender-details/TS0000014190E,Other,2026-10-08,2026-10-05T06:27:10.880745
1185,TS0000014184E,Supply of Testing Equipment for PSO Quality Testing Van Network.,,Equipments,QA-20035-IA,Pakistan State Oil (PSO),Karachi - Pakistan,Published,"Sep 20, 2026","Oct 07, 2026",02:15 PM,https://epms.ppra.gov.pk/public/tenders/tender-details/TS0000014184E,IT/Technology,2026-10-07,2026-10-05T06:27:10.880745
1186,TS0000014187E,HARDWARE MATERIAL,,Equipments,FCS/MDR/TE/035/26,Sui Northern Gas Pipelines Limited (SNGPL),Karak - Pakistan,Published,"Sep 20, 2026","Oct 07, 2026",03:00 PM,https://epms.ppra.gov.pk/public/tenders/tender-details/TS0000014187E,Goods/Supplies,2026-10-07,2026-10-05T06:27:10.880745
1187,TS0000014149E,Invitation of Tender Inquiry for Misc Trg Aid Spec ATG Upgrading of Renovation / Establishment GYM Items.,Invitation of Tender Inquiry for Misc Trg Aid...,Miscellaneous,100 / 30 / DQM dated 18 September 2026,Ministry of Defence,Jaglot - Pakistan,Published,"Sep 20, 2026","Oct 05, 2026",10:00 AM,https://epms.ppra.gov.pk/public/tenders/tender-details/TS0000014149E,Construction/Works,2026-10-05,2026-10-05T06:27:10.880745
1188,TS0000014188E,Invitations to e-Bids & Extension Notice,OGDC-SCM-LH-PT-CMT-333806237-2026,Miscellaneous,154/12,Oil and Gas Development Company Limited (OGDCL),Islamabad - Pakistan,Published,"Sep 20, 2026","Oct 05, 2026",02:30 PM,https://epms.ppra.gov.pk/public/tenders/tender-details/TS0000014188E,Other,2026-10-05,2026-10-05T06:27:10.880745
1189,TS0000014194E,Supply of Furniture AU Campuses (Bunk Bed & Mattresses),Supply of Furniture AU Campuses (Bunk Bed &...,Furniture/Fixture,Tender No: IBD/AU/F&IT-C/31/26,Higher Education Commission (HEC),Islamabad - Pakistan,Published,"Sep 20, 2026","Oct 05, 2026",11:00 AM,https://epms.ppra.gov.pk/public/tenders/tender-details/TS0000014194E,Goods/Supplies,2026-10-05,2026-10-05T06:27:10.880745
1190,TS0000014195E,CSO ASF JIAP Karachi Purchase Of Stationary Items,"Purchase Of Stationary Items ""Purchase Of Stationary Items A 03901""...",Stationery,P118786,Ministry of Defence,Karachi - Pakistan,Published,"Sep 20, 2026","Oct 05, 2026",11:00 AM,https://epms.ppra.gov.pk/public/tenders/tender-details/TS0000014195E,Goods/Supplies,2026-10-05,2026-10-05T06:27:10.880745
1191,TS0000014196E,CSO JIAP Karachi (Purchase Of Plant and Machinary),"Tender Notice for Purchase Of Plant and Machinary ""Purchase Of Plant and Machinary 2026-27""...",Mechanical/Machinery,P122875,Ministry of Defence,Karachi - Pakistan,Published,"Sep 20, 2026","Oct 05, 2026",11:00 AM,https://epms.ppra.gov.pk/public/tenders/tender-details/TS0000014196E,Goods/Supplies,2026-10-05,2026-10-05T06:27:10.880745
1192,TS0000014084E,E-AUCTION NOTICE-COLLECTION RIGHTS OF SUZUKI WAGON STAND FEE RAWALPINDI CANTONMENT BOARD,E-AUCTION NOTICE-COLLECTION RIGHTS OF SUZUKI WAGON STAND FEE RAWALPINDI CANTONMENT BOARD E-AUCTION NOTICE-COLLECTION RIGHTS OF SUZUKI...,Civil Goods,D10867,Ministry of Defence,Rawalpindi - Pakistan,Published,"Sep 20, 2026","Oct 05, 2026",02:00 PM,https://epms.ppra.gov.pk/public/tenders/tender-details/TS0000014084E,Auction/Land,2026-10-05,2026-10-05T06:27:10.880745
1193,TS0000014183E,"INTERNATIONAL TENDER FOR IMPORT OF 185,000 MT (ONE HUNDRED EIGHTY FIVE THOUSAND METRIC TONS) WHEAT, WITH +/- 10% MOLSO ON CFR IN BULK KARACHI AND/OR GWADAR BASIS, OF THE","LATEST CROP YEAR 2026 INTERNATIONAL TENDER FOR IMPORT OF 185,000 MT (ONE HUNDRED EIGHTY FIVE THOUSAND METRIC TONS) WHEAT, WITH +/- 10% MOLSO ON CFR IN BULK KARACHI AND/OR GWADAR BASIS, OF THE LATEST CROP YEAR 2026 INTERNATIONAL TENDER FOR IMPORT OF 185,000 MT...",Agricultural Products,TCP/T&R/Wheat/26-2/2026,Trading Corporation of Pakistan (TCP),Karachi - Pakistan,Published,"Sep 20, 2026","Sep 28, 2026",11:30 AM,https://epms.ppra.gov.pk/public/tenders/tender-details/TS0000014183E,Other,2026-09-28,2026-10-05T06:27:10.880745
1194,TS0000014164E,Project No. 60009-001: Upgradation of Pakistan Railways Main Line-1 (Karachi-Rohri Section) Project,Project No. 60009-001: Upgradation of Pakistan...,Services,60009-001,Pakistan Railways,Lahore - Pakistan,Published,"Sep 19, 2026","Oct 21, 2026",11:00 AM,https://epms.ppra.gov.pk/public/tenders/tender-details/TS0000014164E,Services,2026-10-21,2026-10-05T06:27:10.880745
1195,TS0000012757E,"Extension of Filling and Supply Line, BPD on Design and Build Model at National Institute of Health, Islamabad","Extension of Filling and Supply Line, BPD on...",Health/Medicines,P106243,"Ministry of National Health Services, Regulation & Coordination",Islamabad - Pakistan,PublishedCorrigendum,"Sep 19, 2026","Oct 15, 2026",11:00 AM,https://epms.ppra.gov.pk/public/tenders/tender-details/TS0000012757E,Medical/Health,2026-10-15,2026-10-05T06:27:10.880745
1196,TS0000014156E,Radiation Protection Personal Equipment,"Rs. 1,000 Demand Draft, Pay Order in the name of...",Equipments,06/2026-27,Pakistan Atomic Energy Commission (PAEC),Lahore - Pakistan,Published,"Sep 19, 2026","Oct 12, 2026",11:00 AM,https://epms.ppra.gov.pk/public/tenders/tender-details/TS0000014156E,Goods/Supplies,2026-10-12,2026-10-05T06:27:10.880745
1197,TS0000014167E,OFFICE EQUIPMENT FOR H&AI PESHAWAR ZONE,,Equipments,SLIC/H&AI/PESH/HR&ADMIN/50/2026,State Life Insurance Corporation of Pakistan,Peshawar - Pakistan,Published,"Sep 19, 2026","Oct 09, 2026",03:00 PM,https://epms.ppra.gov.pk/public/tenders/tender-details/TS0000014167E,Goods/Supplies,2026-10-09,2026-10-05T06:27:10.880745
1198,TS0000014158E,Special repair/up-gradation of Reservation Office Building,Special repair/up-gradation of Reservation Office...,Civil Works,P-118075,Pakistan Railways,Lahore - Pakistan,Published,"Sep 19, 2026","Oct 08, 2026",12:00 PM,https://epms.ppra.gov.pk/public/tenders/tender-details/TS0000014158E,Construction/Works,2026-10-08,2026-10-05T06:27:10.880745
1199,TS0000014166E,"RE-TENDER - PROCUREMENT OF LAPTOPS FOR MARCOMS DTE, NUST H-12 CAMPUS ISLAMABAD",Laptops,Equipments,P128197,Higher Education Commission (HEC),Islamabad - Pakistan,Published,"Sep 19, 2026","Oct 08, 2026",11:00 AM,https://epms.ppra.gov.pk/public/tenders/tender-details/TS0000014166E,Goods/Supplies,2026-10-08,2026-10-05T06:27:10.880745
1200,TS0000014178E,C&W Material,C&W Material,Miscellaneous,FCS/LKI/TE/035/26,Sui Northern Gas Pipelines Limited (SNGPL),Sadiqabad - Pakistan,Published,"Sep 19, 2026","Oct 08, 2026",03:00 PM,https://epms.ppra.gov.pk/public/tenders/tender-details/TS0000014178E,Goods/Supplies,2026-10-08,2026-10-05T06:27:10.880745
1201,TS0000014180E,Testing Material,Testing Material,Miscellaneous,FCS/LKI/TE/036/26,Sui Northern Gas Pipelines Limited (SNGPL),Sadiqabad - Pakistan,Published,"Sep 19, 2026","Oct 08, 2026",03:00 PM,https://epms.ppra.gov.pk/public/tenders/tender-details/TS0000014180E,Goods/Supplies,2026-10-08,2026-10-05T06:27:10.880745
1202,TS0000014181E,Lowering & Sleeving Material,Lowering & Sleeving Material,Miscellaneous,FCS/LKI/TE/037/26,Sui Northern Gas Pipelines Limited (SNGPL),Sadiqabad - Pakistan,Published,"Sep 19, 2026","Oct 08, 2026",03:00 PM,https://epms.ppra.gov.pk/public/tenders/tender-details/TS0000014181E,Goods/Supplies,2026-10-08,2026-10-05T06:27:10.880745
1203,TS0000014157E,PROCUREMENT OF DESKTOP COMPUTERS FOR HR DTE - NUST H-12 CAMPUS ISLAMABAD,Desktop Computers,Equipments,P128077,Higher Education Commission (HEC),Islamabad - Pakistan,PublishedCorrigendum,"Sep 19, 2026","Oct 07, 2026",11:00 AM,https://epms.ppra.gov.pk/public/tenders/tender-details/TS0000014157E,IT/Technology,2026-10-07,2026-10-05T06:27:10.880745
1204,TS0000014163E,Procurement of Stationery and Miscellaneous Items,,Stationery,P112375 and CORR-P112375-001,Federal Judicial Academy,Islamabad - Pakistan,Published,"Sep 19, 2026","Oct 07, 2026",10:00 AM,https://epms.ppra.gov.pk/public/tenders/tender-details/TS0000014163E,Goods/Supplies,2026-10-07,2026-10-05T06:27:10.880745
1205,TS0000014046E,"Tender Notice for uplift of Sports Facilities, at PAF Base, Rafiqui Shorkot","Tender Notice for uplift of Sports Facilities, at...",Miscellaneous,AHQ/3504/2/DGPR (AF),Ministry of Defence,islamabad - Pakistan,Published,"Sep 19, 2026","Oct 07, 2026",10:00 AM,https://epms.ppra.gov.pk/public/tenders/tender-details/TS0000014046E,Defence/Military,2026-10-07,2026-10-05T06:27:10.880745
1206,TS0000014162E,DA Gas,,Chemical Items,FCS/MDR/TE/033/26,Sui Northern Gas Pipelines Limited (SNGPL),Karak - Pakistan,Published,"Sep 19, 2026","Oct 06, 2026",03:00 PM,https://epms.ppra.gov.pk/public/tenders/tender-details/TS0000014162E,Energy/Utilities,2026-10-06,2026-10-05T06:27:10.880745
1207,TS0000014170E,"DESIGN, SUPPLY, INSTALLATION, TESTING & COMMISSIONING OF SOUND AMPLIFICATION SYSTEM, ELECTRONIC TIMING DEVICES AND DG SETS AT DIFFERENT FACILITIES OF PAKISTAN SPORTS","COMPLEX, ISLAMABAD",Electrical Items,51-377/2026-27,Pakistan Sports Board,Islamabad - Pakistan,Published,"Sep 19, 2026","Oct 06, 2026",11:00 AM,https://epms.ppra.gov.pk/public/tenders/tender-details/TS0000014170E,IT/Technology,2026-10-06,2026-10-05T06:27:10.880745
1208,TS0000014175E,Lowering Material,,Equipments,FCS/MDR/TE/034/26,Sui Northern Gas Pipelines Limited (SNGPL),Karak - Pakistan,Published,"Sep 19, 2026","Oct 06, 2026",03:00 PM,https://epms.ppra.gov.pk/public/tenders/tender-details/TS0000014175E,Goods/Supplies,2026-10-06,2026-10-05T06:27:10.880745
1209,TS0000014058E,Procurement of Upgraded and Miscellaneous Items for Manufacturing of 22x Mohafiz-V on Delivered Duty Paid (FOR) Basis,Procurement of Upgraded and Miscellaneous Items for Manufacturing of 22x Mohafiz-V on Delivered Duty Paid (FOR) Basis Procurement of Upgraded and Miscellaneous Items...,Miscellaneous,CPB/26/Ind-08/IT-365/FOR/Moh-V/Up-Misc/Com/HIT dated 14 Sep 2026,Ministry of Defence Production,Taxila - Pakistan,Published,"Sep 19, 2026","Oct 06, 2026",10:30 AM,https://epms.ppra.gov.pk/public/tenders/tender-details/TS0000014058E,Goods/Supplies,2026-10-06,2026-10-05T06:27:10.880745
1210,TS0000014155E,Supply of General Items for PSO Laboratories.,,Miscellaneous,QA-20034-IA,Pakistan State Oil (PSO),Karachi - Pakistan,Published,"Sep 19, 2026","Oct 05, 2026",02:15 PM,https://epms.ppra.gov.pk/public/tenders/tender-details/TS0000014155E,Goods/Supplies,2026-10-05,2026-10-05T06:27:10.880745
1211,TS0000014159E,"PROVIDING / INSTALLATION OF 384 KW ON-GRID SOLAR PV SYSTEM ON TURNKEY BASIS AT FEDERAL JUDICIAL ACADEMY, SECTOR H-8/4, ISLAMABAD",PROVIDING / INSTALLATION OF 384 KW ON-GRID SOLAR...,Services,P116623,Federal Judicial Academy,Islamabad - Pakistan,Published,"Sep 19, 2026","Oct 05, 2026",11:00 AM,https://epms.ppra.gov.pk/public/tenders/tender-details/TS0000014159E,IT/Technology,2026-10-05,2026-10-05T06:27:10.880745
1212,TS0000014160E,Auction of Rest House Tariq Road Peshawar Cantt,Auction of Rest House Tariq Road Peshawar Cantt Auction of Rest House Tariq Road Peshawar Cantt,Miscellaneous,57785,Ministry of Defence,Peshawar - Pakistan,Published,"Sep 19, 2026","Oct 05, 2026",09:00 AM,https://epms.ppra.gov.pk/public/tenders/tender-details/TS0000014160E,Defence/Military,2026-10-05,2026-10-05T06:27:10.880745
1213,TS0000014161E,Notice of Tender,Notice of Tender Provision of Certain Facilities,Civil Works,600-AB/18/E-6,Ministry of Defence,Islamabad - Pakistan,Published,"Sep 19, 2026","Oct 05, 2026",11:30 AM,https://epms.ppra.gov.pk/public/tenders/tender-details/TS0000014161E,Construction/Works,2026-10-05,2026-10-05T06:27:10.880745
1214,TS0000014168E,"Supply of Bottled Drinking Water at SBP Complex and SBPBSC North Nazimabad Office, Karachi","Bid Security amounting to Rs. 960,000/-, in...",Food Items,P96142,State Bank of Pakistan (SBP),Karachi - Pakistan,Published,"Sep 19, 2026","Oct 05, 2026",11:00 AM,https://epms.ppra.gov.pk/public/tenders/tender-details/TS0000014168E,Goods/Supplies,2026-10-05,2026-10-05T06:27:10.880745
1215,TS0000014169E,"MULTIPLE CIVIL CONSTRUCTION WORKS FOR ESTABLISHMENT OF FEDERAL CONSTABULARY (FC) HEADQUARTERS AT SECTOR H-11, ISLAMABAD",INVITATION FOR E-BIDS The details are attached.,Civil Works,Nespak039,Cabinet Division,Lahore - Pakistan,Published,"Sep 19, 2026","Oct 05, 2026",02:00 AM,https://epms.ppra.gov.pk/public/tenders/tender-details/TS0000014169E,Construction/Works,2026-10-05,2026-10-05T06:27:10.880745
1216,TS0000014171E,Supply of Professional Series Laptops for ITS,,Info and Comm Tech,CUI-LHR-TN-26-1937,COMSATS University Islamabad,lahore - Pakistan,Published,"Sep 19, 2026","Oct 05, 2026",11:00 AM,https://epms.ppra.gov.pk/public/tenders/tender-details/TS0000014171E,Goods/Supplies,2026-10-05,2026-10-05T06:27:10.880745
1217,TS0000014172E,"4766-49464-Providing and Laying of Tiles at IRCBM, CUI, Lahore Campus",,Civil Goods,CUI-LHR-TN-26-1938,COMSATS University Islamabad,lahore - Pakistan,Published,"Sep 19, 2026","Oct 05, 2026",11:00 AM,https://epms.ppra.gov.pk/public/tenders/tender-details/TS0000014172E,Other,2026-10-05,2026-10-05T06:27:10.880745
1218,TS0000014176E,Supply of Sulphate Resisting Cement and HTS Wire,4 Tenders Supply of Sulphate Resisting Cement & HTS...,Civil Goods,CSF/1/P/2026-27 CSF/2/P/2026-27 CSF/3/P/2026-27 CSF/4/P/2026-27,Pakistan Railways,Lahore - Pakistan,Published,"Sep 19, 2026","Oct 05, 2026",11:00 AM,https://epms.ppra.gov.pk/public/tenders/tender-details/TS0000014176E,Goods/Supplies,2026-10-05,2026-10-05T06:27:10.880745
1219,TS0000014177E,Procurement of Tyres & Batteries,,Miscellaneous,P126682/ IFB No. 08/2026-27,Higher Education Commission (HEC),Islamabad - Pakistan,Published,"Sep 19, 2026","Oct 05, 2026",10:30 AM,https://epms.ppra.gov.pk/public/tenders/tender-details/TS0000014177E,Defence/Military,2026-10-05,2026-10-05T06:27:10.880745
1220,TS0000014179E,PROVISION OF 70 PSV DRIVERS IN FDEHQ AND INSTITUTIONS UNDER FDE,,Services,P115759,Federal Directorate of Education (FDE),Islamabad - Pakistan,Published,"Sep 19, 2026","Oct 05, 2026",10:30 AM,https://epms.ppra.gov.pk/public/tenders/tender-details/TS0000014179E,Services,2026-10-05,2026-10-05T06:27:10.880745
1221,TS0000014182E,"Refilling of Fire Extinguishers at TCP's Godowns at Pipri, Landhi, Korangi (Karachi) and Multan","Refilling of Fire Extinguishers at TCP's Godowns at Pipri, Landhi, Korangi (Karachi) and Multan Refilling of Fire Extinguishers at TCP's...",Chemical Items,No. TCP/REOD/F-Ext-F/2026,Trading Corporation of Pakistan (TCP),Karachi - Pakistan,Published,"Sep 19, 2026","Oct 05, 2026",11:00 AM,https://epms.ppra.gov.pk/public/tenders/tender-details/TS0000014182E,Auction/Land,2026-10-05,2026-10-05T06:27:10.880745
1222,TS0000013999E,OPEN AUCTION,AUCTION NOTICE FOR SALE OF PROPERTIES The National Accountability Bureau (NAB)...,Miscellaneous,OPEN AUCTION,National Accountability Bureau (NAB),Islamabad - Pakistan,PublishedCorrigendum,"Sep 19, 2026","Oct 05, 2026",10:00 AM,https://epms.ppra.gov.pk/public/tenders/tender-details/TS0000013999E,Auction/Land,2026-10-05,2026-10-05T06:27:10.880745
1223,TS0000014174E,"Supply / Installation Indoor & Outdoor SMD and Interactive screens (86"")",Supply / Installation Indoor & Outdoor SMD...,Info and Comm Tech,Tender No: IBD/AU/F&IT-C/31/26,Higher Education Commission (HEC),Islamabad - Pakistan,Published,"Sep 19, 2026","Oct 04, 2026",11:00 AM,https://epms.ppra.gov.pk/public/tenders/tender-details/TS0000014174E,Goods/Supplies,2026-10-04,2026-10-05T06:27:10.880745
1224,TS0000013685E,Provn of Unit Fur Against Dft Gar HQ kharian,Provn of Unit Fur Against Dft Gar HQ kharian Provn of Unit Fur Against Dft Gar HQ kharian,Furniture/Fixture,401/CA/Unit Fur/1602/QF,Garrison Furniture Yard,Kharian - Pakistan,PublishedCorrigendum,"Sep 19, 2026","Sep 29, 2026",01:00 PM,https://epms.ppra.gov.pk/public/tenders/tender-details/TS0000013685E,Other,2026-09-29,2026-10-05T06:27:10.880745
1225,TS0000014137E,Air brake Cylinder etc Sr no. 1 to 20,Air Brake Cylinder and composite Brake shoe for...,Miscellaneous,03/0015/00-0/1-2026 (sr. no. 1 -20),Pakistan Railways,Lahore - Pakistan,Published,"Sep 18, 2026","Oct 26, 2026",10:30 AM,https://epms.ppra.gov.pk/public/tenders/tender-details/TS0000014137E,Other,2026-10-26,2026-10-05T06:27:10.880745
1226,TS0000014033E,WAPDA JHPS PRD NO.076,"RE JHPS MIANWALI SUPPLY, INSTALLATION, TESTING COMMISSIONING AND...",Miscellaneous,PRD(L)/WAPDA/076(2026-27),Water and Power Development Authority (WAPDA),Lahore - Pakistan,Published,"Sep 18, 2026","Oct 22, 2026",10:00 AM,https://epms.ppra.gov.pk/public/tenders/tender-details/TS0000014033E,Other,2026-10-22,2026-10-05T06:27:10.880745
1227,TS0000014054E,"Procurement, Supply, Installation, Testing & Commissioning of Asset Performance Management System (APMS) as per PPMC specification No. DS-01:2026 on Turnkey basis","Invitation for E-Bid Procurement, Supply, Installation, Testing &...",Electrical Items,"TENDER NO. NCB-S-APMS-01/2026-27 (Lot-I, II & III)",Ministry of Energy (Power Division),Sukkur - Pakistan,Published,"Sep 18, 2026","Oct 22, 2026",11:00 AM,https://epms.ppra.gov.pk/public/tenders/tender-details/TS0000014054E,IT/Technology,2026-10-22,2026-10-05T06:27:10.880745
1228,TS0000014053E,"PROCUREMENT OF AIR-CONDITIONERS WITH ANCILLARY SERVICES FOR IBB MIRZA TAHIR (1853) KHARIAN GUJRAT, IBR FEDC",PROCUREMENT OF AIR-CONDITIONERS WITH ANCILLARY...,Appliances,P122989,National Bank of Pakistan (NBP),Karachi - Pakistan,Published,"Sep 18, 2026","Oct 20, 2026",11:00 AM,https://epms.ppra.gov.pk/public/tenders/tender-details/TS0000014053E,Services,2026-10-20,2026-10-05T06:27:10.880745
1229,TS0000014077E,"TENDER FOR HIRING SECURITY SERVICES AT NIH, ISLAMABAD","TENDER FOR HIRING SECURITY SERVICES AT NIH,...",Services,P125728,"Ministry of National Health Services, Regulation & Coordination",Islamabad - Pakistan,Published,"Sep 18, 2026","Oct 20, 2026",11:00 AM,https://epms.ppra.gov.pk/public/tenders/tender-details/TS0000014077E,Services,2026-10-20,2026-10-05T06:27:10.880745
1230,TS0000014130E,"TENDER NOTICE FOR PROVISION OF KITCHEN AND IMPROVEMENT OF DEPUTY DG APS OFFICES AT HQPAA, JIAP KARACHI","TENDER NOTICE FOR PROVISION OF KITCHEN AND IMPROVEMENT OF DEPUTY DG APS OFFICES AT HQPAA, JIAP KARACHI TENDER NOTICE FOR PROVISION OF KITCHEN AND...",Repair/Maintenance,12564,Pakistan Airports Authority (PAA),Karachi - Pakistan,Published,"Sep 18, 2026","Oct 15, 2026",11:00 AM,https://epms.ppra.gov.pk/public/tenders/tender-details/TS0000014130E,Medical/Health,2026-10-15,2026-10-05T06:27:10.880745
1231,TS0000014151E,HIRING OF A FIRM FOR PROVISION OF TWO (02) AIR COOLED ELECTRICAL CHILLERS OF 180 TONS AT EXPO CENTRE KARACHI ON RENTAL,,Leasing,TDAP/KEC/RC/2026-27,Ministry of Commerce,Karachi - Pakistan,Published,"Sep 18, 2026","Oct 14, 2026",11:00 AM,https://epms.ppra.gov.pk/public/tenders/tender-details/TS0000014151E,Energy/Utilities,2026-10-14,2026-10-05T06:27:10.880745
1232,TS0000014080E,TENDER FOR SUPPLY OF CHEMICALS/DIAGNOSTIC KITS ETC. FOR NIH,TENDER FOR SUPPLY OF CHEMICALS/DIAGNOSTIC KITS...,Chemical Items,P100384,"Ministry of National Health Services, Regulation & Coordination",Islamabad - Pakistan,Published,"Sep 18, 2026","Oct 14, 2026",11:00 AM,https://epms.ppra.gov.pk/public/tenders/tender-details/TS0000014080E,Medical/Health,2026-10-14,2026-10-05T06:27:10.880745
1233,TS0000014087E,TENDER FOR PURCHASE OF GLASSWARE/DISPOSABLES ITEMS FOR NIH,TENDER FOR PURCHASE OF GLASSWARE/DISPOSABLES...,Equipments,P100387,"Ministry of National Health Services, Regulation & Coordination",Islamabad - Pakistan,Published,"Sep 18, 2026","Oct 14, 2026",11:00 AM,https://epms.ppra.gov.pk/public/tenders/tender-details/TS0000014087E,Medical/Health,2026-10-14,2026-10-05T06:27:10.880745
1234,TS0000013987E,Consultancy services for development of business transformation and optimization plan for Pakistan Post,,Services,P102751,Ministry of Communications,Islamabad - Pakistan,Published,"Sep 18, 2026","Oct 13, 2026",01:30 PM,https://epms.ppra.gov.pk/public/tenders/tender-details/TS0000013987E,Services,2026-10-13,2026-10-05T06:27:10.880745
1235,TS0000014120E,INVITATION TO BID FOR INSTALLATION OF RUBBER SPEED BREAKERS AT DIFFERENT LOCATIONS AT FIAP FAISALABAD,INVITATION TO BID FOR INSTALLATION OF RUBBER SPEED BREAKERS AT DIFFERENT LOCATIONS AT FIAP FAISALABAD INVITATION TO BID FOR INSTALLATION OF RUBBER...,Civil Works,12561,Pakistan Airports Authority (PAA),Karachi - Pakistan,Published,"Sep 18, 2026","Oct 13, 2026",11:00 AM,https://epms.ppra.gov.pk/public/tenders/tender-details/TS0000014120E,Construction/Works,2026-10-13,2026-10-05T06:27:10.880745
1236,TS0000014129E,INVITATION TO BID FOR REPLACEMENT OF EMERGENCY EXIT STAIR AND MISCELLANEOUS WORKS AT ATC TOWER AT FIAP FAISALABAD,INVITATION TO BID FOR REPLACEMENT OF EMERGENCY EXIT STAIR AND MISCELLANEOUS WORKS AT ATC TOWER AT FIAP FAISALABAD INVITATION TO BID FOR REPLACEMENT OF EMERGENCY...,Civil Works,12563,Pakistan Airports Authority (PAA),Karachi - Pakistan,Published,"Sep 18, 2026","Oct 12, 2026",11:00 AM,https://epms.ppra.gov.pk/public/tenders/tender-details/TS0000014129E,Construction/Works,2026-10-12,2026-10-05T06:27:10.880745
1237,TS0000014092E,PROVISION OF CERTAIN FACILITIES,,Civil Works,"6900/CC-553,554,555,446,534 CL-337 & 338/E-6",Ministry of Defence,Islamabad - Pakistan,Published,"Sep 18, 2026","Oct 12, 2026",11:30 AM,https://epms.ppra.gov.pk/public/tenders/tender-details/TS0000014092E,Construction/Works,2026-10-12,2026-10-05T06:27:10.880745
1238,TS0000014097E,Manufacturing of Composite Products,4997/IT-6503/Mfr/2026-27/FOR (GP-III)/UASF/SCM dated 17 Sep 2026 Manufacturing of Composite Products,Miscellaneous,4997/IT-6503/Mfr/2026-27/FOR (GP-III)/UASF/SCM dated 17 Sep 2026,Ministry of Defence Production,Taxila - Pakistan,Published,"Sep 18, 2026","Oct 12, 2026",10:30 AM,https://epms.ppra.gov.pk/public/tenders/tender-details/TS0000014097E,Other,2026-10-12,2026-10-05T06:27:10.880745
1239,TS0000014106E,"INVITATION TO BID FOR SLA FOR THE MAINTENANCE & SUPPORT OF WIRELESS NETWORK EQUIPMENT (RUCKUS) AT FIAP, FAISALABAD FOR THE PERIOD OF ONE (01) YEAR I.T.NO.","HQPAA/2405/066/XXIT INVITATION TO BID FOR SLA FOR THE MAINTENANCE & SUPPORT OF WIRELESS NETWORK EQUIPMENT (RUCKUS) AT FIAP, FAISALABAD FOR THE PERIOD OF ONE (01) YEAR I.T.NO. HQPAA/2405/066/XXIT INVITATION TO BID FOR SLA FOR THE MAINTENANCE...",Equipments,12560,Pakistan Airports Authority (PAA),Karachi - Pakistan,Published,"Sep 18, 2026","Oct 12, 2026",11:00 AM,https://epms.ppra.gov.pk/public/tenders/tender-details/TS0000014106E,IT/Technology,2026-10-12,2026-10-05T06:27:10.880745
1240,TS0000014131E,Provision of CIR Internet,,Services,P119242,Ministry of Foreign Affairs,Islamabad - Pakistan,Published,"Sep 18, 2026","Oct 08, 2026",11:30 AM,https://epms.ppra.gov.pk/public/tenders/tender-details/TS0000014131E,Services,2026-10-08,2026-10-05T06:27:10.880745
1241,TS0000014133E,SSGC/LP/EPADS2/PT/2186306 (Commercial & Domestic Electrical Fittings),SSGC/LP/EPADS2/PT/2186306 (Commercial & Domestic Electrical Fittings) Different Types of Commercial & Domestic...,Miscellaneous,SSGC/LP/EPADS2/PT/2186306,Ministry of Energy (Petroleum Division),Karachi - Pakistan,Published,"Sep 18, 2026","Oct 08, 2026",03:00 PM,https://epms.ppra.gov.pk/public/tenders/tender-details/TS0000014133E,Energy/Utilities,2026-10-08,2026-10-05T06:27:10.880745
1242,TS0000014135E,INVITATION TO BID FOR Procurement of 3D Printer Qty.01 for EED Workshop I/T No. HQPAA/1992/377/XXLN,INVITATION TO BID FOR Procurement of 3D Printer Qty.01 for EED Workshop I/T No. HQPAA/1992/377/XXLN INVITATION TO BID FOR Procurement of 3D Printer...,Info and Comm Tech,12565,Pakistan Airports Authority (PAA),Karachi - Pakistan,Published,"Sep 18, 2026","Oct 08, 2026",10:30 AM,https://epms.ppra.gov.pk/public/tenders/tender-details/TS0000014135E,Goods/Supplies,2026-10-08,2026-10-05T06:27:10.880745
1243,TS0000013111E,SUPPLY OF BAHL W/M SENSITIZED CHEQUE PAPER WITH BIV+FIBER REEL (FP-0023),1. The PSPC (PROCUREMENT) has reserved Funds for...,Printing,FP-0023,Pakistan Security Printing Corporaion (PSPC),Islamabad - Pakistan,PublishedCorrigendum,"Sep 18, 2026","Oct 08, 2026",11:00 AM,https://epms.ppra.gov.pk/public/tenders/tender-details/TS0000013111E,Goods/Supplies,2026-10-08,2026-10-05T06:27:10.880745
1244,TS0000014139E,"EXPRESSION OF INTEREST Selection of Host Institution for the National Hub of Excellence for Mental Health Education, Research, Training, Advocacy, Services, and Policy","Innovation EXPRESSION OF INTEREST Selection of Host Institution for the National Hub of Excellence for Mental Health Education, Research, Training, Advocacy, Services, and Policy Innovation EXPRESSION OF INTEREST Selection of Host...",Health/Medicines,Ref No: 0001/26/Proc-EOI-VIII,"Ministry of National Health Services, Regulation & Coordination",Islamabad - Pakistan,Published,"Sep 18, 2026","Oct 08, 2026",10:00 AM,https://epms.ppra.gov.pk/public/tenders/tender-details/TS0000014139E,Medical/Health,2026-10-08,2026-10-05T06:27:10.880745
1245,TS0000014143E,Construction of Pole foundation between location No. 212-213,Foundation work Construction of Pole foundation between location...,Civil Works,14/GSC (2026-27),Ministry of Energy (Power Division),Multan - Pakistan,Published,"Sep 18, 2026","Oct 08, 2026",11:00 AM,https://epms.ppra.gov.pk/public/tenders/tender-details/TS0000014143E,Construction/Works,2026-10-08,2026-10-05T06:27:10.880745
1246,TS0000014030E,SSGC/LP/EPADS2/PT/2186305 (TYRES/TUBES/FLAPPERS),"SSGC/LP/EPADS2/PT/2186305 (TYRES/TUBES/FLAPPERS) ♦ Tube for Tyre 7.00 x 16, Qty=30 Nos. ♦ Tyre...",Miscellaneous,SSGC/LP/EPADS2/PT/2186305,Ministry of Energy (Petroleum Division),Karachi - Pakistan,Published,"Sep 18, 2026","Oct 08, 2026",12:30 PM,https://epms.ppra.gov.pk/public/tenders/tender-details/TS0000014030E,Defence/Military,2026-10-08,2026-10-05T06:27:10.880745
1247,TS0000014031E,WAPDA TARBELA 4TH EXT. PRD NO.077,TARBELA 4TH EXT. HPS PROCUREMENT OF SPARES FOR T4 COLONY AT CIVIL AND...,Miscellaneous,PRD(L)/WAPDA/077(2026-27),Water and Power Development Authority (WAPDA),Lahore - Pakistan,Published,"Sep 18, 2026","Oct 08, 2026",11:00 AM,https://epms.ppra.gov.pk/public/tenders/tender-details/TS0000014031E,Other,2026-10-08,2026-10-05T06:27:10.880745
1248,TS0000014038E,SSGC/LP/EPADS2/PT/2186302 (Lapping Machine),"SSGC/LP/EPADS2/PT/2186302 (Lapping Machine) Lapping Machine, 24 Inch, Three Ring, Open Face,...",Miscellaneous,SSGC/LP/EPADS2/PT/2186302,Ministry of Energy (Petroleum Division),Karachi - Pakistan,PublishedCorrigendum,"Sep 18, 2026","Oct 08, 2026",10:30 AM,https://epms.ppra.gov.pk/public/tenders/tender-details/TS0000014038E,Other,2026-10-08,2026-10-05T06:27:10.880745
1249,TS0000014041E,"Procurement of Analytical Processing System, Digital Control System along with Printing Facility","5010/IT-6805/26-27/SCM/FOR/GP-II/SCM dated 16 September 2026 Procurement of Analytical Processing System,...",Miscellaneous,5010/IT-6805/26-27/SCM/FOR/GP-II/SCM dated 16 September 2026,Ministry of Defence Production,Taxila - Pakistan,Published,"Sep 18, 2026","Oct 08, 2026",10:30 AM,https://epms.ppra.gov.pk/public/tenders/tender-details/TS0000014041E,IT/Technology,2026-10-08,2026-10-05T06:27:10.880745
1250,TS0000014042E,Open Tender Notice No: 01/26-27,Servo Motor,Mechanical/Machinery,01/26-27,Public Sector Organization,Islamabad - Pakistan,Published,"Sep 18, 2026","Oct 08, 2026",02:00 PM,https://epms.ppra.gov.pk/public/tenders/tender-details/TS0000014042E,Other,2026-10-08,2026-10-05T06:27:10.880745
1251,TS0000013543E,T-2068 Single Structure Plat Form,Procurement of Single Structure Plat Form,Electrical Items,T-2068 Single Structure Plat Form,Ministry of Energy (Power Division),Quetta - Pakistan,PublishedCorrigendum,"Sep 18, 2026","Oct 08, 2026",11:00 AM,https://epms.ppra.gov.pk/public/tenders/tender-details/TS0000013543E,Energy/Utilities,2026-10-08,2026-10-05T06:27:10.880745
1252,TS0000014059E,"INVITATIONS FOR BIDS TO SUPPLIERS, FIRMS, SUPER STORE/ MARKETS FOR PROVISION OF DRY, FRESH, PERISHABLE, NON PERSIABLE ITEMS TO KS&EW CANTEENS.","INVITATIONS FOR BIDS TO SUPPLIERS, FIRMS, SUPER STORE/  MARKETS FOR PROVISION OF DRY, FRESH, PERISHABLE, NON PERSIABLE ITEMS  TO KS&EW CANTEENS.",Miscellaneous,"INVITATIONS FOR BIDS TO SUPPLIERS, FIRMS, SUPER STORE/ MARKETS FOR PROVISION OF DRY, FRESH, PERISHABLE, NON PERSIABLE ITEMS TO KS&EW CANTEENS.",Karachi Shipyard and Engineering Works Ltd,Karachi - Pakistan,Published,"Sep 18, 2026","Oct 08, 2026",03:00 PM,https://epms.ppra.gov.pk/public/tenders/tender-details/TS0000014059E,Other,2026-10-08,2026-10-05T06:27:10.880745
1253,TS0000014079E,provision of 6 laptop for CDA,,Miscellaneous,p121360,Ministry of Interior and Narcotics Control,Islamabad - Pakistan,Published,"Sep 18, 2026","Oct 08, 2026",11:00 AM,https://epms.ppra.gov.pk/public/tenders/tender-details/TS0000014079E,Other,2026-10-08,2026-10-05T06:27:10.880745
1254,TS0000014081E,"Framework Agreement for Services of Travel Agencies for Procurement of Air Tickets in respect of officers/officials of the Ministry of Foreign Affairs, Islamabad",Framework Agreement Framework Agreement for Services of Travel...,Services,No.1(37)-MS(III)/2023(PQ),Ministry of Foreign Affairs,Islamabad - Pakistan,PublishedCorrigendum,"Sep 18, 2026","Oct 08, 2026",03:00 PM,https://epms.ppra.gov.pk/public/tenders/tender-details/TS0000014081E,Services,2026-10-08,2026-10-05T06:27:10.880745
1255,TS0000014082E,TENDER NOTICE FOR PROVIDING AND INSTALLATION OF ILLUMINATION OF DMBS INSTALLED ON RUNWAY 35-17(R) AT BKIAP PESHAWAR,TENDER NOTICE FOR PROVIDING AND INSTALLATION OF ILLUMINATION OF DMBS INSTALLED ON RUNWAY 35-17(R) AT BKIAP PESHAWAR TENDER NOTICE FOR PROVIDING AND INSTALLATION OF...,Services,12558,Pakistan Airports Authority (PAA),Karachi - Pakistan,Published,"Sep 18, 2026","Oct 07, 2026",11:00 AM,https://epms.ppra.gov.pk/public/tenders/tender-details/TS0000014082E,Services,2026-10-07,2026-10-05T06:27:10.880745
1256,TS0000014096E,EXPRESSION OF INTEREST ENTERPRISE DIGITAL TRANSFORMATION CONSULTANCY & PROJECT MANAGEMENT OFFICE (PMO) SERVICES,EXPRESSION OF INTEREST ENTERPRISE DIGITAL TRANSFORMATION CONSULTANCY &  PROJECT MANAGEMENT OFFICE (PMO) SERVICES EXPRESSION OF INTEREST ENTERPRISE DIGITAL...,Info and Comm Tech,12559,Pakistan Airports Authority (PAA),Karachi - Pakistan,Published,"Sep 18, 2026","Oct 07, 2026",11:00 AM,https://epms.ppra.gov.pk/public/tenders/tender-details/TS0000014096E,IT/Technology,2026-10-07,2026-10-05T06:27:10.880745
1257,TS0000014100E,M.s Bar,M.S Bar,Miscellaneous,FCS/NSR/TE/036/26 M.S Bar,Sui Northern Gas Pipelines Limited (SNGPL),Charsada - Pakistan,Published,"Sep 18, 2026","Oct 07, 2026",03:00 PM,https://epms.ppra.gov.pk/public/tenders/tender-details/TS0000014100E,Other,2026-10-07,2026-10-05T06:27:10.880745
1258,TS0000014102E,Hardware Material (Store Stock),Hardware Material (Store Stock),Miscellaneous,FCS/NSR/TE/037/26 Hardware Material (Store Stock),Sui Northern Gas Pipelines Limited (SNGPL),Charsada - Pakistan,Published,"Sep 18, 2026","Oct 07, 2026",03:00 PM,https://epms.ppra.gov.pk/public/tenders/tender-details/TS0000014102E,Goods/Supplies,2026-10-07,2026-10-05T06:27:10.880745
1259,TS0000014108E,Supply of Office Furniture and Fixture Items for the Financial year 2026-27,The Senate Secretariat (Senate Secretariat) invites sealed Bids regarding Supply of Office Furniture and Fixture Items for the Financial year 2026-27 from eligible Bidders for procurement of goods described in the bidding documents on EPADS v2.0. TENDER NOTICE 1. The Senate Secretariat (Senate...,Furniture/Fixture,P115261,Senate Secretariat,Islamabad - Pakistan,Published,"Sep 18, 2026","Oct 07, 2026",11:00 AM,https://epms.ppra.gov.pk/public/tenders/tender-details/TS0000014108E,Goods/Supplies,2026-10-07,2026-10-05T06:27:10.880745
1260,TS0000014126E,INVITATION TO BID FOR REHABILITATION OF INTERNATIONAL DEPARTURE TOILET BLOCK OF TERMINAL BUILDING AT FIAP FAISALABAD,INVITATION TO BID FOR REHABILITATION OF INTERNATIONAL DEPARTURE TOILET BLOCK OF TERMINAL BUILDING AT FIAP FAISALABAD INVITATION TO BID FOR REHABILITATION OF...,Civil Works,12562,Pakistan Airports Authority (PAA),Karachi - Pakistan,Published,"Sep 18, 2026","Oct 07, 2026",11:00 AM,https://epms.ppra.gov.pk/public/tenders/tender-details/TS0000014126E,Construction/Works,2026-10-07,2026-10-05T06:27:10.880745
1261,TS0000014146E,Dewatering Material,Dewatering Material,Miscellaneous,FCS/KPAL/TE/032/26,Sui Northern Gas Pipelines Limited (SNGPL),Sadiqabad - Pakistan,Published,"Sep 18, 2026","Oct 06, 2026",03:00 PM,https://epms.ppra.gov.pk/public/tenders/tender-details/TS0000014146E,Goods/Supplies,2026-10-06,2026-10-05T06:27:10.880745
1262,TS0000014150E,ROW Material,ROW Material,Miscellaneous,FCS/LKI/TE/033/26,Sui Northern Gas Pipelines Limited (SNGPL),Sadiqabad - Pakistan,Published,"Sep 18, 2026","Oct 06, 2026",03:00 PM,https://epms.ppra.gov.pk/public/tenders/tender-details/TS0000014150E,Goods/Supplies,2026-10-06,2026-10-05T06:27:10.880745
1263,TS0000014152E,Stringing Material,Stringing Material,Miscellaneous,FCS/LKI/TE/034/26,Sui Northern Gas Pipelines Limited (SNGPL),Sadiqabad - Pakistan,Published,"Sep 18, 2026","Oct 06, 2026",03:00 PM,https://epms.ppra.gov.pk/public/tenders/tender-details/TS0000014152E,Goods/Supplies,2026-10-06,2026-10-05T06:27:10.880745
1264,TS0000014037E,"Proc of Semi Electric Pallet Stacker, Procurement of Aluminum Ladders","5010/IT-6802/26-27/SCM/FOR/GP-II/SCM dated 16 September 2026, 5081/IT-7864/26-27/SCM/FOR/GP-II/SCM Dte dated 15 Sep 2026 Proc of Semi Electric Pallet Stacker, Procurement...",Miscellaneous,"5010/IT-6802/26-27/SCM/FOR/GP-II/SCM dated 16 September 2026, 5081/IT-7864/26-27/SCM/FOR/GP-II/SCM Dte dated 15 Sep 2026",Ministry of Defence Production,Taxila - Pakistan,Published,"Sep 18, 2026","Oct 06, 2026",10:30 AM,https://epms.ppra.gov.pk/public/tenders/tender-details/TS0000014037E,Energy/Utilities,2026-10-06,2026-10-05T06:27:10.880745
1265,TS0000014040E,Procurement of Fire Extinguisher,5010/IT-6803/26-27/SCM/FOR/GP-II/SCM dated 16 September 2026 Procurement of Fire Extinguisher,Miscellaneous,5010/IT-6803/26-27/SCM/FOR/GP-II/SCM dated 16 September 2026,Ministry of Defence Production,Taxila - Pakistan,Published,"Sep 18, 2026","Oct 06, 2026",10:30 AM,https://epms.ppra.gov.pk/public/tenders/tender-details/TS0000014040E,Goods/Supplies,2026-10-06,2026-10-05T06:27:10.880745
1266,TS0000013534E,T-2064 11 KV & 33 KV Pin for Steel X Arm,Procurement of 11 KV & 33 KV Pin for Steel X...,Electrical Items,T-2064 11 KV & 33 KV Pin for Steel X Arm,Ministry of Energy (Power Division),Quetta - Pakistan,PublishedCorrigendum,"Sep 18, 2026","Oct 06, 2026",11:00 AM,https://epms.ppra.gov.pk/public/tenders/tender-details/TS0000013534E,Energy/Utilities,2026-10-06,2026-10-05T06:27:10.880745
1267,TS0000014049E,INVITATION TO BID,"FIRE RESISTANT CABLE AND MANUAL PULL STATION,...",Chemical Items,"0002,0005,0006,0009 & 0028-LP-JBH-57",Pakistan Ordnance Factories (POF),Wah Cantt - Pakistan,Published,"Sep 18, 2026","Oct 06, 2026",10:30 AM,https://epms.ppra.gov.pk/public/tenders/tender-details/TS0000014049E,Other,2026-10-06,2026-10-05T06:27:10.880745
1268,TS0000014052E,132KV SPG Poles Grounding Bolts and Templates,,Electrical Items,PMU-38/2026-27,Ministry of Energy (Power Division),Multan - Pakistan,Published,"Sep 18, 2026","Oct 06, 2026",10:00 AM,https://epms.ppra.gov.pk/public/tenders/tender-details/TS0000014052E,Energy/Utilities,2026-10-06,2026-10-05T06:27:10.880745
1269,TS0000014057E,"Bolts and Tamplates for 132KV SPA, SPD & SPG",,Electrical Items,PMU-39/2026-27,Ministry of Energy (Power Division),Multan - Pakistan,Published,"Sep 18, 2026","Oct 06, 2026",10:10 AM,https://epms.ppra.gov.pk/public/tenders/tender-details/TS0000014057E,Energy/Utilities,2026-10-06,2026-10-05T06:27:10.880745
1270,TS0000014060E,Lynx Conductor,,Electrical Items,PMu-40/2026-27,Ministry of Energy (Power Division),Multan - Pakistan,Published,"Sep 18, 2026","Oct 06, 2026",10:20 AM,https://epms.ppra.gov.pk/public/tenders/tender-details/TS0000014060E,Energy/Utilities,2026-10-06,2026-10-05T06:27:10.880745
1271,TS0000014062E,PROCUREMENT OF TELEPHONE EXCHANGE FOR BAHRIA UNIVERSITY DENTAL COLLEGE AND HOSPITAL AT KARACHI,PROCUREMENT OF TELEPHONE EXCHANGE FOR BAHRIA...,Electrical Items,P125818,Bahria University,Islamabad - Pakistan,Published,"Sep 18, 2026","Oct 06, 2026",11:00 AM,https://epms.ppra.gov.pk/public/tenders/tender-details/TS0000014062E,Medical/Health,2026-10-06,2026-10-05T06:27:10.880745
1272,TS0000014063E,Rail Conductor,,Electrical Items,PMU-41/2026-27,Ministry of Energy (Power Division),Multan - Pakistan,Published,"Sep 18, 2026","Oct 06, 2026",10:30 AM,https://epms.ppra.gov.pk/public/tenders/tender-details/TS0000014063E,Energy/Utilities,2026-10-06,2026-10-05T06:27:10.880745
1273,TS0000014069E,Meters,,Electrical Items,PMU-42/2026-27,Ministry of Energy (Power Division),Multan - Pakistan,Published,"Sep 18, 2026","Oct 06, 2026",10:40 AM,https://epms.ppra.gov.pk/public/tenders/tender-details/TS0000014069E,Energy/Utilities,2026-10-06,2026-10-05T06:27:10.880745
1274,TS0000014074E,Procurement of Giveaways for Pilgrims for Hajj 2027,Procurement of Giveaways for Pilgrims for Hajj 2027,Civil Goods,121345,Ministry of Religious Affairs & Interfaith Harmony,Islamabad - Pakistan,Published,"Sep 18, 2026","Oct 06, 2026",11:00 AM,https://epms.ppra.gov.pk/public/tenders/tender-details/TS0000014074E,Goods/Supplies,2026-10-06,2026-10-05T06:27:10.880745
1275,TS0000014076E,Tyres,Procurement of Tyres We intend to procure Tyres,Miscellaneous,FST/TE/056/26,Sui Northern Gas Pipelines Limited (SNGPL),Faisalabad - Pakistan,Published,"Sep 18, 2026","Oct 06, 2026",03:00 PM,https://epms.ppra.gov.pk/public/tenders/tender-details/TS0000014076E,Defence/Military,2026-10-06,2026-10-05T06:27:10.880745
1276,TS0000014088E,"Prequalification of Services for Invest Pak, SIFCD for FY 26-27",,Services,"04 (1) SIFC/ General/ Prequalification of Services for Invest Pak, SIFCD for FY 26-27",Prime Minister's Office,Islamabad - Pakistan,Published,"Sep 18, 2026","Oct 06, 2026",11:00 AM,https://epms.ppra.gov.pk/public/tenders/tender-details/TS0000014088E,Services,2026-10-06,2026-10-05T06:27:10.880745
1277,TS0000014093E,Stringing Material,Stringing Material,Miscellaneous,FCS/NSR/TE/034/26 Stringing Material,Sui Northern Gas Pipelines Limited (SNGPL),Charsada - Pakistan,Published,"Sep 18, 2026","Oct 06, 2026",03:00 PM,https://epms.ppra.gov.pk/public/tenders/tender-details/TS0000014093E,Goods/Supplies,2026-10-06,2026-10-05T06:27:10.880745
1278,TS0000014094E,Civil Material,Civil Material,Civil Goods,FCS/NSR/TE/035/26 Civil Material,Sui Northern Gas Pipelines Limited (SNGPL),Charsada - Pakistan,Published,"Sep 18, 2026","Oct 06, 2026",03:00 PM,https://epms.ppra.gov.pk/public/tenders/tender-details/TS0000014094E,Goods/Supplies,2026-10-06,2026-10-05T06:27:10.880745
1279,TS0000014095E,Tender No. 4443 Toner for Canon IR Advance 8595 III,,Miscellaneous,Tender No. 4443 Toner for Canon IR Advance 8595 III,Ministry of Energy (Power Division),Lahore - Pakistan,Published,"Sep 18, 2026","Oct 06, 2026",10:30 AM,https://epms.ppra.gov.pk/public/tenders/tender-details/TS0000014095E,Other,2026-10-06,2026-10-05T06:27:10.880745
1280,TS0000014116E,SUPPLY OF DRINKING WATER TO SENATE SECRETARIAT DURING FINANCIAL YEAR 2026-2027,"The Senate Secretariat (Administration Branch) invites sealed Bids from eligible Bidders for procurement of drinking water bottles (19L) described in the bidding documents on EPADS v2.0. SENATE SECRETARIAT PARLIAMENT HOUSE, ISLAMABAD...",Consumable Items,P124933,Senate Secretariat,Islamabad - Pakistan,Published,"Sep 18, 2026","Oct 06, 2026",11:00 AM,https://epms.ppra.gov.pk/public/tenders/tender-details/TS0000014116E,Goods/Supplies,2026-10-06,2026-10-05T06:27:10.880745
1281,TS0000014119E,PROVISION OF DRY CLEANING / LAUNDRY SERVICES TO SENATE SECRETARIAT FOR THE YEAR 2026-2027,The Senate Secretariat (Administration Branch) invites Bids through EPADS v2.0 from eligible Bidders registered on EPADS v2.0 for provision of Non-Consultancy Services regarding dry cleaning / laundry services to Senate Secretariat. PROCUREMENT NOTICE PROCUREMENT OF NON-CONSULTANCY...,Services,P124891,Senate Secretariat,Islamabad - Pakistan,Published,"Sep 18, 2026","Oct 06, 2026",02:00 PM,https://epms.ppra.gov.pk/public/tenders/tender-details/TS0000014119E,Services,2026-10-06,2026-10-05T06:27:10.880745
1282,TS0000014121E,Rate Running Contract for Improvement of Landscaping at different Locations of Red Zone & Directorate of Environment (East).,,Miscellaneous,P119992,Capital Development Authority,Islamabad - Pakistan,Published,"Sep 18, 2026","Oct 06, 2026",11:30 AM,https://epms.ppra.gov.pk/public/tenders/tender-details/TS0000014121E,Services,2026-10-06,2026-10-05T06:27:10.880745
1283,TS0000014132E,SLA for Office Equipment,SLA for Office Equipment SLA for Office Equipment,Services,P-69/2026,Ministry of Finance,Islamabad - Pakistan,Published,"Sep 18, 2026","Oct 05, 2026",03:00 PM,https://epms.ppra.gov.pk/public/tenders/tender-details/TS0000014132E,Services,2026-10-05,2026-10-05T06:27:10.880745
1284,TS0000014134E,Misc Hardware Material,,Miscellaneous,FCS/SOA/TE/065/26,Sui Northern Gas Pipelines Limited (SNGPL),Karak - Pakistan,Published,"Sep 18, 2026","Oct 05, 2026",03:00 PM,https://epms.ppra.gov.pk/public/tenders/tender-details/TS0000014134E,Goods/Supplies,2026-10-05,2026-10-05T06:27:10.880745
1285,TS0000014136E,Procurement of equipment filters and coolant for aviation facilities of north region,AM-20033-YP-Procurement of equipment filters and...,Mechanical/Machinery,AM-20033-YP,Pakistan State Oil (PSO),Karachi - Pakistan,PublishedCorrigendum,"Sep 18, 2026","Oct 05, 2026",02:15 PM,https://epms.ppra.gov.pk/public/tenders/tender-details/TS0000014136E,Goods/Supplies,2026-10-05,2026-10-05T06:27:10.880745
1286,TS0000014138E,"Civil Works Construction of CC Platform & Chain Link Fencing Enclosures 01 No. Tbs Assemblies at TBS # 05 Opposite Orient Board Mill Kotri, Hyderabad Region (as Per","BOQ) (Having Valid PEC Certificate Category C-6 Or above Having specialization of CE-10 Category) (Under Single Stage one Envelope Bidding Procedure) (On Complete Package Basis). Civil Works Construction of CC Platform & Chain Link Fencing Enclosures 01 No. Tbs Assemblies at TBS # 05 Opposite Orient Board Mill Kotri, Hyderabad Region (as Per BOQ) (Having Valid PEC Certificate Category C-6 Or above Having specialization of CE-10 Category) (Under Single Stage one Envelope Bidding Procedure) (On Complete Package Basis). Civil Works Construction of CC Platform &...",Services,SSGC/SC/NR/EPADS2/14303,Ministry of Energy (Petroleum Division),Karachi - Pakistan,Published,"Sep 18, 2026","Oct 05, 2026",03:30 PM,https://epms.ppra.gov.pk/public/tenders/tender-details/TS0000014138E,Construction/Works,2026-10-05,2026-10-05T06:27:10.880745
1287,TS0000014140E,"Construction / Installation of Deep Well Ground Bed At KMP 299 Kohbash , District Mach, On Transmission Pipeline Network At HQ – Quetta , (as Per BOQ)) Having Valid PEC","Certificate Category C-6 or above (Under Single Stage One Envelope Bidding Procedure)(On Complete Package Basis) Construction / Installation of Deep Well Ground Bed At KMP 299 Kohbash , District Mach, On Transmission Pipeline Network At HQ – Quetta , (as Per BOQ)) Having Valid PEC Certificate Category C-6 or above (Under Single Stage One Envelope Bidding Procedure)(On Complete Package Basis) Construction / Installation of Deep Well Ground...",Services,SSGC/SC/NR/EPADS2/14359,Ministry of Energy (Petroleum Division),Karachi - Pakistan,Published,"Sep 18, 2026","Oct 05, 2026",10:00 AM,https://epms.ppra.gov.pk/public/tenders/tender-details/TS0000014140E,Construction/Works,2026-10-05,2026-10-05T06:27:10.880745
1288,TS0000014141E,"Civil Works Construction / Installation of Deep Well Ground Bed On Tranmission Pipeline Network at Bagal CPS , Jamshoro District (as Per BOQ) (Having Valid PEC","Certificate Category C-6 or above) (Under Single Stage One Envelope Bidding Procedure)(On Complete Package Basis) Civil Works Construction / Installation of Deep Well Ground Bed On Tranmission Pipeline Network at Bagal CPS , Jamshoro District (as Per BOQ) (Having Valid PEC Certificate Category C-6 or above) (Under Single Stage One Envelope Bidding Procedure)(On Complete Package Basis) Civil Works Construction / Installation of Deep...",Services,SSGC/SC/NR/EPADS2/14380,Ministry of Energy (Petroleum Division),Karachi - Pakistan,Published,"Sep 18, 2026","Oct 05, 2026",11:00 AM,https://epms.ppra.gov.pk/public/tenders/tender-details/TS0000014141E,Construction/Works,2026-10-05,2026-10-05T06:27:10.880745
1289,TS0000014142E,SW Rope,,Equipments,FCS/SOA/TE/066/26,Sui Northern Gas Pipelines Limited (SNGPL),Karak - Pakistan,Published,"Sep 18, 2026","Oct 05, 2026",03:00 PM,https://epms.ppra.gov.pk/public/tenders/tender-details/TS0000014142E,Goods/Supplies,2026-10-05,2026-10-05T06:27:10.880745
1290,TS0000014144E,Misc upgradation works,Misc upgradation works Misc upgradation works,Civil Works,6002-1/DP/E6-CKPZFNB,Ministry of Defence,Rawalpindi - Pakistan,Published,"Sep 18, 2026","Oct 05, 2026",11:30 AM,https://epms.ppra.gov.pk/public/tenders/tender-details/TS0000014144E,Construction/Works,2026-10-05,2026-10-05T06:27:10.880745
1291,TS0000013973E,"Operators having Expertise in Managing Operations of Projects For Outsourcing Operations for Gandhara Heritage and Citizens Club to Operate, Maintain, & Transfer",(OMT),Miscellaneous,F-26091957194,Capital Development Authority,Islamabad - Pakistan,PublishedCorrigendum,"Sep 18, 2026","Oct 05, 2026",12:00 AM,https://epms.ppra.gov.pk/public/tenders/tender-details/TS0000013973E,Services,2026-10-05,2026-10-05T06:27:10.880745
1292,TS0000013984E,Repair / Maintenance Works,,Civil Works,6000-Advt/115/E-6,Ministry of Defence,Karachi - Pakistan,PublishedCorrigendum,"Sep 18, 2026","Oct 05, 2026",11:20 AM,https://epms.ppra.gov.pk/public/tenders/tender-details/TS0000013984E,Construction/Works,2026-10-05,2026-10-05T06:27:10.880745
1293,TS0000014011E,"INVITATION TO BID FOR PROCUREMENT OF PANEL FILTERS FOR PRECISION / COMPUTER ROOM AIR CONDITIONING UNITS INSTALLED AT IIAP, ISLAMABAD I.T.No. IIAP/1764-36/13/7805/ISSS","INVITATION TO BID FOR PROCUREMENT OF PANEL FILTERS FOR PRECISION / COMPUTER ROOM AIR CONDITIONING UNITS INSTALLED AT IIAP, ISLAMABAD I.T.No. IIAP/1764-36/13/7805/ISSS INVITATION TO BID FOR PROCUREMENT OF PANEL...",Miscellaneous,12556,Pakistan Airports Authority (PAA),Karachi - Pakistan,Published,"Sep 18, 2026","Oct 05, 2026",11:00 AM,https://epms.ppra.gov.pk/public/tenders/tender-details/TS0000014011E,IT/Technology,2026-10-05,2026-10-05T06:27:10.880745
1294,TS0000014045E,"Tender Notice for renting out A-1 Lands at PAF Base, Faisal Karachi",Tender Notice for renting out A-1 Lands at PAF...,Miscellaneous,AHQ/3504/2/DGPR (AF),Ministry of Defence,islamabad - Pakistan,Published,"Sep 18, 2026","Oct 05, 2026",10:10 AM,https://epms.ppra.gov.pk/public/tenders/tender-details/TS0000014045E,Defence/Military,2026-10-05,2026-10-05T06:27:10.880745
1295,TS0000014048E,Fresh Water Contract,Services,Miscellaneous,630HQ102FPBDE/03,Pakistan Navy,Karachi - Pakistan,Published,"Sep 18, 2026","Oct 05, 2026",01:00 PM,https://epms.ppra.gov.pk/public/tenders/tender-details/TS0000014048E,Services,2026-10-05,2026-10-05T06:27:10.880745
1296,TS0000014050E,Fresh Water Contract,Services,Miscellaneous,630/QASIM/03,Pakistan Navy,Karachi - Pakistan,Published,"Sep 18, 2026","Oct 05, 2026",01:00 PM,https://epms.ppra.gov.pk/public/tenders/tender-details/TS0000014050E,Services,2026-10-05,2026-10-05T06:27:10.880745
1297,TS0000014051E,"Procurement of Gear Oil, Lubrication HHS-5000 & Harmonic Grease",,Mechanical/Machinery,T-4236/26-NB,Pakistan Security Printing Corporaion (PSPC),Islamabad - Pakistan,Published,"Sep 18, 2026","Oct 05, 2026",11:00 AM,https://epms.ppra.gov.pk/public/tenders/tender-details/TS0000014051E,Goods/Supplies,2026-10-05,2026-10-05T06:27:10.880745
1298,TS0000014055E,Supply & Installation of Walkthrough Gates for BQA,Four Walkthrough Gates are required for the...,Equipments,PID K.926/26,National Heritage & Culture Division,Karachi - Pakistan,Published,"Sep 18, 2026","Oct 05, 2026",11:00 AM,https://epms.ppra.gov.pk/public/tenders/tender-details/TS0000014055E,Goods/Supplies,2026-10-05,2026-10-05T06:27:10.880745
1299,TS0000014056E,Paint to the Boundary Wall of Bagh-e-Quaid-i-Azam,Paint is required for the Boundary Wall of...,Civil Works,PID K.926/26,National Heritage & Culture Division,Karachi - Pakistan,Published,"Sep 18, 2026","Oct 05, 2026",11:00 AM,https://epms.ppra.gov.pk/public/tenders/tender-details/TS0000014056E,Construction/Works,2026-10-05,2026-10-05T06:27:10.880745
1300,TS0000014061E,Purchase of Furniture for Area Managers Karachi Central Zone,Purchase of Furniture for Area Managers Karachi Central Zone Purchase of Furniture for Area Managers Karachi...,Furniture/Fixture,HR&A/KCZ/FURNITURE ITEMS/001/2026/P126034,Ministry of Commerce,Karachi - Pakistan,Published,"Sep 18, 2026","Oct 05, 2026",11:00 AM,https://epms.ppra.gov.pk/public/tenders/tender-details/TS0000014061E,Goods/Supplies,2026-10-05,2026-10-05T06:27:10.880745
1301,TS0000014064E,Tender for Other Store Items ( Cleanliness & Electricity),,Miscellaneous,N0.F.1-2/2026-27 (IMCG)/,Ministry of Federal Education and Professional Training,Islamabad - Pakistan,Published,"Sep 18, 2026","Oct 05, 2026",11:00 AM,https://epms.ppra.gov.pk/public/tenders/tender-details/TS0000014064E,Energy/Utilities,2026-10-05,2026-10-05T06:27:10.880745
1302,TS0000014070E,"""FRAMEWORK CONTRACT FOR REPAIR MAINTENANCE OF PARKS IN ISLAMABAD",,Civil Works,P56507,Ministry of Interior and Narcotics Control,Islamabad - Pakistan,Published,"Sep 18, 2026","Oct 05, 2026",11:30 AM,https://epms.ppra.gov.pk/public/tenders/tender-details/TS0000014070E,Construction/Works,2026-10-05,2026-10-05T06:27:10.880745
1303,TS0000014073E,Hiring of Security & Guarding Services,CPPA-G intends to engage a professionally managed...,Services,P125110,Ministry of Energy (Power Division),Islamabad - Pakistan,Published,"Sep 18, 2026","Oct 05, 2026",11:00 AM,https://epms.ppra.gov.pk/public/tenders/tender-details/TS0000014073E,Services,2026-10-05,2026-10-05T06:27:10.880745
1304,TS0000014075E,Appointment / Prequalification of Advertising Agencies 2026-2028,Appointment / Prequalification of Advertising Agencies 2026-2028 Appointment / Prequalification of Advertising...,Services,FFW9910,Ministry of Finance,Karachi - Pakistan,Published,"Sep 18, 2026","Oct 05, 2026",11:00 AM,https://epms.ppra.gov.pk/public/tenders/tender-details/TS0000014075E,Services,2026-10-05,2026-10-05T06:27:10.880745
1305,TS0000014078E,"Renovation, Refurbishment and Allied Civil Works",The Public Procurement Regulatory Authority...,Civil Works,P122626,Public Procurement Regulatory Authority (PPRA),Islamabad - Pakistan,Published,"Sep 18, 2026","Oct 05, 2026",11:00 AM,https://epms.ppra.gov.pk/public/tenders/tender-details/TS0000014078E,Construction/Works,2026-10-05,2026-10-05T06:27:10.880745
1306,TS0000014083E,Staff Uniform,Supply of Staff Uniform Supply of Staff Uniform,Clothing/Uniform,P125278,Ministry of Federal Education and Professional Training,Multan - Pakistan,Published,"Sep 18, 2026","Oct 05, 2026",10:00 AM,https://epms.ppra.gov.pk/public/tenders/tender-details/TS0000014083E,Other,2026-10-05,2026-10-05T06:27:10.880745
1307,TS0000014086E,Procurement of Office Furniture,,Furniture/Fixture,P88273,Ministry of Energy (Power Division),Islamabad - Pakistan,Published,"Sep 18, 2026","Oct 05, 2026",11:00 AM,https://epms.ppra.gov.pk/public/tenders/tender-details/TS0000014086E,Goods/Supplies,2026-10-05,2026-10-05T06:27:10.880745
1308,TS0000014089E,"REPAIR AND MAINTENANCE OF OFFICIAL VEHICLES & MOTORCYCLES UNDER RULE 16-A OF THE PUBLIC PROCUREMENT RULES, 2004","The National Assembly Secretariat, Islamabad,...",Vehicles,1(4)/2026-27-Pre-Qualification/T.Cell,National Assembly of Pakistan,Islamabad - Pakistan,Published,"Sep 18, 2026","Oct 05, 2026",02:30 PM,https://epms.ppra.gov.pk/public/tenders/tender-details/TS0000014089E,Services,2026-10-05,2026-10-05T06:27:10.880745
1309,TS0000014090E,Hardware Material (Direc Charge),Hardware Material (Direc Charge),Miscellaneous,FCS/NSR/TE/032/26 Hardware Material (Direct Charge),Sui Northern Gas Pipelines Limited (SNGPL),Charsada - Pakistan,Published,"Sep 18, 2026","Oct 05, 2026",03:59 PM,https://epms.ppra.gov.pk/public/tenders/tender-details/TS0000014090E,Goods/Supplies,2026-10-05,2026-10-05T06:27:10.880745
1310,TS0000014091E,Coat & Wrap Material,Coat & Wrap Material,Miscellaneous,FCS/NSR/TE/033/26 Coat & Wrap Material,Sui Northern Gas Pipelines Limited (SNGPL),Charsada - Pakistan,Published,"Sep 18, 2026","Oct 05, 2026",03:00 PM,https://epms.ppra.gov.pk/public/tenders/tender-details/TS0000014091E,Goods/Supplies,2026-10-05,2026-10-05T06:27:10.880745
1311,TS0000014101E,Procurement of Cable Tie & PVC Cables,,Electrical Items,T-4237/26-NB,Pakistan Security Printing Corporaion (PSPC),Islamabad - Pakistan,Published,"Sep 18, 2026","Oct 05, 2026",11:00 AM,https://epms.ppra.gov.pk/public/tenders/tender-details/TS0000014101E,Energy/Utilities,2026-10-05,2026-10-05T06:27:10.880745
1312,TS0000014104E,Hiring of 4×4 Vehicles for Field Activities/Surveys in the Cholistan Desert,Hiring of 4×4 Vehicles for Field Activities/Surveys in the Cholistan Desert Hiring of 4×4 Vehicles for Field...,Consumable Items,PCRWR:7-10/Admn,Ministry of Water Resources,Islamabad - Pakistan,Published,"Sep 18, 2026","Oct 05, 2026",10:00 AM,https://epms.ppra.gov.pk/public/tenders/tender-details/TS0000014104E,Other,2026-10-05,2026-10-05T06:27:10.880745
1313,TS0000014105E,"""Procurement of Furniture items TD- 377""","""Procurement of Furniture items TD- 377"" ""Procurement of Furniture items TD- 377""",Furniture/Fixture,"""Procurement of Furniture items TD- 377""",Higher Education Commission (HEC),Islamabad - Pakistan,Published,"Sep 18, 2026","Oct 05, 2026",11:00 AM,https://epms.ppra.gov.pk/public/tenders/tender-details/TS0000014105E,Goods/Supplies,2026-10-05,2026-10-05T06:27:10.880745
1314,TS0000014107E,Notice of Tender,Notice of Tender advertised on Newspaper Dawn...,Miscellaneous,DW&CE/6503-Advt-Ibd/05/E-6,Ministry of Defence,Rawalpindi - Pakistan,Published,"Sep 18, 2026","Oct 05, 2026",11:30 AM,https://epms.ppra.gov.pk/public/tenders/tender-details/TS0000014107E,Other,2026-10-05,2026-10-05T06:27:10.880745
1315,TS0000013853E,PROCUREMENT OF MISC SPARES AND GOODS,NORMAL TENDER Tender bulletin of Misc spares / goods of items...,Miscellaneous,CLP/IT/1196,Ministry of Defence,Karachi. - Pakistan,Published,"Sep 18, 2026","Oct 05, 2026",10:00 AM,https://epms.ppra.gov.pk/public/tenders/tender-details/TS0000013853E,Goods/Supplies,2026-10-05,2026-10-05T06:27:10.880745
1316,TS0000014109E,Tender for Procurement of IT Support Services,Tender for Procurement of IT Support Services INVITAITON FOR BIDS REF. NO....,Miscellaneous,HQPCAA/ADMIN/2026/019,Ministry of Defence,Islamabad - Pakistan,Published,"Sep 18, 2026","Oct 05, 2026",11:00 AM,https://epms.ppra.gov.pk/public/tenders/tender-details/TS0000014109E,IT/Technology,2026-10-05,2026-10-05T06:27:10.880745
1317,TS0000014110E,TENDER FOR PROCUREMENT/PRINTING OF STATIONERY ITEMS FOR PNSC (WITH GST) AND FOR PNSC TANKERS (0%GST),for detail please visit https://www.pnsc.com.pk/tenders The Pakistan National Shipping Corporation (PNSC)...,Printing,P117235,Pakistan National Shipping Corporation (PNSC),Karachi - Pakistan,Published,"Sep 18, 2026","Oct 05, 2026",11:00 AM,https://epms.ppra.gov.pk/public/tenders/tender-details/TS0000014110E,Defence/Military,2026-10-05,2026-10-05T06:27:10.880745
1318,TS0000014111E,Provision of 100 Laboratory Associates for Deployment in Schools and Colleges of Federal Directorate of Education Islamabad,,Services,F.1-64/2026/labassociates/FDE,Federal Directorate of Education (FDE),Islamabad - Pakistan,Published,"Sep 18, 2026","Oct 05, 2026",02:00 PM,https://epms.ppra.gov.pk/public/tenders/tender-details/TS0000014111E,Services,2026-10-05,2026-10-05T06:27:10.880745
1319,TS0000014112E,Shifting Re-installation of Three Existing Security Check Posts Outside the Boundary Wall Along the Nullah Side,"REQUEST FOR BIDS PROCUREMENT OF CIVIL WORKS 1. The Comsats University, Islamabad (Islamabad Campus) (Comsats University, Islamabad) has reserved Funds for the procurement planned for FY 2026-27. The Comsats University, Islamabad (Islamabad Campus) (Comsats University, Islamabad) intends to apply part of the proceeds of this Fund to cover eligible payments under the contract for the ""TN # 759 (EFS # 42524 ShiftingRe-installation of Three Existing Security Check Posts Outside the Boundary Wall Along the Nullah Side."" with the reference of ""P109729"". 2. The Comsats University, Islamabad (Islamabad Campus) (Comsats University, Islamabad) invites sealed Bids from eligible Bidders for procurement of Works (TN # 759 (EFS # 42524 ShiftingRe-installation of Three Existing Security Check Posts Outside the Boundary Wall Along the Nullah Side.) described in the bidding documents on EPADS v2.0. 3. Single Stage-Two Envelope will be used by adopting Least Cost Based Selection (LCBS) Technique for the subject procurement, in line with the Public Procurement Rules, 2004 and any Regulations, Regulatory Guides, Procurement Guidelines or Instructions issued by the Authority from time to time. 4. All Bids must be accompanied by a Bid Security amount described in Bid Security Section in Bidding Document in the form of  Bid Security Not Applicable. Or all bids must be accompanied by bid securing declaration in the format specified in the Bidding documents 5. E-Bidding documents, containing detailed terms & conditions, specifications and requirements etc. are available on e-Pak Acquisition and Disposal System  (EPADS)  at https://epads.gov.pk/opportunities/federal/procurements/109729 for all the interested bidders registered on EPADS v2.0. Bidders are required to get themselves registered on EPADS v2.0 to participate in Bidding process. Page 1 of 90 e-Pak Acquisition and Disposal System (EPADS) generated document   © 2026 6. The e-bids, prepared in accordance with the instructions in the e-Bidding documents, must be submitted through EPADS v2.0 on or before Monday, October 5, 2026 11:00 AM. E-bids will be opened by using EPADS v2.0 on the same day at Monday, October 5, 2026 11:30 AM. Manual submission of Bids shall not be entertained. Those vendor who have not yet registered on the new version of EPADS v2.0, may register themselves on https://vendors.epads.gov.pk/. A tutorial to explain the registeration process is available at https://www.youtube.com/watch?v=MNW6T38v7tc. In terms of Rules 48 of Public Procurement Rules, 2004 Grievance Redressal Committee (GRC) is notified for the subject procurement and notification copy is available on the procuring agency’s website and on Authority’s website at ( www.ppra.org.pk). Comsats University, Islamabad (Islamabad Campus) (Comsats University, Islamabad), Assistant Program Officer Procurement Office, 2nd Floor, Faculty Block-2, Comsats University Islamabad, Park Road., Islamabad Capital Territory +92-336-552-4334 habibullah@comsats.edu.pk REQUEST FOR BIDS PROCUREMENT OF CIVIL WORKS 1....",Civil Works,TN # 759 (EFS # 42524 Shifting Re-installation of Three Existing Security Check Posts Outside the Boundary Wall Along the Nullah Side,COMSATS University Islamabad,Islamabad - Pakistan,Published,"Sep 18, 2026","Oct 05, 2026",11:00 AM,https://epms.ppra.gov.pk/public/tenders/tender-details/TS0000014112E,Construction/Works,2026-10-05,2026-10-05T06:27:10.880745
1320,TS0000014113E,Tender Notice for Carriage Loading & Transportation of Rock Salt from Makrach Mine No. 51 to PMDC Makrach Weighbridge Bhelowal Depot and M/s. LCI Khewra at PMDC Salt,Mines Makrach Tender Notice for Carriage Loading & Transportation of Rock Salt from Makrach Mine No. 51 to PMDC Makrach Weighbridge Bhelowal Depot and M/s. LCI Khewra at PMDC Salt Mines Makrach Tender Notice for Carriage Loading &...,Mining,Ref.No.PMDC/Pro/MK,Pakistan Mineral Development Corporation (PMDC),Islamabad - Pakistan,Published,"Sep 18, 2026","Oct 05, 2026",11:00 AM,https://epms.ppra.gov.pk/public/tenders/tender-details/TS0000014113E,Other,2026-10-05,2026-10-05T06:27:10.880745
1321,TS0000014117E,"TENDER FOR PROCUREMENT OF TOILETRIES ITEMS FOR PNSC HEAD OFFICE / NTC HOUSE / BEACH HUTS FOR SIX (06) MONTHS,",for detail please visit https://www.pnsc.com.pk/tenders The Pakistan National Shipping Corporation (PNSC)...,Miscellaneous,P114457,Pakistan National Shipping Corporation (PNSC),Karachi - Pakistan,Published,"Sep 18, 2026","Oct 05, 2026",03:00 PM,https://epms.ppra.gov.pk/public/tenders/tender-details/TS0000014117E,Goods/Supplies,2026-10-05,2026-10-05T06:27:10.880745
1322,TS0000014118E,PROCUREMENT OF CONSULTING SERVICES FOR VALIDATION OF FINANCIAL MODEL FOR KARACHI INDUSTRIAL PARK FEDERAL SPECIAL ECONOMIC ZONE,,Services,P127309,"Ministry of Planning, Development & Special Initiatives",Islamabad - Pakistan,Published,"Sep 18, 2026","Oct 05, 2026",12:00 PM,https://epms.ppra.gov.pk/public/tenders/tender-details/TS0000014118E,Services,2026-10-05,2026-10-05T06:27:10.880745
1323,TS0000014123E,"PRE-QUALIFICATION OF VENDOR / FIRMS FOR THE REPAIR AND MAINTENANCE OF MACHINERY & EQUIPMENT, FURNITURE AND FIXTURE, HARDWARE, REPAIR & MAINTENANCE OF BUILDING AND","STRUCTURE, OTHER MISC AND IT EQUIPMENTS PRE-QUALIFICATION OF VENDOR / FIRMS FOR THE REPAIR AND MAINTENANCE OF MACHINERY & EQUIPMENT, FURNITURE AND FIXTURE, HARDWARE, REPAIR & MAINTENANCE OF BUILDING AND STRUCTURE, OTHER MISC AND IT EQUIPMENTS PRE-QUALIFICATION OF VENDOR / FIRMS FOR THE...",Repair/Maintenance,P124120,Ministry of Inter Provincial Coordination (IPC Division),Islamabad - Pakistan,Published,"Sep 18, 2026","Oct 05, 2026",10:30 AM,https://epms.ppra.gov.pk/public/tenders/tender-details/TS0000014123E,Construction/Works,2026-10-05,2026-10-05T06:27:10.880745
1324,TS0000014125E,Local Purchase of Miscellaneous Items,,Miscellaneous,587/Sigs/Trg/9,Pakistan Army,Gujranwala - Pakistan,Published,"Sep 18, 2026","Oct 05, 2026",09:30 AM,https://epms.ppra.gov.pk/public/tenders/tender-details/TS0000014125E,Goods/Supplies,2026-10-05,2026-10-05T06:27:10.880745
1325,TS0000014148EPost PQ Tender,Expression of interest (EOI) for Appointment of Statutory (External) Auditors,,Services,NPPMCL-ADMIN-2026/27-01,Ministry of Energy (Power Division),Lahore - Pakistan,Published,"Sep 18, 2026","Oct 03, 2026",11:30 AM,https://epms.ppra.gov.pk/public/tenders/tender-details/TS0000014148EPost PQ Tender,Services,2026-10-03,2026-10-05T06:27:10.880745
1326,TS0000014153E,Repair of Transformers & Shifting of Meters outside Domestic Premises,,Electrical Items,MM-25 & MM-26,Ministry of Energy (Power Division),Islamabad - Pakistan,Published,"Sep 18, 2026","Oct 03, 2026",10:00 AM,https://epms.ppra.gov.pk/public/tenders/tender-details/TS0000014153E,Energy/Utilities,2026-10-03,2026-10-05T06:27:10.880745
1327,TS0000014154E,"Supply, Installation of APMS on Balance Transformers Devices",,Electrical Items,MM-27/2026-27,Ministry of Energy (Power Division),Islamabad - Pakistan,Published,"Sep 18, 2026","Oct 03, 2026",10:00 AM,https://epms.ppra.gov.pk/public/tenders/tender-details/TS0000014154E,Energy/Utilities,2026-10-03,2026-10-05T06:27:10.880745
1328,TS0000013914E,TENDER NOTICE#PSH/01/2026,Supply and Installation of 1.5 Ton DC Inverters...,Miscellaneous,P123094,State Life Insurance Corporation of Pakistan,Peshawar - Pakistan,Published,"Sep 18, 2026","Oct 03, 2026",11:00 AM,https://epms.ppra.gov.pk/public/tenders/tender-details/TS0000013914E,Other,2026-10-03,2026-10-05T06:27:10.880745
1329,TS0000013964E,COLLECTION OF TOLL TAX ON KALABAGH RAIL-CUM-ROAD BRIDGE NO. 03 ON MARI INDUS - BANNU SECTION,Tender Department: Divisional Superintendent P. R....,Services,No.62-W/10/Octroi/Bridge/Kalabagh,Pakistan Railways,Peshawar - Pakistan,Published,"Sep 18, 2026","Oct 03, 2026",11:00 PM,https://epms.ppra.gov.pk/public/tenders/tender-details/TS0000013964E,Services,2026-10-03,2026-10-05T06:27:10.880745
1330,TS0000014035E,Publication of Tender Notice FY 26-27,"Maintainance/Upgrads of different Training facilities etc Construction, renovation, repair, maintenance,...",Repair/Maintenance,01/230/15/General Staff,Ministry of Defence,Bahawalpur - Pakistan,Published,"Sep 18, 2026","Oct 03, 2026",11:30 AM,https://epms.ppra.gov.pk/public/tenders/tender-details/TS0000014035E,Services,2026-10-03,2026-10-05T06:27:10.880745
1331,TS0000014039E,RIGID ENDOSCOPES & HD CAMERA SYSTEM COMPATIBLE,PIMS,Equipments,06/2026-2027/PIMS,Pakistan Institute of Medical Sciences,Islamabad - Pakistan,Published,"Sep 18, 2026","Oct 03, 2026",11:00 AM,https://epms.ppra.gov.pk/public/tenders/tender-details/TS0000014039E,IT/Technology,2026-10-03,2026-10-05T06:27:10.880745
1332,TS0000014047E,Military Engineering Services,,Civil Works,112,Military Engineering Services (Army),Quetta - Pakistan,Published,"Sep 18, 2026","Oct 03, 2026",11:30 AM,https://epms.ppra.gov.pk/public/tenders/tender-details/TS0000014047E,Construction/Works,2026-10-03,2026-10-05T06:27:10.880745
1333,TS0000014067E,Open Tender No. 21/2026,Purchase of Fully Automated Semen Analyzer on Reagent Rental basis Purchase of Fully Automated Semen Analyzer on...,Miscellaneous,Open Tender No. 21/2026,Pakistan Atomic Energy Commission (PAEC),Faisalabad - Pakistan,Published,"Sep 18, 2026","Oct 03, 2026",12:29 PM,https://epms.ppra.gov.pk/public/tenders/tender-details/TS0000014067E,Other,2026-10-03,2026-10-05T06:27:10.880745
1334,TS0000014071E,CALIBRATION OF SAFE AIR TESTER F-6000 AIR PURITY TEST KIT,CALIBRATION OF SAFE AIR TESTER F-6000 AIR PURITY TEST KIT CALIBRATION OF SAFE AIR TESTER F-6000 AIR PURITY...,Electrical Items,2609-04,Ministry of Defence,Karachi - Pakistan,Published,"Sep 18, 2026","Oct 03, 2026",10:00 AM,https://epms.ppra.gov.pk/public/tenders/tender-details/TS0000014071E,Medical/Health,2026-10-03,2026-10-05T06:27:10.880745
1335,TS0000014085E,"Electrical, Equipment","39/2027 Purchase of substation spares, insulation...",Equipments,39/2026-27,Public Sector Organization,Islamabad - Pakistan,Published,"Sep 18, 2026","Oct 03, 2026",10:20 AM,https://epms.ppra.gov.pk/public/tenders/tender-details/TS0000014085E,Energy/Utilities,2026-10-03,2026-10-05T06:27:10.880745
1336,TS0000014098E,Repair / Maint Works,,Repair/Maintenance,6000/Advt/03/E-6,Ministry of Defence,Kamra - Pakistan,Published,"Sep 18, 2026","Oct 03, 2026",11:00 AM,https://epms.ppra.gov.pk/public/tenders/tender-details/TS0000014098E,Services,2026-10-03,2026-10-05T06:27:10.880745
1337,TS0000014122E,Construction of Car Parking Shed at Khan Khwar Power House WAPDA Besham,Construction of Parking Shed at Khan Khwar Hydel...,Civil Works,P117571,Ministry of Energy (Power Division),Besham - Pakistan,Published,"Sep 18, 2026","Oct 03, 2026",11:00 AM,https://epms.ppra.gov.pk/public/tenders/tender-details/TS0000014122E,Construction/Works,2026-10-03,2026-10-05T06:27:10.880745
1338,TS0000014124E,DISPOSAL OF VEHICLES THROUGH E-BIDS,,Vehicles,TENDER NO. 85 FOR DISPOSAL OF VEHICLES THROUGH E-BIDS,Islamabad Electric Supply Company (IESCO),Islamabad - Pakistan,Published,"Sep 18, 2026","Oct 03, 2026",10:30 AM,https://epms.ppra.gov.pk/public/tenders/tender-details/TS0000014124E,Other,2026-10-03,2026-10-05T06:27:10.880745
1339,TS0000014127E,Purchase of Furniture,REQUEST FOR BIDS PROCUREMENT OF GOODS 1. The...,Furniture/Fixture,P126388,Ministry of Interior and Narcotics Control,Multan - Pakistan,Published,"Sep 18, 2026","Oct 03, 2026",11:00 AM,https://epms.ppra.gov.pk/public/tenders/tender-details/TS0000014127E,Goods/Supplies,2026-10-03,2026-10-05T06:27:10.880745
1340,TS0000014128E,Notice of Tender,Notice of Tender,Miscellaneous,6002-ADvt-Fsl-62/E-6,Ministry of Defence,Rawalpindi - Pakistan,Published,"Sep 18, 2026","Oct 03, 2026",11:30 AM,https://epms.ppra.gov.pk/public/tenders/tender-details/TS0000014128E,Other,2026-10-03,2026-10-05T06:27:10.880745
1341,TS0000013121E,Hiring of Private Security Staff from a well reputed security firm for the security/safety of CPGCL Guddu,Hiring of Private Security Staff from a well...,Services,CEO/CPGCL/MMM/DM(S)/T-1425 (P112657),Ministry of Energy (Power Division),Kashmore - Pakistan,PublishedCorrigendum,"Sep 18, 2026","Sep 28, 2026",02:00 PM,https://epms.ppra.gov.pk/public/tenders/tender-details/TS0000013121E,Services,2026-09-28,2026-10-05T06:27:10.880745
1342,TS0000013450E,OP-19865-YPR - Supply of Grounding Module at Faisalabad Terminal,OP-19865-YPR - Supply of Grounding Module at...,Electrical Items,OP-19865-YPR,Pakistan State Oil (PSO),Karachi - Pakistan,PublishedCorrigendum,"Sep 18, 2026","Sep 28, 2026",02:15 PM,https://epms.ppra.gov.pk/public/tenders/tender-details/TS0000013450E,Energy/Utilities,2026-09-28,2026-10-05T06:27:10.880745
1343,TS0000012193E,Punjab Mass Transit Authority Property Damage/MBD & Terrorism Reinsurance 2026,,Services,138 (PRCL-RETRO-PMTA)/2026,Ministry of Commerce,Karachi - Pakistan,PublishedCorrigendum,"Sep 18, 2026","Sep 25, 2026",11:00 AM,https://epms.ppra.gov.pk/public/tenders/tender-details/TS0000012193E,Services,2026-09-25,2026-10-05T06:27:10.880745
1344,TS0000013990E,Purchase of Lands / Plots for NADRA Office,Tender No: 06/2026-27/KHI Purchase of Lands / Plots,Services,06/2026-27/KHI,Ministry of Interior and Narcotics Control,Karachi - Pakistan,Published,"Sep 17, 2026","Nov 02, 2026",12:00 PM,https://epms.ppra.gov.pk/public/tenders/tender-details/TS0000013990E,Services,2026-11-02,2026-10-05T06:27:10.880745
1345,TS0000014020E,HIRING OF RE-TAKAFUL SERVICES FOR SLIC- WINDOW TAKAFUL OPERATIONS HOME BUSINESS,HIRING OF RE-TAKAFUL SERVICES FOR SLIC- WINDOW TAKAFUL OPERATIONS HOME BUSINESS HIRING OF RE-TAKAFUL SERVICES FOR SLIC- WINDOW...,Services,PO/CPD/UND/42/2026,State Life Insurance Corporation of Pakistan,Karachi - Pakistan,Published,"Sep 17, 2026","Oct 22, 2026",11:00 AM,https://epms.ppra.gov.pk/public/tenders/tender-details/TS0000014020E,Services,2026-10-22,2026-10-05T06:27:10.880745
1346,TS0000014021E,HIRING OF REINSURANCE SERVICES FOR SLIC GULF BUSINESS,HIRING OF REINSURANCE SERVICES FOR SLIC GULF BUSINESS HIRING OF REINSURANCE SERVICES FOR SLIC GULF...,Services,PO/CPD/UND/41/2026,State Life Insurance Corporation of Pakistan,Karachi - Pakistan,Published,"Sep 17, 2026","Oct 22, 2026",11:00 AM,https://epms.ppra.gov.pk/public/tenders/tender-details/TS0000014021E,Services,2026-10-22,2026-10-05T06:27:10.880745
1347,TS0000014022E,HIRING OF REINSURANCE SERVICES FOR SLIC HOME BUSINESS(CONVENTIONAL),HIRING OF REINSURANCE SERVICES FOR SLIC HOME BUSINESS(CONVENTIONAL) HIRING OF REINSURANCE SERVICES FOR SLIC HOME...,Services,PO/CPD/UND/40/2026,State Life Insurance Corporation of Pakistan,Karachi - Pakistan,Published,"Sep 17, 2026","Oct 22, 2026",11:00 AM,https://epms.ppra.gov.pk/public/tenders/tender-details/TS0000014022E,Services,2026-10-22,2026-10-05T06:27:10.880745
1348,TS0000013958E,INVITATION TO BID,CHEMICAL ITEMS A.R MATERIALS & D.N.T,Chemical Items,0003 & 0007-FP-JBH-57,Pakistan Ordnance Factories (POF),Wah Cantt - Pakistan,Published,"Sep 17, 2026","Oct 20, 2026",10:30 AM,https://epms.ppra.gov.pk/public/tenders/tender-details/TS0000013958E,Other,2026-10-20,2026-10-05T06:27:10.880745
1349,TS0000014023E,TENDER NOTICE OF CARRIAGE FACTORY,Pakistan Railways Carriage Factory Islamabad...,Mechanical/Machinery,3CF-Adv-0003-EPADS-EC-Isld (Press R.O-Websites) 2026-27,Pakistan Railways,Lahore - Pakistan,Published,"Sep 17, 2026","Oct 19, 2026",12:00 PM,https://epms.ppra.gov.pk/public/tenders/tender-details/TS0000014023E,Other,2026-10-19,2026-10-05T06:27:10.880745
1350,TS0000013959E,REPAIRING / REFURBISHMENT / SERVICING OF 08 X ELECTRIC WELDING MACHINES FOR SR MBU-II,REPAIRING / REFURBISHMENT / SERVICING OF 08 X ELECTRIC WELDING MACHINES FOR SR MBU-II,Miscellaneous,SRD/2026/145,Karachi Shipyard and Engineering Works Ltd,Karachi - Pakistan,Published,"Sep 17, 2026","Oct 16, 2026",11:00 AM,https://epms.ppra.gov.pk/public/tenders/tender-details/TS0000013959E,Energy/Utilities,2026-10-16,2026-10-05T06:27:10.880745
1351,TS0000013848E,Security Guards,,Services,HR&ADMIN/LAR/01/2026,State Life Insurance Corporation of Pakistan,Larkana - Pakistan,PublishedCorrigendum,"Sep 17, 2026","Oct 15, 2026",12:30 PM,https://epms.ppra.gov.pk/public/tenders/tender-details/TS0000013848E,Services,2026-10-15,2026-10-05T06:27:10.880745
1352,TS0000014000E,PROVISION OF CERTAIN FACILITIES,,Civil Works,"4000/CK,CC,CL&ISLD/LHR/E-4",Ministry of Defence,Islamabad - Pakistan,Published,"Sep 17, 2026","Oct 12, 2026",11:30 AM,https://epms.ppra.gov.pk/public/tenders/tender-details/TS0000014000E,Construction/Works,2026-10-12,2026-10-05T06:27:10.880745
1353,TS0000014002E,"Procurement of All Types of Tyre, Tube & Flaps","Procurement of All Types of Tyre, Tube & Flaps as per Format attached as Annex ""A"" to ""D"" with tender documents. Supply of all types of Tyre, Tube & Flap as...",Miscellaneous,80101-EME/PC/TTF,Frontier Works Organization (FWO),Rawalpindi - Pakistan,Published,"Sep 17, 2026","Oct 12, 2026",11:00 AM,https://epms.ppra.gov.pk/public/tenders/tender-details/TS0000014002E,Goods/Supplies,2026-10-12,2026-10-05T06:27:10.880745
1354,TS0000013971E,"SUPPLY,INSTALLATION, CONFIGURATION OF AI SERVER MACHINES FOR ISLAMABAD DATACENTER",,Equipments,SLIC/H&AI/RO/ISB/RPD/TEN/IT/EQP/01/2026,State Life Insurance Corporation of Pakistan,Islamabad - Pakistan,Published,"Sep 17, 2026","Oct 09, 2026",11:00 AM,https://epms.ppra.gov.pk/public/tenders/tender-details/TS0000013971E,IT/Technology,2026-10-09,2026-10-05T06:27:10.880745
1355,TS0000013943E,"PROCUREMENT / COMMISSIONING OF C-ARM IMAGING SYSTEM, NURO / ORTHO SURGERY",PROCUREMENT / COMMISSIONING OF C-ARM IMAGING...,Miscellaneous,2690052/R-2609/310114,Directorate of Procurement (Navy),Islamabad - Pakistan,Published,"Sep 17, 2026","Oct 08, 2026",10:30 AM,https://epms.ppra.gov.pk/public/tenders/tender-details/TS0000013943E,IT/Technology,2026-10-08,2026-10-05T06:27:10.880745
1356,TS0000013961E,"LPR-14995,LPR-15031,LPR-15079,LPR-15137,LPR-15263,LPR-15441,LPR-15514 & LPR-15546","LPR-14995,LPR-15031,LPR-15079,LPR-15137,LPR-15263,LPR-15441,LPR-15514 & LPR-15546",Miscellaneous,"LPR-14995,LPR-15031,LPR-15079,LPR-15137,LPR-15263,LPR-15441,LPR-15514 & LPR-15546",Karachi Shipyard and Engineering Works Ltd,Karachi - Pakistan,Published,"Sep 17, 2026","Oct 08, 2026",10:45 AM,https://epms.ppra.gov.pk/public/tenders/tender-details/TS0000013961E,Other,2026-10-08,2026-10-05T06:27:10.880745
1357,TS0000014025E,Construction of 19 Nos Leased Out Shops,Category: Construction Of 19 Nos Leased Out Shops...,Civil Works,18-WA/19-Shops/MEF//2025-26,Pakistan Railways,Lahore - Pakistan,Published,"Sep 17, 2026","Oct 08, 2026",12:00 PM,https://epms.ppra.gov.pk/public/tenders/tender-details/TS0000014025E,Construction/Works,2026-10-08,2026-10-05T06:27:10.880745
1358,TS0000013949E,Invitation for Prequalification for Open Framework Agreement for Repair and Maintenance of Official Transport of AGPR,To Prequalify competent and experienced firms/workshops for repair and maintenance of AGPR’s official fleet of vehicles The procurement aims to pre-qualify competent and...,Repair/Maintenance,FFW9949,Controller General of Accounts,Islamabad - Pakistan,Published,"Sep 17, 2026","Oct 07, 2026",11:00 AM,https://epms.ppra.gov.pk/public/tenders/tender-details/TS0000013949E,Services,2026-10-07,2026-10-05T06:27:10.880745
1359,TS0000013966E,Antistatic Tracket Linoleum Sheet,,Miscellaneous,03-LP-Antistatic Linoleum Sheet-WIL-SGAF-2026-27 dated01-9-2026,Wah Industries Limited,Wah Cantt - Pakistan,Published,"Sep 17, 2026","Oct 07, 2026",11:30 AM,https://epms.ppra.gov.pk/public/tenders/tender-details/TS0000013966E,Other,2026-10-07,2026-10-05T06:27:10.880745
1360,TS0000013992E,TENDER FOR CONST. OF 2X3 DUCT LINE WITH MANHOLES FROM SARI NAGAR HIGHWAY TO I&T CENTER (PART-IV) UNDER DEPOSIT HEAD TO BE EXECUTED UNDER THE JURISDICTION OF CONST.,DIVISION IESCO ISLAMABAD (T. No.30/2026-27) TENDER FOR CONST. OF 2X3 DUCT LINE WITH MANHOLES...,Civil Works,30/2026-27,Islamabad Electric Supply Company (IESCO),Islamabad - Pakistan,Published,"Sep 17, 2026","Oct 07, 2026",09:30 AM,https://epms.ppra.gov.pk/public/tenders/tender-details/TS0000013992E,Construction/Works,2026-10-07,2026-10-05T06:27:10.880745
1361,TS0000013993E,TENDER FOR CONST. OF 2X3 DUCT LINE WITH MANHOLES FROM G-8/4 TO JEHLUM ROAD G-8/1 (PART-V) UNDER DEPOSIT HEAD TO BE EXECUTED UNDER THE JURISDICTION OF CONST. DIVISION,IESCO ISLAMABAD (T. No.31/2026-27) TENDER FOR CONST. OF 2X3 DUCT LINE WITH MANHOLES...,Civil Works,31/2026-27,Islamabad Electric Supply Company (IESCO),Islamabad - Pakistan,Published,"Sep 17, 2026","Oct 07, 2026",09:30 AM,https://epms.ppra.gov.pk/public/tenders/tender-details/TS0000013993E,Construction/Works,2026-10-07,2026-10-05T06:27:10.880745
1362,TS0000013994E,TENDER FOR CONST. OF 2X3 DUCT LINE WITH MANHOLES FROM G-8/1 TO JAMIA MASJID G-8 MARKAZ (PART-VI) UNDER DEPOSIT HEAD TO BE EXECUTED UNDER THE JURISDICTION OF CONST.,DIVISION IESCO ISLAMABAD (T. No. 32/2026-27) TENDER FOR CONST. OF 2X3 DUCT LINE WITH MANHOLES...,Civil Works,32/2026-27,Islamabad Electric Supply Company (IESCO),Islamabad - Pakistan,Published,"Sep 17, 2026","Oct 07, 2026",09:30 AM,https://epms.ppra.gov.pk/public/tenders/tender-details/TS0000013994E,Construction/Works,2026-10-07,2026-10-05T06:27:10.880745
1363,TS0000013995E,TENDER FOR CONST. OF 2X3 DUCT LINE WITH MANHOLES FROM G-8 MARKAZ TO CANCER HOSPITAL (PART- VII) UNDER DEPOSIT HEAD TO BE EXECUTED UNDER THE JURISDICTION OF CONST.,DIVISION IESCO ISLAMABAD (T. No. 33/2026-27),Civil Works,33/2026-27,Islamabad Electric Supply Company (IESCO),Islamabad - Pakistan,Published,"Sep 17, 2026","Oct 07, 2026",09:30 AM,https://epms.ppra.gov.pk/public/tenders/tender-details/TS0000013995E,Construction/Works,2026-10-07,2026-10-05T06:27:10.880745
1364,TS0000014008E,TENDER NOTICE FOR IMPROVEMENT AND UPGRADATION OF AESTHETIC ILLUMINATION ON LANDSIDE ACCESS ROADS AT QIAP,TENDER NOTICE FOR IMPROVEMENT AND UPGRADATION OF AESTHETIC ILLUMINATION ON LANDSIDE ACCESS ROADS AT QIAP TENDER NOTICE FOR IMPROVEMENT AND UPGRADATION OF...,Civil Works,12555,Pakistan Airports Authority (PAA),Karachi - Pakistan,Published,"Sep 17, 2026","Oct 07, 2026",11:30 AM,https://epms.ppra.gov.pk/public/tenders/tender-details/TS0000014008E,Construction/Works,2026-10-07,2026-10-05T06:27:10.880745
1365,TS0000014018E,Hiring of Customs Clearing Agent Services,Hiring of Customs Clearing Agent Services Hiring of Customs Clearing Agent Services,Services,FFW9721/2026-27,National Disaster Management Authority(NDMA),Islamabad - Pakistan,Published,"Sep 17, 2026","Oct 07, 2026",11:00 AM,https://epms.ppra.gov.pk/public/tenders/tender-details/TS0000014018E,Services,2026-10-07,2026-10-05T06:27:10.880745
1366,TS0000013530E,Open Auction,Open Auction for unserviceable and dismental material / machinery Open Auction for unserviceable and dismental...,Miscellaneous,CDA/E&DM/Fire Admin,Ministry of Interior and Narcotics Control,Islamabad - Pakistan,Published,"Sep 17, 2026","Oct 07, 2026",10:30 AM,https://epms.ppra.gov.pk/public/tenders/tender-details/TS0000013530E,Auction/Land,2026-10-07,2026-10-05T06:27:10.880745
1367,TS0000013942E,Repair /Renovation/Replacement works,Maintenance works at miscellenous locations Repair /Renovation/Replacement works at E8...,Civil Works,6000/PPRA-GE-N-ISLD/06/E6,Ministry of Defence,Islamabad - Pakistan,Published,"Sep 17, 2026","Oct 06, 2026",11:30 AM,https://epms.ppra.gov.pk/public/tenders/tender-details/TS0000013942E,Construction/Works,2026-10-06,2026-10-05T06:27:10.880745
1368,TS0000013948E,Repair/Maint Works,Repair/Maint Works Repair/Maint Works at CMES (A) Psc AOR,Civil Works,1,Military Engineering Services (Army),Peshawar - Pakistan,Published,"Sep 17, 2026","Oct 06, 2026",11:30 AM,https://epms.ppra.gov.pk/public/tenders/tender-details/TS0000013948E,Construction/Works,2026-10-06,2026-10-05T06:27:10.880745
1369,TS0000013951E,"RE-HABILITATION, RECTIFICATION, TESTING COMMISSIONING AND OPERATIONALIZATION AND ANNUAL O & M OF ENTIRE FIRE ALARM AND FIRE FIGHTING SYSTEMS AT SUPREME COURT BUILDING","ISLAMABAD RE-HABILITATION, RECTIFICATION, TESTING COMMISSIONING AND OPERATIONALIZATION AND ANNUAL O & M OF ENTIRE FIRE ALARM AND FIRE FIGHTING SYSTEMS AT SUPREME COURT BUILDING ISLAMABAD RE-HABILITATION, RECTIFICATION, TESTING...",Repair/Maintenance,Tender No. SCP/05/2026-27/PIDPCell,Supreme Court of Pakistan,Islamabad - Pakistan,Published,"Sep 17, 2026","Oct 06, 2026",11:00 AM,https://epms.ppra.gov.pk/public/tenders/tender-details/TS0000013951E,Construction/Works,2026-10-06,2026-10-05T06:27:10.880745
1370,TS0000013963E,Replacement/ Upgradation of Seiscomp-Pro Software or Equivalent for National Seismic Processing and Decision-Support Environment,Invitation to Bid For details please download the bidding document,Services,I&P/Seismic/Seiscomp/26-27,Pakistan Meteorological Department,Islamabad - Pakistan,Published,"Sep 17, 2026","Oct 06, 2026",10:30 AM,https://epms.ppra.gov.pk/public/tenders/tender-details/TS0000013963E,IT/Technology,2026-10-06,2026-10-05T06:27:10.880745
1371,TS0000013967E,"SUPPLY, INSTALLATION, Testing & COMMISSIONING OF DIESEL GENERATORS","SUPPLY, INSTALLATION, Testing & COMMISSIONING OF DIESEL GENERATORS",Miscellaneous,P122752,Islamabad Club,Islamabad - Pakistan,Published,"Sep 17, 2026","Oct 06, 2026",11:00 AM,https://epms.ppra.gov.pk/public/tenders/tender-details/TS0000013967E,Goods/Supplies,2026-10-06,2026-10-05T06:27:10.880745
1372,TS0000013974E,"SUPPLY, INSTALLATION AND CONFIGURATION OF KIOSK MACHINES FOR H&AI DATACENTER",,Equipments,SLIC/H&AI/RO/ISB/RPD/TEN/IT/EQP/02/2026,State Life Insurance Corporation of Pakistan,Islamabad - Pakistan,Published,"Sep 17, 2026","Oct 06, 2026",11:00 AM,https://epms.ppra.gov.pk/public/tenders/tender-details/TS0000013974E,Goods/Supplies,2026-10-06,2026-10-05T06:27:10.880745
1373,TS0000013975E,"Purchase of Stationary, Computer Stationary, Miscellaneous & IT Equipments","Purchase of Stationary, Computer Stationary,...",Civil Goods,P82915,Ministry of Maritime Affairs,Islamabad - Pakistan,Published,"Sep 17, 2026","Oct 06, 2026",10:30 AM,https://epms.ppra.gov.pk/public/tenders/tender-details/TS0000013975E,IT/Technology,2026-10-06,2026-10-05T06:27:10.880745
1374,TS0000013982E,RIFB for special Maintenance works for Contract No(SM-NA-2024-25-N-35-10 to HWS-NA-2024-25-E-35-01) in Abbottabad,,Civil Works,Abbottabad,Ministry of Communications,Islamabad - Pakistan,Published,"Sep 17, 2026","Oct 06, 2026",11:30 AM,https://epms.ppra.gov.pk/public/tenders/tender-details/TS0000013982E,Construction/Works,2026-10-06,2026-10-05T06:27:10.880745
1375,TS0000013747E,"Supply of office stationery, toners and other miscellaneous items, etc. during the financial year 2026-27","Supply of office stationery, toners and other miscellaneous items, etc. during the financial year 2026-27 Supply of office stationery, toners and other...",Stationery,No.F1(1)2026-27,President's Secretariat (Public),Islamabad - Pakistan,PublishedCorrigendum,"Sep 17, 2026","Oct 06, 2026",11:00 AM,https://epms.ppra.gov.pk/public/tenders/tender-details/TS0000013747E,Goods/Supplies,2026-10-06,2026-10-05T06:27:10.880745
1376,TS0000014012E,Lot wise tender lot no 83 to 92,,Civil Works,Tender notice 8,Islamabad Electric Supply Company (IESCO),Islamabad - Pakistan,Published,"Sep 17, 2026","Oct 06, 2026",11:00 AM,https://epms.ppra.gov.pk/public/tenders/tender-details/TS0000014012E,Construction/Works,2026-10-06,2026-10-05T06:27:10.880745
1377,TS0000014014E,TENDER NOTICE FOR MISCELLANEOUS ROAD WORKS AT PAA WALTON COLONY LAHORE,TENDER NOTICE FOR MISCELLANEOUS ROAD WORKS AT PAA WALTON COLONY LAHORE TENDER NOTICE FOR MISCELLANEOUS ROAD WORKS AT PAA...,Civil Works,12557,Pakistan Airports Authority (PAA),Karachi - Pakistan,Published,"Sep 17, 2026","Oct 06, 2026",11:00 AM,https://epms.ppra.gov.pk/public/tenders/tender-details/TS0000014014E,Construction/Works,2026-10-06,2026-10-05T06:27:10.880745
1378,TS0000014016E,Pre-qualification of Freight Forwarders,Pre-qualification of Freight Forwarders Pre-qualification of Freight Forwarders,Services,FFW9733/2026-27,National Disaster Management Authority(NDMA),Islamabad - Pakistan,Published,"Sep 17, 2026","Oct 06, 2026",11:00 AM,https://epms.ppra.gov.pk/public/tenders/tender-details/TS0000014016E,Services,2026-10-06,2026-10-05T06:27:10.880745
1379,TS0000014029E,Tender Notice No. 19/2026,Following items are required,Miscellaneous,19/2026,Pakistan Atomic Energy Commission (PAEC),Islamabad - Pakistan,Published,"Sep 17, 2026","Oct 06, 2026",12:30 PM,https://epms.ppra.gov.pk/public/tenders/tender-details/TS0000014029E,Other,2026-10-06,2026-10-05T06:27:10.880745
1380,TS0000013676E,Quotation Wokrs 2026-27,"AIWAN-E-IQBAL COMPLEX, LAHORE QUOTATION WORKS FOR...",Miscellaneous,P123931,Ministry of Information and Broadcasting,Lahore - Pakistan,PublishedCorrigendum,"Sep 17, 2026","Oct 05, 2026",11:00 AM,https://epms.ppra.gov.pk/public/tenders/tender-details/TS0000013676E,Other,2026-10-05,2026-10-05T06:27:10.880745
1381,TS0000013947E,Procurement of Laptops,Procurement of Laptops GOVERNMENT OF PAKISTAN MINISTRY OF INTERIOR &...,Equipments,NADRA-HQ-RFB-113/2026,National Database and Registration Authority (NADRA),Islamabad - Pakistan,Published,"Sep 17, 2026","Oct 05, 2026",11:00 AM,https://epms.ppra.gov.pk/public/tenders/tender-details/TS0000013947E,Goods/Supplies,2026-10-05,2026-10-05T06:27:10.880745
1382,TS0000013952E,"Purchase of Civil, Plumbing, Carpentry, Painting & Masonry Items","Purchase of  Civil,  Plumbing,  Carpentry, Painting & Masonry  Items A Public Sector Hospital invites sealed tenders...",Miscellaneous,38/2026,Pakistan Atomic Energy Commission (PAEC),Islamabad - Pakistan,Published,"Sep 17, 2026","Oct 05, 2026",10:00 AM,https://epms.ppra.gov.pk/public/tenders/tender-details/TS0000013952E,Goods/Supplies,2026-10-05,2026-10-05T06:27:10.880745
1383,TS0000013953E,Procurement of Chemicals for Lab Use at CUI Sahiwal Campus,,Chemical Items,Tender No. CUI/SWL/Procurement/FY 26 27/58/242,COMSATS University Islamabad,Islamabad - Pakistan,Published,"Sep 17, 2026","Oct 05, 2026",11:30 AM,https://epms.ppra.gov.pk/public/tenders/tender-details/TS0000013953E,Goods/Supplies,2026-10-05,2026-10-05T06:27:10.880745
1384,TS0000013960E,Capital Items Procurement 2026,Capital Items Procurement in Year 2026,Appliances,Capital Items Procurement 2026,Ministry of Commerce,Sialkot - Pakistan,Published,"Sep 17, 2026","Oct 05, 2026",11:00 AM,https://epms.ppra.gov.pk/public/tenders/tender-details/TS0000013960E,Goods/Supplies,2026-10-05,2026-10-05T06:27:10.880745
1385,TS0000013965E,Multiple Tenders for Procurement of Goods & Services,,Miscellaneous,PD/IDP/PP/34619/26,Pakistan Petroleum Limited (PPL),Karachi - Pakistan,Published,"Sep 17, 2026","Oct 05, 2026",03:00 PM,https://epms.ppra.gov.pk/public/tenders/tender-details/TS0000013965E,Services,2026-10-05,2026-10-05T06:27:10.880745
1386,TS0000013970E,TENDER NOTICE,Preventive Maintenance of Domestic OFC - Naran to Babusar Top Sec (500 Mtr) Tenders are required from vendors/ contractors...,Repair/Maintenance,503/Q,Special Communications Organization,Rawalpindi - Pakistan,Published,"Sep 17, 2026","Oct 05, 2026",11:30 AM,https://epms.ppra.gov.pk/public/tenders/tender-details/TS0000013970E,Services,2026-10-05,2026-10-05T06:27:10.880745
1387,TS0000013979E,IT No. 19 FY 2026-27,,Miscellaneous,19 FY 2026-27,301 Central Base Spares Depot EME,Rawalpindi - Pakistan,Published,"Sep 17, 2026","Oct 05, 2026",11:30 AM,https://epms.ppra.gov.pk/public/tenders/tender-details/TS0000013979E,Other,2026-10-05,2026-10-05T06:27:10.880745
1388,TS0000013985E,TENDER FOR CONST. OF 2X3 DUCT LINE WITH MANHOLES FROM 9TH AVENUE TO STREET 28 (PART- I) UNDER DEPOSIT HEAD TO BE EXECUTED UNDER THE JURISDICTION OF CONST. DIVISION IESCO,ISLAMABAD (T. No. 27/2026-27) TENDER FOR CONST. OF 2X3 DUCT LINE WITH MANHOLES...,Civil Works,27/2026-27,Islamabad Electric Supply Company (IESCO),Islamabad - Pakistan,Published,"Sep 17, 2026","Oct 05, 2026",09:30 AM,https://epms.ppra.gov.pk/public/tenders/tender-details/TS0000013985E,Construction/Works,2026-10-05,2026-10-05T06:27:10.880745
1389,TS0000013991E,TENDER FOR CONST. OF 2X3 DUCT LINE WITH MANHOLES FROM G-8/3 TO PIMS CANCER HOSPITAL (PART- III) UNDER DEPOSIT HEAD TO BE EXECUTED UNDER THE JURISDICTION OF CONST.,DIVISION IESCO ISLAMABAD (T. No. 29/2026-27) TENDER FOR CONST. OF 2X3 DUCT LINE WITH MANHOLES...,Civil Works,29/2026-27,Islamabad Electric Supply Company (IESCO),Islamabad - Pakistan,Published,"Sep 17, 2026","Oct 05, 2026",09:30 AM,https://epms.ppra.gov.pk/public/tenders/tender-details/TS0000013991E,Construction/Works,2026-10-05,2026-10-05T06:27:10.880745
1390,TS0000013996E,PSR/TE/011/2026 (Tubeless Tyres),Tubeless Tyres Different size Tubeless Tyres for Vehicles,Miscellaneous,PSR/TE/011/2026,Sui Northern Gas Pipelines Limited (SNGPL),Peshawar - Pakistan,Published,"Sep 17, 2026","Oct 05, 2026",03:00 PM,https://epms.ppra.gov.pk/public/tenders/tender-details/TS0000013996E,Defence/Military,2026-10-05,2026-10-05T06:27:10.880745
1391,TS0000013998E,Civil works at HPT Rawalpindi and HPT Complex Rawat,,Civil Works,P125026,Pakistan Broadcasting Corporation,Islamabad - Pakistan,Published,"Sep 17, 2026","Oct 05, 2026",11:00 AM,https://epms.ppra.gov.pk/public/tenders/tender-details/TS0000013998E,Construction/Works,2026-10-05,2026-10-05T06:27:10.880745
1392,TS0000014006E,MAINTENANCE / REPAIRS TO KPT FLAT NO. EK-108 NEAR FOOT BALL GROUNT KEAMARI.,MAINTENANCE / REPAIRS TO KPT FLAT NO. EK-108 NEAR FOOT BALL  GROUNT KEAMARI. MAINTENANCE / REPAIRS TO KPT FLAT NO. EK-108 NEAR...,Repair/Maintenance,P-122353 E/CS-2(05)/,Ministry of Maritime Affairs,Karachi - Pakistan,Published,"Sep 17, 2026","Oct 05, 2026",10:30 AM,https://epms.ppra.gov.pk/public/tenders/tender-details/TS0000014006E,Services,2026-10-05,2026-10-05T06:27:10.880745
1393,TS0000014007E,REPAIRS / MAINTENANCE OF KPT FLAT NO. GK-90 AT KV-05 BUILDING CHINA CREEK KEAMARI.,REPAIRS / MAINTENANCE OF KPT FLAT NO. GK-90 AT KV-05 BUILDING CHINA CREEK KEAMARI. REPAIRS / MAINTENANCE OF KPT FLAT NO. GK-90 AT...,Repair/Maintenance,P-123196 E/CS-2(200),Ministry of Maritime Affairs,Karachi - Pakistan,Published,"Sep 17, 2026","Oct 05, 2026",10:30 AM,https://epms.ppra.gov.pk/public/tenders/tender-details/TS0000014007E,Construction/Works,2026-10-05,2026-10-05T06:27:10.880745
1394,TS0000014013E,Procurement of Miscellaneous Goods,,Miscellaneous,P101827,Ministry of Federal Education and Professional Training,Islamabad - Pakistan,Published,"Sep 17, 2026","Oct 05, 2026",10:00 AM,https://epms.ppra.gov.pk/public/tenders/tender-details/TS0000014013E,Goods/Supplies,2026-10-05,2026-10-05T06:27:10.880745
1395,TS0000014015E,Procurement of De-Watering Pumps,Procurement of De-Watering Pumps Procurement of De-Watering Pumps,Mechanical/Machinery,P97543/2026-27,National Disaster Management Authority(NDMA),Islamabad - Pakistan,Published,"Sep 17, 2026","Oct 05, 2026",11:00 AM,https://epms.ppra.gov.pk/public/tenders/tender-details/TS0000014015E,Goods/Supplies,2026-10-05,2026-10-05T06:27:10.880745
1396,TS0000010170E,Request for Proposal,"Provision of Services for Design, Deployment, Operations, and Maintenance of Sovereign National AI Infrastructure under the National AI Innovation Hub (NAIIH) PROCUREMENT NOTICE PROCUREMENT OF NON-CONSULTANCY...",Services,P57167,Ministry of IT and Telecom,Islamabad - Pakistan,PublishedCorrigendum,"Sep 17, 2026","Oct 05, 2026",03:00 PM,https://epms.ppra.gov.pk/public/tenders/tender-details/TS0000010170E,Services,2026-10-05,2026-10-05T06:27:10.880745
1397,TS0000014026E,Invitation for Prequalification – Transportation of Goods,,Services,FFW9793,Ministry of Finance,Islamabad - Pakistan,Published,"Sep 17, 2026","Oct 05, 2026",04:00 PM,https://epms.ppra.gov.pk/public/tenders/tender-details/TS0000014026E,Services,2026-10-05,2026-10-05T06:27:10.880745
1398,TS0000014027E,Prequalification For Repair of Furniture & Fixture,,Services,FFW9796,Ministry of Finance,Islamabad - Pakistan,Published,"Sep 17, 2026","Oct 05, 2026",04:00 PM,https://epms.ppra.gov.pk/public/tenders/tender-details/TS0000014027E,Services,2026-10-05,2026-10-05T06:27:10.880745
1399,TS0000014009E,"Supply of Dry Sand for CSF/Sukkur, Supply of Crushed Stone Aggregate for CSF/Khanewal and Supply of M.S Anchorage Plate for CSF/Sukkur","03 Tenders Supply of Dry Sand, Crushed Stone Aggregate &...",Civil Goods,CSF/5/P/2026-27 W-1/CSF/Agg:/KWL/2026-27 W-2/CSF/Sand/SUK/2026-27,Pakistan Railways,Lahore - Pakistan,Published,"Sep 17, 2026","Oct 03, 2026",11:00 AM,https://epms.ppra.gov.pk/public/tenders/tender-details/TS0000014009E,Goods/Supplies,2026-10-03,2026-10-05T06:27:10.880745
1400,TS0000012080E,Purchase of Stationary Items,,Consumable Items,NAB(Sk)/AD/(Admn),National Accountability Bureau (NAB),Sukkur - Pakistan,Published,"Sep 17, 2026","Oct 02, 2026",11:00 AM,https://epms.ppra.gov.pk/public/tenders/tender-details/TS0000012080E,Goods/Supplies,2026-10-02,2026-10-05T06:27:10.880745
1401,TS0000013944E,Notice of Tender,,Miscellaneous,6035-Advt/15/E-6,Ministry of Defence,Rawalpindi - Pakistan,Published,"Sep 17, 2026","Oct 02, 2026",11:30 AM,https://epms.ppra.gov.pk/public/tenders/tender-details/TS0000013944E,Other,2026-10-02,2026-10-05T06:27:10.880745
1402,TS0000013945E,Upgradation of Firefighting System at Lahore Aviation,Upgradation of Firefighting System at Lahore...,Mechanical/Machinery,CF-20025-SR,Pakistan State Oil (PSO),Karachi - Pakistan,Published,"Sep 17, 2026","Oct 02, 2026",02:15 PM,https://epms.ppra.gov.pk/public/tenders/tender-details/TS0000013945E,IT/Technology,2026-10-02,2026-10-05T06:27:10.880745
1403,TS0000013954E,Renovation of Old Office Block At Chitral Depot,- Renovation of Old Office Block At Chitral Depot....,Appliances,OP-19968-AM,Pakistan State Oil (PSO),Karachi - Pakistan,Published,"Sep 17, 2026","Oct 02, 2026",02:15 PM,https://epms.ppra.gov.pk/public/tenders/tender-details/TS0000013954E,Construction/Works,2026-10-02,2026-10-05T06:27:10.880745
1404,TS0000013955E,Fabrication of Car and Bike Parking Shed at Faisalabad Depot,- Fabrication of Car and Bike Parking Shed at...,Appliances,OP-20018-AM,Pakistan State Oil (PSO),Karachi - Pakistan,Published,"Sep 17, 2026","Oct 02, 2026",02:15 PM,https://epms.ppra.gov.pk/public/tenders/tender-details/TS0000013955E,Other,2026-10-02,2026-10-05T06:27:10.880745
1405,TS0000013956E,"Supply, installation, testing & commissioning of Scully Module card and level probe at JIMCO mehmoodkot","- Supply, installation, testing & commissioning...",Appliances,OP-200015-SR,Pakistan State Oil (PSO),Karachi - Pakistan,Published,"Sep 17, 2026","Oct 02, 2026",02:15 PM,https://epms.ppra.gov.pk/public/tenders/tender-details/TS0000013956E,Goods/Supplies,2026-10-02,2026-10-05T06:27:10.880745
1406,TS0000013962E,Purchase of Digital Duplicator Machine (Note: Tender will be opened on 28.09.2026 instead of 02-10-26),Purchase of Digital Duplicator Machine (Note: Tender will be opened on 28.09.2026 instead of 02-10-26) Purchase of Digital Duplicator Machine (Note:...,Miscellaneous,36/2026,Pakistan Atomic Energy Commission (PAEC),Islamabad - Pakistan,Published,"Sep 17, 2026","Oct 02, 2026",10:00 AM,https://epms.ppra.gov.pk/public/tenders/tender-details/TS0000013962E,IT/Technology,2026-10-02,2026-10-05T06:27:10.880745
1407,TS0000013968E,Procurement of VPS Hosting (NICL/Procurement/2026/36),,Services,(NICL/Procurement/2026/36),National Insurance Company Limited (NICL),Karachi - Pakistan,Published,"Sep 17, 2026","Oct 02, 2026",10:00 AM,https://epms.ppra.gov.pk/public/tenders/tender-details/TS0000013968E,Services,2026-10-02,2026-10-05T06:27:10.880745
1408,TS0000013969E,Allocation of Funds for Special ATG FY 2026/2027,Headquarter 325 Brigade Okara Cantt intends to...,Miscellaneous,HQ 325 Bde Okara Cantt 440/ /Accts/01,Ministry of Defence,Okara - Pakistan,Published,"Sep 17, 2026","Oct 02, 2026",11:30 AM,https://epms.ppra.gov.pk/public/tenders/tender-details/TS0000013969E,Other,2026-10-02,2026-10-05T06:27:10.880745
1409,TS0000013976E,​supply installation and configuration of virtualization architecture (end to end solution),,Equipments,SLIC/H&AI/RO/ISB/RPD/TEN/IT/EQ/03/2026,State Life Insurance Corporation of Pakistan,Islamabad - Pakistan,Published,"Sep 17, 2026","Oct 02, 2026",11:00 AM,https://epms.ppra.gov.pk/public/tenders/tender-details/TS0000013976E,Goods/Supplies,2026-10-02,2026-10-05T06:27:10.880745
1410,TS0000013978EPost PQ Tender,PRE-QUALIFICATION OF REPAIR & MAINTENANCE FOR Machinery & Equipment,,Repair/Maintenance,Tender no.02 2026/27,Federal Board of Revenue (FBR),Islamabad - Pakistan,Published,"Sep 17, 2026","Oct 02, 2026",10:30 AM,https://epms.ppra.gov.pk/public/tenders/tender-details/TS0000013978EPost PQ Tender,Services,2026-10-02,2026-10-05T06:27:10.880745
1411,TS0000013980E,Provision of AC Ducting Works for Existing HVAC System at PSW Karachi Office (BC-1),Provision of AC Ducting Works for Existing HVAC System at PSW Karachi Office (BC-1) E-Tender Notice for Provision of AC Ducting Works...,Civil Works,PSW/PROC/26-27/ADMN-605 (P84238),Ministry of Commerce,islamabad - Pakistan,Published,"Sep 17, 2026","Oct 02, 2026",11:00 AM,https://epms.ppra.gov.pk/public/tenders/tender-details/TS0000013980E,Construction/Works,2026-10-02,2026-10-05T06:27:10.880745
1412,TS0000013981E,Provision of DSTI MESS/CANTEEN,Provision of Canteen for Survey Training Institute This tender is for non-consultancy service...,Services,P120748,Ministry of Defence,Islamabad - Pakistan,Published,"Sep 17, 2026","Oct 02, 2026",10:30 AM,https://epms.ppra.gov.pk/public/tenders/tender-details/TS0000013981E,Services,2026-10-02,2026-10-05T06:27:10.880745
1413,TS0000013986E,TENDER FOR CONST. OF 2X3 DUCT LINE WITH MANHOLES FROM G-8/2 TO RAVI ROAD (PART-II) UNDER DEPOSIT HEAD TO BE EXECUTED UNDER THE JURISDICTION OF CONST. DIVISION IESCO,ISLAMABAD (T. No. 28/2026-27) TENDER FOR CONST. OF 2X3 DUCT LINE WITH MANHOLES...,Civil Works,28/2026-27,Islamabad Electric Supply Company (IESCO),Islamabad - Pakistan,Published,"Sep 17, 2026","Oct 02, 2026",09:30 AM,https://epms.ppra.gov.pk/public/tenders/tender-details/TS0000013986E,Construction/Works,2026-10-02,2026-10-05T06:27:10.880745
1414,TS0000013988E,Notice of Tender,Notice of Tender Misc Repair / Maint Works,Civil Works,6168-NSC/02/E-6 dated 09-17-2026,Military Engineering Services (Army),RAWALPINDI - Pakistan,Published,"Sep 17, 2026","Oct 02, 2026",11:30 AM,https://epms.ppra.gov.pk/public/tenders/tender-details/TS0000013988E,Construction/Works,2026-10-02,2026-10-05T06:27:10.880745
1415,TS0000013989E,Arrangement of 41st National Hifz-o-Qirat Competition,Arrangement of 41st National Hifz-o-Qirat Competition,Services,123370,Ministry of Religious Affairs & Interfaith Harmony,Islamabad - Pakistan,Published,"Sep 17, 2026","Oct 02, 2026",11:00 AM,https://epms.ppra.gov.pk/public/tenders/tender-details/TS0000013989E,Services,2026-10-02,2026-10-05T06:27:10.880745
1416,TS0000013997E,"OPERATION AND MAINTENANCE (O & M) OF HEATING, VENTILATION AND AIR CONDITIONING (HVAC) SYSTEM AT NESPAK HOUSE, LAHORE",The details are attached.,Mechanical/Machinery,Nespak038,Cabinet Division,Lahore - Pakistan,Published,"Sep 17, 2026","Oct 02, 2026",11:00 AM,https://epms.ppra.gov.pk/public/tenders/tender-details/TS0000013997E,IT/Technology,2026-10-02,2026-10-05T06:27:10.880745
1417,TS0000014003E,Supply of Dry Sand at CSF/Khanewal,Supply of Dry Sand (By Road) at CSF/Khanewal from...,Civil Goods,W-3/CSF/SAND/KWL/2025-26,Pakistan Railways,Lahore - Pakistan,Published,"Sep 17, 2026","Oct 02, 2026",11:00 AM,https://epms.ppra.gov.pk/public/tenders/tender-details/TS0000014003E,Goods/Supplies,2026-10-02,2026-10-05T06:27:10.880745
1418,TS0000014010E,Angle Iron/ Chain Link Fencing,Angle Iron/ Chain Link Fencing Angle Iron/ Chain Link Fencing/MS Bar Deformed,Civil Goods,LE-020-26,Sui Northern Gas Pipelines Limited (SNGPL),Lahore - Pakistan,Published,"Sep 17, 2026","Oct 02, 2026",02:30 PM,https://epms.ppra.gov.pk/public/tenders/tender-details/TS0000014010E,Construction/Works,2026-10-02,2026-10-05T06:27:10.880745
1419,TS0000014024E,Prequalification of Firms for Expenditure of confiscated goods FFW9787,,Services,FFW9787,Ministry of Finance,Islamabad - Pakistan,Published,"Sep 17, 2026","Oct 02, 2026",04:00 PM,https://epms.ppra.gov.pk/public/tenders/tender-details/TS0000014024E,Services,2026-10-02,2026-10-05T06:27:10.880745
1420,TS0000013858E,"Tender Supply of Misc. Electrical, Plumbing, Carpenting items at the National Police Academy",,Miscellaneous,P122599,Ministry of Interior and Narcotics Control,Islamabad - Pakistan,PublishedCorrigendum,"Sep 17, 2026","Oct 02, 2026",11:00 AM,https://epms.ppra.gov.pk/public/tenders/tender-details/TS0000013858E,Energy/Utilities,2026-10-02,2026-10-05T06:27:10.880745
1421,TS0000013851E,INVITATION FOR PRE-QUALIFICATION FOR OPEN FRAMEWORK AGREEMENT PROCUREMENT OF NON-CONSULTANCY SERVICES,INVITATION FOR PRE-QUALIFICATION FOR OPEN FRAMEWORK AGREEMENT PROCUREMENT OF NON-CONSULTANCY SERVICES INVITATION FOR PRE-QUALIFICATION FOR OPEN...,Services,TCP/D&POD/Wheat/PQ/Transporter/26-3/2026-27,Trading Corporation of Pakistan (TCP),Karachi - Pakistan,PublishedCorrigendum,"Sep 17, 2026","Oct 01, 2026",11:00 AM,https://epms.ppra.gov.pk/public/tenders/tender-details/TS0000013851E,Services,2026-10-01,2026-10-05T06:27:10.880745
1422,TS0000011527E,"Repair and Maintenance of One No. Mitsubishi (Gps-3) VFEL 1000 Kg Passenger Lift Installed at Regional Office Building, Hayatabad, Peshawar",Sui Northern Gas Pipelines Limited (SNGPL)...,Repair/Maintenance,P87790,Sui Northern Gas Pipelines Limited (SNGPL),Peshawar - Pakistan,PublishedCorrigendum,"Sep 17, 2026","Sep 30, 2026",10:00 AM,https://epms.ppra.gov.pk/public/tenders/tender-details/TS0000011527E,Construction/Works,2026-09-30,2026-10-05T06:27:10.880745
1423,TS0000013927E,BRT/QT/TD-26/2026-27. Pre-qualification of the contractors for a period of 01 year for provision of logistics and miscellaneous services for export activities of barite,"ore/powder from Ex-Work Khuzdar to FOB Karachi, Pakistan. PQ of Contractors for 01 year logistics  services for export activities BRT/QT/TD-26/2026-27. Pre-qualification of the...",Vehicles,BRT/QT/TD-26/2026-27,Ministry of Energy (Petroleum Division),Quetta - Pakistan,Published,"Sep 16, 2026","Oct 16, 2026",03:00 PM,https://epms.ppra.gov.pk/public/tenders/tender-details/TS0000013927E,Services,2026-10-16,2026-10-05T06:27:10.880745
1424,TS0000013923E,"326-Renovation Works for Establishment of RAAST Secretariat at 4th Floor BSC House, SBP Head Office Karachi",326,Civil Works,ED/PROC-HOK/1207526/2026/326,State Bank of Pakistan (SBP),Karachi - Pakistan,Published,"Sep 16, 2026","Oct 13, 2026",12:00 PM,https://epms.ppra.gov.pk/public/tenders/tender-details/TS0000013923E,Construction/Works,2026-10-13,2026-10-05T06:27:10.880745
1425,TS0000011212E,Magnesium Anodes,"FOB/C&F/FOR(Only for Local Manufacturers as per SRO 827(1)/2001) Magnesium Anodes, Bare Weight 18.1 Kgs or 40 Lbs....",Miscellaneous,SSGC/FP/PT/14414,Ministry of Energy (Petroleum Division),Karachi - Pakistan,PublishedCorrigendum,"Sep 16, 2026","Oct 13, 2026",10:00 AM,https://epms.ppra.gov.pk/public/tenders/tender-details/TS0000011212E,Other,2026-10-13,2026-10-05T06:27:10.880745
1426,TS0000013913E,Furniture,Furniture Items Purchasing of Furniture,Furniture/Fixture,TENDER NOTICE NO.HR&A/DGK/003/2026,State Life Insurance Corporation of Pakistan,Dera Ghazi Khan - Pakistan,Published,"Sep 16, 2026","Oct 09, 2026",11:00 AM,https://epms.ppra.gov.pk/public/tenders/tender-details/TS0000013913E,Other,2026-10-09,2026-10-05T06:27:10.880745
1427,TS0000013896E,Celebration of IH Conferences,"Holding of Interfaith Harmony Conferences,...",Services,F.No.2(3)/2023-IH,Ministry of Religious Affairs & Interfaith Harmony,Islamabad - Pakistan,Published,"Sep 16, 2026","Oct 08, 2026",11:30 AM,https://epms.ppra.gov.pk/public/tenders/tender-details/TS0000013896E,Services,2026-10-08,2026-10-05T06:27:10.880745
1428,TS0000013921E,325-UPS Management Services for BPAS/BDS Machine installed at SBP BSC Field Offices,325,Services,ED/PROC-HOK/1207526/2026/325,State Bank of Pakistan (SBP),Karachi - Pakistan,Published,"Sep 16, 2026","Oct 08, 2026",11:00 AM,https://epms.ppra.gov.pk/public/tenders/tender-details/TS0000013921E,Services,2026-10-08,2026-10-05T06:27:10.880745
1429,TS0000013856E,324-Supply of Split AC Units at Head Office Karachi and SBP-BSC Field Offices,324,Equipments,ED/PROC-HOK/1207526/2026/324,State Bank of Pakistan (SBP),Karachi - Pakistan,Published,"Sep 16, 2026","Oct 08, 2026",11:00 AM,https://epms.ppra.gov.pk/public/tenders/tender-details/TS0000013856E,Goods/Supplies,2026-10-08,2026-10-05T06:27:10.880745
1430,TS0000013861E,WAPDA JHPS PRD NO.075,"RE JHPS MIANWALI REMOVAL OF MUD, SLUDGE/SILT AND CONSTRUCTION OF...",Miscellaneous,PRD(L)/WAPDA/075(2026-27),Water and Power Development Authority (WAPDA),Lahore - Pakistan,Published,"Sep 16, 2026","Oct 08, 2026",10:00 AM,https://epms.ppra.gov.pk/public/tenders/tender-details/TS0000013861E,Other,2026-10-08,2026-10-05T06:27:10.880745
1431,TS0000013877E,Expression of Interest (EoI) for Establishment of the Prime Minister’s National Technology Park (PMNTP) across Pakistan,Expression of Interest Expression of Interest,Miscellaneous,A (01)/PSEB/2026-29,Ministry of IT and Telecom,Islamabad - Pakistan,Published,"Sep 16, 2026","Oct 07, 2026",03:00 PM,https://epms.ppra.gov.pk/public/tenders/tender-details/TS0000013877E,Other,2026-10-07,2026-10-05T06:27:10.880745
1432,TS0000013879E,CCTV CAMERAS SYSTEM WITH COMPLETE ALLIED EQUIPMENTS/ACCESSORIES WITH UPS AND BATTERIES,The Bidders fulfilled BEC (Bid Evaluation Criteria) are allowed to participate in this tender enquiry. LHR-TE-W-009-2026 (CCTV CAMERAS SYSTEM WITH...,Miscellaneous,LHR-TE-W-009-2026 (CCTV CAMERAS SYSTEM WITH COMPLETE ALLIED EQUIPMENTS/ACCESSORIES WITH UPS AND BATTERIES),Ministry of Energy (Petroleum Division),Lahore - Pakistan,Published,"Sep 16, 2026","Oct 07, 2026",11:00 AM,https://epms.ppra.gov.pk/public/tenders/tender-details/TS0000013879E,IT/Technology,2026-10-07,2026-10-05T06:27:10.880745
1433,TS0000013857E,Purchase of Electrical & Pluming Items Equipment i.e. Automated Biochemistry Analyzer,Invitation to Bid for the Supply of Electrical & Plumbing Items Purchase of Electrical & Plumbing items...,Electrical Items,DCN-09(26/27)09(ii),Pakistan Atomic Energy Commission (PAEC),islamabad - Pakistan,Published,"Sep 16, 2026","Oct 07, 2026",12:00 PM,https://epms.ppra.gov.pk/public/tenders/tender-details/TS0000013857E,Energy/Utilities,2026-10-07,2026-10-05T06:27:10.880745
1434,TS0000013867E,Prequalification for Repair and Maintenance of College Vehicles,Prequalification for Repair and Maintenance of...,Repair/Maintenance,FFW9697-001,Ministry of Federal Education and Professional Training,Islamabad - Pakistan,Published,"Sep 16, 2026","Oct 07, 2026",10:30 AM,https://epms.ppra.gov.pk/public/tenders/tender-details/TS0000013867E,Services,2026-10-07,2026-10-05T06:27:10.880745
1435,TS0000013875E,PROCUREMENT OF OFFICE FURNITURE AT NBP REGIONAL OFFICE BANNU,PROCUREMENT OF OFFICE FURNITURE AT NBP REGIONAL...,Furniture/Fixture,P121237,National Bank of Pakistan (NBP),Karachi - Pakistan,Published,"Sep 16, 2026","Oct 06, 2026",11:00 AM,https://epms.ppra.gov.pk/public/tenders/tender-details/TS0000013875E,Goods/Supplies,2026-10-06,2026-10-05T06:27:10.880745
1436,TS0000013882E,Disposal of Old Unserviceable and Out-of-Order Engineering Items at SBP BSC Peshawar,"This advertisement is also available on SBP website i.e. www.sbp.org.pk and published in one national newspaper SBP Banking Services Corporation (SBP BSC),...",Miscellaneous,Pesh-Engg/ 447287/Disposal/2026,Ministry of Finance,Islamabad - Pakistan,Published,"Sep 16, 2026","Oct 06, 2026",11:00 AM,https://epms.ppra.gov.pk/public/tenders/tender-details/TS0000013882E,Services,2026-10-06,2026-10-05T06:27:10.880745
1437,TS0000010822E,Vertical Scrubbers,FOB/C&F/FOR(Only for Local Manufacturers as per SRO 827(1)/2001) Vertical Scrubbers & it’s auxiliaries (As...,Miscellaneous,SSGC/FP/PT/14405,Ministry of Energy (Petroleum Division),Karachi - Pakistan,PublishedCorrigendum,"Sep 16, 2026","Oct 06, 2026",10:30 AM,https://epms.ppra.gov.pk/public/tenders/tender-details/TS0000010822E,Other,2026-10-06,2026-10-05T06:27:10.880745
1438,TS0000013917E,Procurement and Installation of Tank 5b (Chrome Plating Tk) & Rectifier,5126/IT-6718/GF/FOR Gp (I)/2026-27/SCM dated 14 September 2026 Procurement and Installation of Tank 5b (Chrome...,Miscellaneous,5126/IT-6718/GF/FOR Gp (I)/2026-27/SCM dated 14 September 2026,Ministry of Defence Production,Taxila - Pakistan,Published,"Sep 16, 2026","Oct 06, 2026",10:30 AM,https://epms.ppra.gov.pk/public/tenders/tender-details/TS0000013917E,Defence/Military,2026-10-06,2026-10-05T06:27:10.880745
1439,TS0000013920E,Hiring of Retainer Doctor For OPD Clinic In Mirpur (as per BOQ) (Under Single Stage One Envelope Bidding Procedure)(On Complete Package Basis).,Hiring of Retainer Doctor For OPD Clinic In Mirpur (as per BOQ) (Under Single Stage One Envelope Bidding Procedure)(On Complete Package Basis). Hiring of Retainer Doctor For OPD Clinic In...,Services,SSGC/SC/NR/EPADS2/14455,Ministry of Energy (Petroleum Division),Karachi - Pakistan,Published,"Sep 16, 2026","Oct 06, 2026",10:30 AM,https://epms.ppra.gov.pk/public/tenders/tender-details/TS0000013920E,Services,2026-10-06,2026-10-05T06:27:10.880745
1440,TS0000013922E,Hiring of Retainer Doctor For OPD Clinic In Mehrapur (as per BOQ) (Under Single Stage One Envelope Bidding Procedure)(On Complete Package Basis).,Hiring of Retainer Doctor For OPD Clinic In Mehrapur (as per BOQ) (Under Single Stage One Envelope Bidding Procedure)(On Complete Package Basis). Hiring of Retainer Doctor For OPD Clinic In...,Services,SSGC/SC/NR/EPADS2/14454,Ministry of Energy (Petroleum Division),Karachi - Pakistan,Published,"Sep 16, 2026","Oct 06, 2026",10:00 AM,https://epms.ppra.gov.pk/public/tenders/tender-details/TS0000013922E,Services,2026-10-06,2026-10-05T06:27:10.880745
1441,TS0000013924E,Hiring of Retainer Doctor For OPD Clinic In Badin ( Hyderabad )(as per BOQ) (Under Single Stage One Envelope Bidding Procedure)(On Complete Package Basis).,Hiring of Retainer Doctor For OPD Clinic In Badin ( Hyderabad )(as per BOQ) (Under Single Stage One Envelope Bidding Procedure)(On Complete Package Basis). Hiring of Retainer Doctor For OPD Clinic In Badin...,Services,SSGC/SC/NR/EPADS2/14457,Ministry of Energy (Petroleum Division),Karachi - Pakistan,Published,"Sep 16, 2026","Oct 06, 2026",11:30 AM,https://epms.ppra.gov.pk/public/tenders/tender-details/TS0000013924E,Services,2026-10-06,2026-10-05T06:27:10.880745
1442,TS0000013928E,Printing of “The NUMLIAN” Annual Magazine of NUML 2025-2026,,Printing,P114580,National University of Modern Languages,Islamabad - Pakistan,Published,"Sep 16, 2026","Oct 06, 2026",10:30 AM,https://epms.ppra.gov.pk/public/tenders/tender-details/TS0000013928E,Other,2026-10-06,2026-10-05T06:27:10.880745
1443,TS0000013797E,PINPOINT ALPHA DIAGNOSTIC EQUIPMENT INCLUDING ACCESSORIES,PINPOINT ALPHA DIAGNOSTIC EQUIPMENT INCLUDING...,Equipments,2690314/R-2609/310098,Directorate of Procurement (Navy),Islamabad - Pakistan,PublishedCorrigendum,"Sep 16, 2026","Oct 06, 2026",10:30 AM,https://epms.ppra.gov.pk/public/tenders/tender-details/TS0000013797E,Goods/Supplies,2026-10-06,2026-10-05T06:27:10.880745
1444,TS0000011772E,Metallic Blast Clearing Abrasives,FOB/C&F/FOR(Only for Local Manufacturers as per SRO 827(1)/2001) Metallic Blast Clearing Abrasives. Qty = 500...,Miscellaneous,SSGC/FP/PT/14428,Ministry of Energy (Petroleum Division),Karachi - Pakistan,PublishedCorrigendum,"Sep 16, 2026","Oct 06, 2026",03:30 PM,https://epms.ppra.gov.pk/public/tenders/tender-details/TS0000011772E,Other,2026-10-06,2026-10-05T06:27:10.880745
1445,TS0000013854E,322-Procurement of Cleansing Materials at SBP Head Office Karachi,322,Civil Goods,ED/PROC-HOK/1207526/2026/322,State Bank of Pakistan (SBP),Karachi - Pakistan,Published,"Sep 16, 2026","Oct 06, 2026",12:00 PM,https://epms.ppra.gov.pk/public/tenders/tender-details/TS0000013854E,Goods/Supplies,2026-10-06,2026-10-05T06:27:10.880745
1446,TS0000013855E,"323-Supply of Distribution Boards, Power Cables, LED lights and Ceiling Fans for Renovation of Ground Floor, SBP Head Office Karachi",323,Electrical Items,ED/PROC-HOK/1207526/2026/323,State Bank of Pakistan (SBP),Karachi - Pakistan,Published,"Sep 16, 2026","Oct 06, 2026",12:00 PM,https://epms.ppra.gov.pk/public/tenders/tender-details/TS0000013855E,Construction/Works,2026-10-06,2026-10-05T06:27:10.880745
1447,TS0000013863E,PROVISION OF JANITORIAL SERVICES AT SNGPL REGIONAL OFFICE AND STORE MARDAN,PROVISION OF JANITORIAL SERVICES AT SNGPL...,Miscellaneous,Admin:MDN:4.16,Ministry of Energy (Petroleum Division),Mardan - Pakistan,Published,"Sep 16, 2026","Oct 06, 2026",11:00 AM,https://epms.ppra.gov.pk/public/tenders/tender-details/TS0000013863E,Services,2026-10-06,2026-10-05T06:27:10.880745
1448,TS0000013873E,Procurement of Toners for Computer Printers,Procurement of Toners for Computer Printers Procurement of Toners for Computer Printers...,Printing,P120547,Prime Minister's Office,Islamabad - Pakistan,Published,"Sep 16, 2026","Oct 05, 2026",12:00 PM,https://epms.ppra.gov.pk/public/tenders/tender-details/TS0000013873E,IT/Technology,2026-10-05,2026-10-05T06:27:10.880745
1449,TS0000013876E,Para Training school Peshawar Cantt,"Tender notice a. Construction, renovation, repair, maintenance,...",Repair/Maintenance,PTS0004,Ministry of Defence,Peshawar - Pakistan,Published,"Sep 16, 2026","Oct 05, 2026",12:00 PM,https://epms.ppra.gov.pk/public/tenders/tender-details/TS0000013876E,Services,2026-10-05,2026-10-05T06:27:10.880745
1450,TS0000013881E,PURCHASE OF COCHLEAR IMPLANTS (HEARING DEVICES) OUT OF THE FUNDS ALLOCATED BY GOVERNMENT OF PAKISTAN MINISTRY OF POVERTY ALLEVIATION & SOCIAL SAFETY PAKISTAN,"BAIT-UL-MAL & OTHER SOURCES FINANCIAL YEAR 2026-2027, SZHL",Miscellaneous,P119569,"Ministry of National Health Services, Regulation & Coordination",Lahore - Pakistan,Published,"Sep 16, 2026","Oct 05, 2026",11:00 AM,https://epms.ppra.gov.pk/public/tenders/tender-details/TS0000013881E,Goods/Supplies,2026-10-05,2026-10-05T06:27:10.880745
1451,TS0000013925E,"Supply of Stationery/Consumable Items for Schools of NUST for FY 2026-27, H-12 Campus, Islamabad","Supply of Stationery/Consumable Items for Schools of NUST for FY 2026-27, H-12 Campus, Islamabad Supply of Stationery/Consumable Items for Schools...",Stationery,Case No. 0972/A104/NUST/LP dated 16 Sep 2026,Higher Education Commission (HEC),Islamabad - Pakistan,Published,"Sep 16, 2026","Oct 05, 2026",11:00 AM,https://epms.ppra.gov.pk/public/tenders/tender-details/TS0000013925E,Goods/Supplies,2026-10-05,2026-10-05T06:27:10.880745
1452,TS0000013940E,Purchase of Laptops and GPU Workstation,Purchase of Laptops and GPU Workstation Purchase of Laptops and GPU Workstation,Equipments,BULC/2026/NRPU/HEC/0209/EQUIPMENT,Higher Education Commission (HEC),Lahore - Pakistan,Published,"Sep 16, 2026","Oct 05, 2026",11:30 AM,https://epms.ppra.gov.pk/public/tenders/tender-details/TS0000013940E,Goods/Supplies,2026-10-05,2026-10-05T06:27:10.880745
1453,TS0000013862E,Hiring of Six(06) armed security guards,Hiring of Six(06) armed security guards Hiring of Six(06) armed security guards at PCSIR...,Services,PCSIR/QL-001/2026,Ministry of Science and Technology,Islamabad - Pakistan,Published,"Sep 16, 2026","Oct 05, 2026",11:00 AM,https://epms.ppra.gov.pk/public/tenders/tender-details/TS0000013862E,Services,2026-10-05,2026-10-05T06:27:10.880745
1454,TS0000013864E,Civil Works Component of the PSDP Project Establishment of National Institute of Intelligence & Security Studies (NIISS) at Quaid-I-Azam Uniiversity (QAU) G to G,Basis Civil Works Component of the PSDP Project Establishment of National Institute of Intelligence & Security Studies (NIISS) at Quaid-I-Azam Uniiversity (QAU) G to G Basis Civil Works Component of the PSDP Project...,Civil Works,P116962,Higher Education Commission (HEC),Islamabad - Pakistan,PublishedCorrigendum,"Sep 16, 2026","Oct 05, 2026",01:30 PM,https://epms.ppra.gov.pk/public/tenders/tender-details/TS0000013864E,Construction/Works,2026-10-05,2026-10-05T06:27:10.880745
1455,TS0000013878E,Purchase of Laparosocpe 2DK,A public sector hopsital invites sealed tenders on single stage two envelope basis from A public sector hopsital invites sealed tenders...,Health/Medicines,01/2026,Pakistan Atomic Energy Commission (PAEC),Islamabad - Pakistan,Published,"Sep 16, 2026","Oct 03, 2026",10:00 AM,https://epms.ppra.gov.pk/public/tenders/tender-details/TS0000013878E,Medical/Health,2026-10-03,2026-10-05T06:27:10.880745
1456,TS0000013894E,procurement of 132 KV Line C.Ts with SSS Ratio 200:600: 300: 5/5A,,Equipments,PMU/Goods/ NCB -282,Islamabad Electric Supply Company (IESCO),Islamabad - Pakistan,PublishedCorrigendum,"Sep 16, 2026","Oct 02, 2026",11:00 AM,https://epms.ppra.gov.pk/public/tenders/tender-details/TS0000013894E,Goods/Supplies,2026-10-02,2026-10-05T06:27:10.880745
1457,TS0000013898E,"procurement of 132KV Earth Mast, 11KV Bus Bar Structure",,Equipments,PMU/Goods/ NCB -283,Islamabad Electric Supply Company (IESCO),Islamabad - Pakistan,PublishedCorrigendum,"Sep 16, 2026","Oct 02, 2026",11:00 AM,https://epms.ppra.gov.pk/public/tenders/tender-details/TS0000013898E,Goods/Supplies,2026-10-02,2026-10-05T06:27:10.880745
1458,TS0000013899E,procurement of Control Panel CP-50 Relay Panel RP-4,,Electrical Items,PMU/Goods/ NCB -284,Islamabad Electric Supply Company (IESCO),Islamabad - Pakistan,Published,"Sep 16, 2026","Oct 02, 2026",11:00 AM,https://epms.ppra.gov.pk/public/tenders/tender-details/TS0000013899E,Energy/Utilities,2026-10-02,2026-10-05T06:27:10.880745
1459,TS0000013900E,procurement of 11 KV Capacitor Control Panel,,Electrical Items,PMU/Goods/ NCB -285,Islamabad Electric Supply Company (IESCO),Islamabad - Pakistan,Published,"Sep 16, 2026","Oct 02, 2026",11:00 AM,https://epms.ppra.gov.pk/public/tenders/tender-details/TS0000013900E,Energy/Utilities,2026-10-02,2026-10-05T06:27:10.880745
1460,TS0000013901E,procurement of Connector Type TMHH. Connector Type TMRH. 03 bolt PG connector for Lynx,,Electrical Items,PMU/Goods/ NCB -286,Islamabad Electric Supply Company (IESCO),Islamabad - Pakistan,Published,"Sep 16, 2026","Oct 02, 2026",11:00 AM,https://epms.ppra.gov.pk/public/tenders/tender-details/TS0000013901E,Energy/Utilities,2026-10-02,2026-10-05T06:27:10.880745
1461,TS0000013902E,procurement of Earthing Platform Earth Rod 16mm dia 3Mtr Long(Copper),,Electrical Items,PMU/Goods/ NCB -287,Islamabad Electric Supply Company (IESCO),Islamabad - Pakistan,Published,"Sep 16, 2026","Oct 02, 2026",11:00 AM,https://epms.ppra.gov.pk/public/tenders/tender-details/TS0000013902E,Energy/Utilities,2026-10-02,2026-10-05T06:27:10.880745
1462,TS0000013904E,PROCUREMENT OF Disc Insulator 80 KN Disc Insulator 100 KN Post Insulator 132 KV,,Electrical Items,NCB-288,Islamabad Electric Supply Company (IESCO),Islamabad - Pakistan,Published,"Sep 16, 2026","Oct 02, 2026",11:00 AM,https://epms.ppra.gov.pk/public/tenders/tender-details/TS0000013904E,Energy/Utilities,2026-10-02,2026-10-05T06:27:10.880745
1463,TS0000013905E,PROCUREMENT OF 132KV Lightening Arrester with Supported Steel Structure (SSS),,Electrical Items,NCB-289,Islamabad Electric Supply Company (IESCO),Islamabad - Pakistan,PublishedCorrigendum,"Sep 16, 2026","Oct 02, 2026",11:00 AM,https://epms.ppra.gov.pk/public/tenders/tender-details/TS0000013905E,Energy/Utilities,2026-10-02,2026-10-05T06:27:10.880745
1464,TS0000013906E,Procurement of ZM-30 Tower along with Stubs & Cleats & allied accessories 03 Mtr Leg Extension for ZM-30 Leg Ext. 6M 132KV D/C Tower ZM-1 03 Mtr Leg Extension for,ZM-60,Electrical Items,NCB-290,Islamabad Electric Supply Company (IESCO),Islamabad - Pakistan,Published,"Sep 16, 2026","Oct 02, 2026",11:00 AM,https://epms.ppra.gov.pk/public/tenders/tender-details/TS0000013906E,Energy/Utilities,2026-10-02,2026-10-05T06:27:10.880745
1465,TS0000013908E,procurement of Stubs and Cleats for EA Stubs and cleats for ED 220KV ED Tower along with Stubs & Cleats & allied accessories 220KV EG Tower along with Stubs &,Cleats & allied accessories 02 Mtr Leg Extension for EA 02 Mtr Leg Extension for ED 04 Mtr Leg Extension for ED 02 Mtr Leg Extension for EG 04 Mtr Leg Extension for EG,Electrical Items,ncb-291,Islamabad Electric Supply Company (IESCO),Islamabad - Pakistan,Published,"Sep 16, 2026","Oct 02, 2026",11:00 AM,https://epms.ppra.gov.pk/public/tenders/tender-details/TS0000013908E,Energy/Utilities,2026-10-02,2026-10-05T06:27:10.880745
1466,TS0000013926E,Ext of NGT - Construction of Cafeteria and Mosque,Ext of NGT - Construction of Cafeteria and Mosque Ext of NGT - Construction of Cafeteria and Mosque,Civil Works,P118789,National Disaster Management Authority(NDMA),Islamabad - Pakistan,Published,"Sep 16, 2026","Oct 02, 2026",11:00 AM,https://epms.ppra.gov.pk/public/tenders/tender-details/TS0000013926E,Construction/Works,2026-10-02,2026-10-05T06:27:10.880745
1467,TS0000013929E,Procurement of Furniture Items,Procurement of Furniture Items 1. The Procuring Agency NADRA Regional Head...,Furniture/Fixture,IFP # NADRA-RHO LHR-IFP/2026/FURNITURE,Ministry of Interior and Narcotics Control,Lahore - Pakistan,Published,"Sep 16, 2026","Oct 02, 2026",11:00 AM,https://epms.ppra.gov.pk/public/tenders/tender-details/TS0000013929E,Goods/Supplies,2026-10-02,2026-10-05T06:27:10.880745
1468,TS0000013930E,"4759-18851-Procurement of 15KVA Inverter with Lithium ION Batteries, Phase corrector, and Installation, CUI, Lahore",,Equipments,CUI-LHR-TN-26-1936,COMSATS University Islamabad,lahore - Pakistan,Published,"Sep 16, 2026","Oct 02, 2026",11:00 AM,https://epms.ppra.gov.pk/public/tenders/tender-details/TS0000013930E,Goods/Supplies,2026-10-02,2026-10-05T06:27:10.880745
1469,TS0000013936E,Tender Notice for Stationary items and printing AFIU Rwp FY 2026-27,,Stationery,AFIU/102/sty,Armed Forces Institute Of Urology (AFIU),Rawalpindi - Pakistan,Published,"Sep 16, 2026","Oct 02, 2026",11:30 AM,https://epms.ppra.gov.pk/public/tenders/tender-details/TS0000013936E,Goods/Supplies,2026-10-02,2026-10-05T06:27:10.880745
1470,TS0000013859E,PROCUREMENT OF STATIONERY AND OTHER GENERAL ITEMS,,Miscellaneous,TDAP-10/2026-27 /STORE/ADMIN,Ministry of Commerce,Karachi - Pakistan,Published,"Sep 16, 2026","Oct 02, 2026",11:00 AM,https://epms.ppra.gov.pk/public/tenders/tender-details/TS0000013859E,Goods/Supplies,2026-10-02,2026-10-05T06:27:10.880745
1471,TS0000013874E,"Procurement of Office Stationery, Computer Stationery & Miscellaneous Items for FY 2026-27",Invitation for Prequalification for Closed...,Stationery,FFW9643,Ministry of Parliamentary Affairs,Islamabad - Pakistan,Published,"Sep 16, 2026","Oct 01, 2026",11:00 AM,https://epms.ppra.gov.pk/public/tenders/tender-details/TS0000013874E,IT/Technology,2026-10-01,2026-10-05T06:27:10.880745
1472,TS0000013880E,Open Tender No. 19 & 20/2026 Clinical and Extraction Kits,"Purchase of DNA, RNA Extraction and Clinical Kits Purchase of DNA, RNA Extraction and Clinical...",Miscellaneous,Open Tender No. 19 & 20/2026,Pakistan Atomic Energy Commission (PAEC),Faisalabad - Pakistan,Published,"Sep 16, 2026","Oct 01, 2026",12:29 PM,https://epms.ppra.gov.pk/public/tenders/tender-details/TS0000013880E,Medical/Health,2026-10-01,2026-10-05T06:27:10.880745
1473,TS0000013883E,PROCUREMENT OF LAPTOPS & PRINTERS FOR PIA HOLDING COMPANY LIMITED (PIAHCL),,Equipments,P118555,Pakistan International Airlines (PIA),Islamabad - Pakistan,Published,"Sep 16, 2026","Oct 01, 2026",03:00 PM,https://epms.ppra.gov.pk/public/tenders/tender-details/TS0000013883E,Goods/Supplies,2026-10-01,2026-10-05T06:27:10.880745
1474,TS0000013884E,INVITATION OF PROPOSALS FROM ICAP REGISTERED CHARTERED ACCOUNTANT FIRMS FOR APPOINTMENT AS TAX ADVISOR / TAX ADVISORY SERVICES ON RETAINERSHIP BASIS,,Services,P121156,Pakistan International Airlines (PIA),Islamabad - Pakistan,Published,"Sep 16, 2026","Oct 01, 2026",04:00 PM,https://epms.ppra.gov.pk/public/tenders/tender-details/TS0000013884E,Services,2026-10-01,2026-10-05T06:27:10.880745
1475,TS0000013886E,ANNUAL CONTRACTS FOR VSD AT KARACHI,"RATION ITEMS JAM TINNED, BUTTER FRESH, DATES (RABAAI), SHARBAT...",Food Items,"K/447003, 447004, 447005, 447006 & 447007",Ministry of Defence,Karachi - Pakistan,Published,"Sep 16, 2026","Oct 01, 2026",11:00 AM,https://epms.ppra.gov.pk/public/tenders/tender-details/TS0000013886E,Services,2026-10-01,2026-10-05T06:27:10.880745
1476,TS0000013892E,"PRE-QUALIFICATION OF THE FIRMS / VENDORS / CONTRACTORS / SERVICE PROVIDERS (COLLECTIVELY REFERRED TO AS ""THE FIRMS"")",,Miscellaneous,FFW9835,Cabinet Division,Islamabad - Pakistan,Published,"Sep 16, 2026","Oct 01, 2026",11:00 AM,https://epms.ppra.gov.pk/public/tenders/tender-details/TS0000013892E,Services,2026-10-01,2026-10-05T06:27:10.880745
1477,TS0000013895E,"Spec ATG Head 7F, ATG, MEG",Army Canine Cen,Miscellaneous,004,Ministry of Defence,Rawalpindi - Pakistan,Published,"Sep 16, 2026","Oct 01, 2026",12:00 PM,https://epms.ppra.gov.pk/public/tenders/tender-details/TS0000013895E,Other,2026-10-01,2026-10-05T06:27:10.880745
1478,TS0000013897E,Piecemeal Works Repair Maint of Elec Transformers and Water Supply Eqpts at Pnl incl island Sukkur and Sehwan Cantt,Publication of tender Notice,Civil Works,6000-PPRA/80/E6,Ministry of Defence,Pano Aqil - Pakistan,Published,"Sep 16, 2026","Oct 01, 2026",11:30 AM,https://epms.ppra.gov.pk/public/tenders/tender-details/TS0000013897E,Construction/Works,2026-10-01,2026-10-05T06:27:10.880745
1479,TS0000013903E,Supply of Swing Ladders for various Operations locations.,"SPECIAL INSTRUCTIONS: Any party interested to participate in any of the tender(s) may send its request for tender documents through SAP Ariba Portal in the following manner: 1.	Scanned copy of the duly signed and stamped request on official letterhead of the bidder shall be uploaded on SAP Ariba Portal. In the subject request letter, please mention “Tender Documents Collection Request – Tender No.”. 2.	Request shall be accompanied by scanned copies of the following: a.	Valid NTN, GST, Provincial Sales Tax Certificates (where applicable), CNIC of owner/ authorized representative. Vendor should be an active tax payer. Supply of Swing Ladders for various Operations...",Equipments,OP-20019-MS,Pakistan State Oil (PSO),Karachi - Pakistan,Published,"Sep 16, 2026","Oct 01, 2026",02:15 PM,https://epms.ppra.gov.pk/public/tenders/tender-details/TS0000013903E,Services,2026-10-01,2026-10-05T06:27:10.880745
1480,TS0000013907E,Supply of Veeam Software.,"SPECIAL INSTRUCTIONS: Any party interested to participate in any of the tender(s) may send its request for tender documents through SAP Ariba Portal in the following manner: 1.	Scanned copy of the duly signed and stamped request on official letterhead of the bidder shall be uploaded on SAP Ariba Portal. In the subject request letter, please mention “Tender Documents Collection Request – Tender No.”. 2.	Request shall be accompanied by scanned copies of the following: a.	Valid NTN, GST, Provincial Sales Tax Certificates (where applicable), CNIC of owner/ authorized representative. Vendor should be an active tax payer. Supply of Veeam Software.",Equipments,IT-20020-MS,Pakistan State Oil (PSO),Karachi - Pakistan,Published,"Sep 16, 2026","Oct 01, 2026",02:15 PM,https://epms.ppra.gov.pk/public/tenders/tender-details/TS0000013907E,IT/Technology,2026-10-01,2026-10-05T06:27:10.880745
1481,TS0000013909E,Supply of New Vans with Commercial Registration for QTV Network.,"SPECIAL INSTRUCTIONS: Any party interested to participate in any of the tender(s) may send its request for tender documents through SAP Ariba Portal in the following manner: 1.	Scanned copy of the duly signed and stamped request on official letterhead of the bidder shall be uploaded on SAP Ariba Portal. In the subject request letter, please mention “Tender Documents Collection Request – Tender No.”. 2.	Request shall be accompanied by scanned copies of the following: a.	Valid NTN, GST, Provincial Sales Tax Certificates (where applicable), CNIC of owner/ authorized representative. Vendor should be an active tax payer. Supply of New Vans with Commercial Registration...",Equipments,QA-20021-MS,Pakistan State Oil (PSO),Karachi - Pakistan,Published,"Sep 16, 2026","Oct 01, 2026",02:15 PM,https://epms.ppra.gov.pk/public/tenders/tender-details/TS0000013909E,IT/Technology,2026-10-01,2026-10-05T06:27:10.880745
1482,TS0000013911E,"Procurement of Different Items For Installation of New CIR, GPON,Intranet and E-Office Connections at Lahore","Procurement of Different Items For Installation of New CIR, GPON,Intranet and E-Office Connections at Lahore Procurement of Different Items For Installation...",Equipments,DNL/Data-Equip-tender/2025-26/,Ministry of IT and TeleCommunication,Lahore - Pakistan,Published,"Sep 16, 2026","Oct 01, 2026",11:00 AM,https://epms.ppra.gov.pk/public/tenders/tender-details/TS0000013911E,Goods/Supplies,2026-10-01,2026-10-05T06:27:10.880745
1483,TS0000013915E,Procurement of Furniture & Fixtures for PAAA Islamabad,Procurement of Furniture & Fixtures for PAAA...,Furniture/Fixture,P118837,Auditor General of Pakistan,Lahore - Pakistan,Published,"Sep 16, 2026","Oct 01, 2026",11:00 AM,https://epms.ppra.gov.pk/public/tenders/tender-details/TS0000013915E,Goods/Supplies,2026-10-01,2026-10-05T06:27:10.880745
1484,TS0000013916E,"Supply & Installation of QR Code Plate on LPG Cylinder at Karachi, Lahore, Islamabad/Rawalpindi Region for HD and commercial delivery segment.","GF-20024-YP - Supply & Installation of QR Code Plate on LPG Cylinder at Karachi, Lahore, Islamabad/Rawalpindi Region for HD and commercial delivery segment. GF-20024-YP - Supply & Installation of QR...",Miscellaneous,GF-20024-YP,Pakistan State Oil (PSO),Karachi - Pakistan,Published,"Sep 16, 2026","Oct 01, 2026",02:15 PM,https://epms.ppra.gov.pk/public/tenders/tender-details/TS0000013916E,Energy/Utilities,2026-10-01,2026-10-05T06:27:10.880745
1485,TS0000013918E,E-Tag based Vehicle Access Control System (Re-Tender),,Equipments,P115957,National University of Modern Languages,Islamabad - Pakistan,Published,"Sep 16, 2026","Oct 01, 2026",11:00 AM,https://epms.ppra.gov.pk/public/tenders/tender-details/TS0000013918E,IT/Technology,2026-10-01,2026-10-05T06:27:10.880745
1486,TS0000013931E,Open Tender 03,"Pakistan Aeronautical Complex, Kamra As Per Attached List",Miscellaneous,MRF/LOG/26-27/OT-03,Ministry of Defence,Kamra - Pakistan,Published,"Sep 16, 2026","Oct 01, 2026",10:00 AM,https://epms.ppra.gov.pk/public/tenders/tender-details/TS0000013931E,Other,2026-10-01,2026-10-05T06:27:10.880745
1487,TS0000013934E,Provsion and installation of Signage and Fascia Structures at NVROS of Sahiwal division(PM MODULE),- Provision and installation of Signage and Fascia...,Appliances,RC-19990-AM,Pakistan State Oil (PSO),Karachi - Pakistan,Published,"Sep 16, 2026","Oct 01, 2026",02:15 PM,https://epms.ppra.gov.pk/public/tenders/tender-details/TS0000013934E,Other,2026-10-01,2026-10-05T06:27:10.880745
1488,TS0000013935E,Replacement of Scully Permissive Cabling at Tank Lorry Loading Gantry # PSO Keamari Terminal A.,- Replacement of Scully Permissive Cabling at Tank...,Appliances,OP-19992-AM,Pakistan State Oil (PSO),Karachi - Pakistan,Published,"Sep 16, 2026","Oct 01, 2026",02:15 PM,https://epms.ppra.gov.pk/public/tenders/tender-details/TS0000013935E,Defence/Military,2026-10-01,2026-10-05T06:27:10.880745
1489,TS0000013938E,CSO ASF Multan Airport,Stitching of Grey Uniform Male & Female - ASF Multan Airport Stitching of Grey Uniform Male & Female - ASF...,Clothing/Uniform,P108106 closing Dated 30-09-2026,Ministry of Defence,Karachi - Pakistan,Published,"Sep 16, 2026","Oct 01, 2026",11:00 AM,https://epms.ppra.gov.pk/public/tenders/tender-details/TS0000013938E,Other,2026-10-01,2026-10-05T06:27:10.880745
1490,TS0000013939E,Provision of Professional Office Cleaning Services,"The Embassy of Pakistan, Dublin invites...",Services,001,Ministry of Foreign Affairs,Dublin - Pakistan,Published,"Sep 16, 2026","Oct 01, 2026",11:00 AM,https://epms.ppra.gov.pk/public/tenders/tender-details/TS0000013939E,Services,2026-10-01,2026-10-05T06:27:10.880745
1491,TS0000013941E,Advertisment of Tender,1 Term Contract Electric & Water Supply,Civil Works,1,Ministry of Defence,Swat - Pakistan,Published,"Sep 16, 2026","Oct 01, 2026",11:30 AM,https://epms.ppra.gov.pk/public/tenders/tender-details/TS0000013941E,Construction/Works,2026-10-01,2026-10-05T06:27:10.880745
1492,TS0000013768E,Commandment NAAS Karachi,Pre-Qualification of Firms for Supply of General Order Supplies & Repair/Maintenance Services,Repair/Maintenance,"""P117865""-""P105505""",Ministry of Defence,Karachi - Pakistan,Published,"Sep 16, 2026","Oct 01, 2026",11:00 AM,https://epms.ppra.gov.pk/public/tenders/tender-details/TS0000013768E,Services,2026-10-01,2026-10-05T06:27:10.880745
1493,TS0000011538E,Maint works,,Civil Works,GE MAINT ORMARA letter No.6000/04/E-6 dated 14 Sep 2026,Ministry of Defence,Ormara - Pakistan,Published,"Sep 16, 2026","Oct 01, 2026",12:00 AM,https://epms.ppra.gov.pk/public/tenders/tender-details/TS0000011538E,Construction/Works,2026-10-01,2026-10-05T06:27:10.880745
1494,TS0000013860E,Servicing & Maintenance of 02 Nos. Passenger Lift Installed at State Life Building Rahim Yar Khan,Tender No:RE-RYK/Lift/05/2026 Annual Maintenance & Repair of Lift...,Mechanical/Machinery,Tender No:RE-RYK/Lift/05/2026,State Life Insurance Corporation of Pakistan,Rahim Yar Khan - Pakistan,Published,"Sep 16, 2026","Oct 01, 2026",11:00 AM,https://epms.ppra.gov.pk/public/tenders/tender-details/TS0000013860E,Construction/Works,2026-10-01,2026-10-05T06:27:10.880745
1495,TS0000013865E,"AD-A4942-NZ-Laundry Services Required for Senior Management, Daycare, FMC, MQT Department at PSO House","SPECIAL INSTRUCTIONS:  Any party interested to participate in any of the tender(s) may send its request for tender documents through SAP Ariba Portal in the following manner:  1.	Scanned copy of the duly signed and stamped request on official letterhead of the bidder shall be uploaded on SAP Ariba Portal. In the subject request letter, please mention “Tender Documents Collection Request – Tender No.______”. 2.	Request shall be accompanied by scanned copies of the following: a.	Valid NTN, GST/PST certificates, CNIC of owner/ authorized representative. Vendor should be an active tax payer. AD-A4942-NZ-Laundry Services Required for Senior...",Services,"AD-A4942-NZ-Laundry Services Required for Senior Management, Daycare, FMC, MQT Department at PSO House",Pakistan State Oil (PSO),Karachi - Pakistan,Published,"Sep 16, 2026","Oct 01, 2026",02:15 PM,https://epms.ppra.gov.pk/public/tenders/tender-details/TS0000013865E,Services,2026-10-01,2026-10-05T06:27:10.880745
1496,TS0000013866E,OPEN AUCTION OF CONDEMNED VEHICLES,,Vehicles,2-2/14-ADMN,Establishment Division,Islamabad - Pakistan,Published,"Sep 16, 2026","Oct 01, 2026",11:00 AM,https://epms.ppra.gov.pk/public/tenders/tender-details/TS0000013866E,Auction/Land,2026-10-01,2026-10-05T06:27:10.880745
1497,TS0000013868E,Procurement and Installation of Fire Hydrant Systems at CPO Building G-11/1 & PLHQ Building H-8/2,,Civil Goods,01/RB/LOG/NHMP/2026-27/,Ministry of Communications,Islamabad - Pakistan,Published,"Sep 16, 2026","Oct 01, 2026",11:00 AM,https://epms.ppra.gov.pk/public/tenders/tender-details/TS0000013868E,Construction/Works,2026-10-01,2026-10-05T06:27:10.880745
1498,TS0000013869E,"Provision of Security Services at EOBI House G-10/4, EOBI Guest House G-6/4 and Crown Plaza F-7, Islamabad","Provision of Security Services at EOBI House G-10/4, EOBI Guest House G-6/4 and Crown Plaza F-7, Islamabad Provision of Security Services at EOBI House...",Services,PRIMACO/P&C/Security Services Islamabad/09/01/2026,Ministry of Overseas Pakistanis & Human Resource Development,Islamabad - Pakistan,Published,"Sep 16, 2026","Oct 01, 2026",02:00 PM,https://epms.ppra.gov.pk/public/tenders/tender-details/TS0000013869E,Services,2026-10-01,2026-10-05T06:27:10.880745
1499,TS0000013871E,Hiring of Security and Janitorial Services,,Services,P111811,Federal Board of Revenue (FBR),Multan - Pakistan,Published,"Sep 16, 2026","Oct 01, 2026",11:30 AM,https://epms.ppra.gov.pk/public/tenders/tender-details/TS0000013871E,Services,2026-10-01,2026-10-05T06:27:10.880745
1500,TS0000013872E,AM-20013-NZ-Chlorinated Rubber Paint job for Walkways at PSO Lahore Airport,"SPECIAL INSTRUCTIONS:  Any party interested to participate in any of the tender(s) may send its request for tender documents through SAP Ariba Portal in the following manner:  1.	Scanned copy of the duly signed and stamped request on official letterhead of the bidder shall be uploaded on SAP Ariba Portal. In the subject request letter, please mention “Tender Documents Collection Request – Tender No.______”. 2.	Request shall be accompanied by scanned copies of the following: a.	Valid NTN, GST/PST certificates, CNIC of owner/ authorized representative. Vendor should be an active tax payer. AM-20013-NZ-Chlorinated Rubber Paint job for...",Services,AM-20013-NZ-Chlorinated Rubber Paint job for Walkways at PSO Lahore Airport,Pakistan State Oil (PSO),Karachi - Pakistan,Published,"Sep 16, 2026","Oct 01, 2026",12:15 PM,https://epms.ppra.gov.pk/public/tenders/tender-details/TS0000013872E,Services,2026-10-01,2026-10-05T06:27:10.880745
1501,TS0000012128E,PROCUREMENT OF 500KV S/C STEEL TOWER LEG & BODY EXTENSIONS (EXCLUDING MAIN LEG MEMBERS) FOR NGC ASSET MANAGEMENT,GSO-07M-2026 PROCUREMENT OF 500KV S/C STEEL TOWER LEG &...,Electrical Items,GSO-07M-2026,Ministry of Energy (Power Division),Lahore - Pakistan,PublishedCorrigendum,"Sep 16, 2026","Sep 29, 2026",11:00 AM,https://epms.ppra.gov.pk/public/tenders/tender-details/TS0000012128E,Energy/Utilities,2026-09-29,2026-10-05T06:27:10.880745
1502,TS0000012523E,NOTICE OF TENDER,,Miscellaneous,PR - 6/26-27,Ministry of Defence,Islamabad - Pakistan,PublishedCorrigendum,"Sep 16, 2026","Sep 29, 2026",11:00 AM,https://epms.ppra.gov.pk/public/tenders/tender-details/TS0000012523E,Other,2026-09-29,2026-10-05T06:27:10.880745
1503,TS0000013837E,Tender for Repair/Replacement & Maintenance work at Zonal Office Quetta,,Civil Works,SLIC/H7Ai/HR&ADMIN Quetta/2/2026,State Life Insurance Corporation of Pakistan,Islamabad - Pakistan,Published,"Sep 15, 2026","Oct 30, 2026",11:00 AM,https://epms.ppra.gov.pk/public/tenders/tender-details/TS0000013837E,Construction/Works,2026-10-30,2026-10-05T06:27:10.880745
1504,TS0000010524E,METALLURGICAL COKES,"METALLURGICAL COKES QTY.1,865,000 KGS., Tender...",Miscellaneous,SNT-2328/26,Sui Northern Gas Pipelines Limited (SNGPL),Islamabad - Pakistan,PublishedCorrigendum,"Sep 15, 2026","Oct 28, 2026",02:30 PM,https://epms.ppra.gov.pk/public/tenders/tender-details/TS0000010524E,Other,2026-10-28,2026-10-05T06:27:10.880745
1505,TS0000013787E,"Socket Welding Elbows 3/4"" & 1""","Socket Welding Elbows-02 Items (45,800 Nos.) Socket Welding Elbows 3/4"" & 1""",Miscellaneous,SND-2636/26,Sui Northern Gas Pipelines Limited (SNGPL),Islamabad - Pakistan,Published,"Sep 15, 2026","Oct 27, 2026",02:30 PM,https://epms.ppra.gov.pk/public/tenders/tender-details/TS0000013787E,Other,2026-10-27,2026-10-05T06:27:10.880745
1506,TS0000013828E,MISCELLANEOUS AGRO CHEMICAL PESTICIDES/ INSECTICIDES/ FUNGICIDES/ WEEDICIDES/ HERBICIDES/ PHEROMONES,MISCELLANEOUS AGRO CHEMICAL PESTICIDES/ INSECTICIDES/ FUNGICIDES/ WEEDICIDES/  HERBICIDES/ PHEROMONES MISCELLANEOUS AGRO CHEMICAL PESTICIDES/...,Chemical Items,03/IRADA/INTL/2027,Ministry of Science and Technology,Lahore - Pakistan,Published,"Sep 15, 2026","Oct 19, 2026",02:00 PM,https://epms.ppra.gov.pk/public/tenders/tender-details/TS0000013828E,Other,2026-10-19,2026-10-05T06:27:10.880745
1507,TS0000013786E,WAPDA DUBER KPS PRD NO. 072,"DUBER KHWAR POWER STATION PATTAN PROCUREMENT OF CURRENT TRANSFORMER CT, VOLTAGE...",Miscellaneous,PRD(L)/WAPDA/072(2026-27),Water and Power Development Authority (WAPDA),Lahore - Pakistan,Published,"Sep 15, 2026","Oct 14, 2026",11:00 AM,https://epms.ppra.gov.pk/public/tenders/tender-details/TS0000013786E,Other,2026-10-14,2026-10-05T06:27:10.880745
1508,TS0000013783E,Consultancy Services for Techno Economic Feasibility & Detailed Design for Construction of Bridge Over Tarbella Catchment Area Connecting Cherian Pind with Murad Pur,at Chakai Area Consultancy Services for Techno Economic Feasibility & Detailed Design for Construction of Bridge Over Tarbella Catchment Area Connecting Cherian Pind with Murad Pur at Chakai Area,Services,6693,Ministry of Communications,Islamabad - Pakistan,Published,"Sep 15, 2026","Oct 13, 2026",11:30 AM,https://epms.ppra.gov.pk/public/tenders/tender-details/TS0000013783E,Construction/Works,2026-10-13,2026-10-05T06:27:10.880745
1509,TS0000013794E,"Procurement of Electrical items ,MS Plates & Telephone exchange spares","TE # 0029,0036 & 0039/HVN/LP/57 0039-HVN-LP-57 Dt. 11-09-2026 Telephone exchange...",Miscellaneous,"TE # 0029,0036 & 0039/HVN/LP/57",Ministry of Defence Production,Abbottabad - Pakistan,Published,"Sep 15, 2026","Oct 13, 2026",10:00 AM,https://epms.ppra.gov.pk/public/tenders/tender-details/TS0000013794E,Energy/Utilities,2026-10-13,2026-10-05T06:27:10.880745
1510,TS0000013791E,Repair Maint Works,Filling Factory Wah Cantt Contract for repair maint minor works,Civil Works,PQN No 05/06/07/Civil/TC/Maint/Roof Shed/FBM/2026-27,Ministry of Defence Production,Wah Cantt - Pakistan,Published,"Sep 15, 2026","Oct 10, 2026",11:30 AM,https://epms.ppra.gov.pk/public/tenders/tender-details/TS0000013791E,Construction/Works,2026-10-10,2026-10-05T06:27:10.880745
1511,TS0000013781E,Consultancy Services for Design Updation of Guide Banks and Approach Roads of the Existing Bridge Across River Indus Connecting Kallurkot D/S or U/S with D.I. KHAN,Consultancy Services for Design Updation of Guide Banks and Approach Roads of the Existing Bridge Across River Indus Connecting Kallurkot D/S or U/S with D.I. KHAN,Services,6692,Ministry of Communications,Islamabad - Pakistan,Published,"Sep 15, 2026","Oct 08, 2026",11:30 AM,https://epms.ppra.gov.pk/public/tenders/tender-details/TS0000013781E,Services,2026-10-08,2026-10-05T06:27:10.880745
1512,TS0000013792E,AUTOMATED FLASH POINT TESTER PMCC ALONGWITH STANDARD ACCESSORIES,AUTOMATED FLASH POINT TESTER PMCC ALONGWITH...,Miscellaneous,2690414/R-2609/310102,Directorate of Procurement (Navy),Islamabad - Pakistan,Published,"Sep 15, 2026","Oct 08, 2026",10:30 AM,https://epms.ppra.gov.pk/public/tenders/tender-details/TS0000013792E,Other,2026-10-08,2026-10-05T06:27:10.880745
1513,TS0000013804E,TENDER NOTICE FOR PROCUREMENT OF SURVEILLANCE/ SECURITY EQUIPMENT FOR FY 2026/27,,Equipments,09,Ministry of Interior and Narcotics Control,Turbat - Pakistan,Published,"Sep 15, 2026","Oct 08, 2026",12:07 PM,https://epms.ppra.gov.pk/public/tenders/tender-details/TS0000013804E,Services,2026-10-08,2026-10-05T06:27:10.880745
1514,TS0000013805E,SOLDERING / DE-SOLDERING STATIONS INCLUDING FOLLOWING ACCESSORIES,SOLDERING / DE-SOLDERING STATIONS INCLUDING...,Miscellaneous,2690310/R-2609/310103,Directorate of Procurement (Navy),Islamabad - Pakistan,Published,"Sep 15, 2026","Oct 08, 2026",10:30 AM,https://epms.ppra.gov.pk/public/tenders/tender-details/TS0000013805E,Other,2026-10-08,2026-10-05T06:27:10.880745
1515,TS0000013809E,COOLANT BOILING POINT TESTER ALONGWITH STANDARD ACCESSORIES,COOLANT BOILING POINT TESTER ALONGWITH STANDARD...,Miscellaneous,2690416/R-2609/310105,Directorate of Procurement (Navy),Islamabad - Pakistan,Published,"Sep 15, 2026","Oct 08, 2026",10:30 AM,https://epms.ppra.gov.pk/public/tenders/tender-details/TS0000013809E,Other,2026-10-08,2026-10-05T06:27:10.880745
1516,TS0000013810E,BALLY LEATHER FLEXING TESTER ALONGWITH STANDARD ACCESSORIES,BALLY LEATHER FLEXING TESTER ALONGWITH STANDARD...,Miscellaneous,2690417/R-2609/310106,Directorate of Procurement (Navy),Islamabad - Pakistan,Published,"Sep 15, 2026","Oct 08, 2026",10:30 AM,https://epms.ppra.gov.pk/public/tenders/tender-details/TS0000013810E,Other,2026-10-08,2026-10-05T06:27:10.880745
1517,TS0000013822E,AUTOMATED ABEL CLOSED CUP FLASH POINT TESTER ALONGWITH ACCESSORIES,AUTOMATED ABEL CLOSED CUP FLASH POINT TESTER...,Miscellaneous,2690419/R-2609/310107,Directorate of Procurement (Navy),Islamabad - Pakistan,Published,"Sep 15, 2026","Oct 08, 2026",10:30 AM,https://epms.ppra.gov.pk/public/tenders/tender-details/TS0000013822E,Other,2026-10-08,2026-10-05T06:27:10.880745
1518,TS0000013773E,Re-Location / Re-Routing of UG Cables (OFC & Copper) Along with smart equipment during construction of mass transit project from people’s colony to Rahwali Cantt.,GT Road Gujranwala Re-Location / Re-Routing of UG Cables  (OFC & Copper) Along with smart  equipment during construction of mass  transit project from people’s colony to  Rahwali Cantt. GT Road Gujranwala Re-Location / Re-Routing of UG Cables (OFC &...,Miscellaneous,DEP-NTC/GJR/05-D(a)/2026- 27,Ministry of IT and TeleCommunication,Lahore - Pakistan,Published,"Sep 15, 2026","Oct 07, 2026",11:00 AM,https://epms.ppra.gov.pk/public/tenders/tender-details/TS0000013773E,Construction/Works,2026-10-07,2026-10-05T06:27:10.880745
1519,TS0000013777E,Procurement of Empty Cartons & Accessories,,Miscellaneous,"T.E. NO. 37-LP-CARTONS-ACC-WIL-HTP, DT: 12-08-2026",Wah Industries Limited,Wah Cantt - Pakistan,Published,"Sep 15, 2026","Oct 07, 2026",11:30 AM,https://epms.ppra.gov.pk/public/tenders/tender-details/TS0000013777E,Goods/Supplies,2026-10-07,2026-10-05T06:27:10.880745
1520,TS0000013811E,Paint Finishing Black Type: Alkyed,Paint Finishing Black Type: Alkyed,Miscellaneous,2614033/R-2609/340115,Directorate of Procurement (Navy),Islamabad - Pakistan,Published,"Sep 15, 2026","Oct 07, 2026",10:30 AM,https://epms.ppra.gov.pk/public/tenders/tender-details/TS0000013811E,Other,2026-10-07,2026-10-05T06:27:10.880745
1521,TS0000013812E,"Paint Finishing, Heat Resisting Aluminum","Paint Finishing, Heat Resisting Aluminum",Miscellaneous,2614016/R-2609/340116,Directorate of Procurement (Navy),Islamabad - Pakistan,Published,"Sep 15, 2026","Oct 07, 2026",10:30 AM,https://epms.ppra.gov.pk/public/tenders/tender-details/TS0000013812E,Other,2026-10-07,2026-10-05T06:27:10.880745
1522,TS0000013814E,"Paint Priming Red Oxide, Zinc Chromate Color Venetian Red","Paint Priming Red Oxide, Zinc Chromate Color...",Miscellaneous,2614029/R-2609/340117,Directorate of Procurement (Navy),Islamabad - Pakistan,Published,"Sep 15, 2026","Oct 07, 2026",10:30 AM,https://epms.ppra.gov.pk/public/tenders/tender-details/TS0000013814E,Other,2026-10-07,2026-10-05T06:27:10.880745
1523,TS0000012815E,"CORRIGENDUM TENDER NOTICE PROVISION OF BOUNDARY FENCE AROUND PAA LAND TOWARDS LANDSIDE AND REHABILITATION OF EXISTING FENCE IN DIFFERENT AREAS AT AIIAP, LAHORE","CORRIGENDUM TENDER NOTICE PROVISION OF BOUNDARY FENCE AROUND PAA LAND TOWARDS LANDSIDE AND REHABILITATION OF EXISTING FENCE IN DIFFERENT AREAS AT AIIAP, LAHORE CORRIGENDUM TENDER NOTICE PROVISION OF BOUNDARY...",Civil Works,12515C,Pakistan Airports Authority (PAA),Karachi - Pakistan,PublishedCorrigendum,"Sep 15, 2026","Oct 07, 2026",11:00 AM,https://epms.ppra.gov.pk/public/tenders/tender-details/TS0000012815E,Construction/Works,2026-10-07,2026-10-05T06:27:10.880745
1524,TS0000013724E,Procurement of 11 KV Dropout Cutout (Single Insulator),"Hyderabad Electric Supply Company (HESCO),...",Electrical Items,1995/26,Ministry of Energy (Power Division),Hyderabad - Pakistan,Published,"Sep 15, 2026","Oct 06, 2026",11:00 AM,https://epms.ppra.gov.pk/public/tenders/tender-details/TS0000013724E,Energy/Utilities,2026-10-06,2026-10-05T06:27:10.880745
1525,TS0000013727E,Procurement of Eye Nut,"Hyderabad Electric Supply Company (HESCO),...",Electrical Items,1996/26,Ministry of Energy (Power Division),Hyderabad - Pakistan,Published,"Sep 15, 2026","Oct 06, 2026",11:00 AM,https://epms.ppra.gov.pk/public/tenders/tender-details/TS0000013727E,Energy/Utilities,2026-10-06,2026-10-05T06:27:10.880745
1526,TS0000013733E,Procurement of HT Steel Structure 34.8' feet long,"Hyderabad Electric Supply Company (HESCO),...",Electrical Items,1997/26,Ministry of Energy (Power Division),Hyderabad - Pakistan,Published,"Sep 15, 2026","Oct 06, 2026",11:00 AM,https://epms.ppra.gov.pk/public/tenders/tender-details/TS0000013733E,Energy/Utilities,2026-10-06,2026-10-05T06:27:10.880745
1527,TS0000013775E,"RATE RUNNING CONTRACT FOR RE-CONSTRUCTION OF FALLEN BOUNDARY WALLS UNDER GEPCO, SIALKOT, GUJRAT AND GUJRANWALA",RECONSTRUCTION OF BOUNDARY WALLS 1. RATE RUNNING CONTRACT FOR THE RE-CONSTRUCTION...,Civil Works,01/2026-27,Ministry of Energy (Power Division),Gujranwala - Pakistan,Published,"Sep 15, 2026","Oct 06, 2026",11:00 AM,https://epms.ppra.gov.pk/public/tenders/tender-details/TS0000013775E,Construction/Works,2026-10-06,2026-10-05T06:27:10.880745
1528,TS0000013780E,Lubricants,Supply of Lubricants Lubricants,Miscellaneous,LEP-011/26,Sui Northern Gas Pipelines Limited (SNGPL),Lahore - Pakistan,PublishedCorrigendum,"Sep 15, 2026","Oct 06, 2026",02:30 PM,https://epms.ppra.gov.pk/public/tenders/tender-details/TS0000013780E,Other,2026-10-06,2026-10-05T06:27:10.880745
1529,TS0000013782E,HIRING OF 150 MBPS COMMITTED INFORMATION RATE (CIR) INTERNET SERVICES OVER OPTICAL FIBER CABLE (OFC),HIRING OF 150 MBPS COMMITTED INFORMATION RATE (CIR) INTERNET SERVICES OVER OPTICAL FIBER CABLE (OFC),Miscellaneous,IT/DC/003/26,Karachi Shipyard and Engineering Works Ltd,Karachi - Pakistan,Published,"Sep 15, 2026","Oct 06, 2026",11:00 AM,https://epms.ppra.gov.pk/public/tenders/tender-details/TS0000013782E,Services,2026-10-06,2026-10-05T06:27:10.880745
1530,TS0000013799E,"Procurement of SS Seamless pipes, Bolt with nut, Hydraulic pumps & Electrical store","TE # 0013,0016,0022 & 0024/HVN/LP57 0016-HVN-LP-57 Dt. 11-09-2026 Bolt with nut 12...",Miscellaneous,"TE # 0013,0016,0022 & 0024/HVN/LP57",Ministry of Defence Production,Abbottabad - Pakistan,Published,"Sep 15, 2026","Oct 06, 2026",10:00 AM,https://epms.ppra.gov.pk/public/tenders/tender-details/TS0000013799E,Energy/Utilities,2026-10-06,2026-10-05T06:27:10.880745
1531,TS0000013800E,PORTABLE IPLEX VIDEOSCOPE,PORTABLE IPLEX VIDEOSCOPE,Equipments,2690406/R-2609/310089,Directorate of Procurement (Navy),Islamabad - Pakistan,Published,"Sep 15, 2026","Oct 06, 2026",10:30 AM,https://epms.ppra.gov.pk/public/tenders/tender-details/TS0000013800E,Goods/Supplies,2026-10-06,2026-10-05T06:27:10.880745
1532,TS0000013801E,DIGITAL ELMENDORF TEARING TESTER ALONGWITH STANDARD ACCESSORIES,DIGITAL ELMENDORF TEARING TESTER ALONGWITH...,Equipments,2690413/R-2609/310099,Directorate of Procurement (Navy),Islamabad - Pakistan,Published,"Sep 15, 2026","Oct 06, 2026",10:30 AM,https://epms.ppra.gov.pk/public/tenders/tender-details/TS0000013801E,IT/Technology,2026-10-06,2026-10-05T06:27:10.880745
1533,TS0000013807E,DATA COLOR SPECTROPHOTOMETER 1000 SERIES ALONGWITH STANDARD ACCESSORIES,DATA COLOR SPECTROPHOTOMETER 1000 SERIES...,Miscellaneous,2690418/R-2609/310104,Directorate of Procurement (Navy),Islamabad - Pakistan,Published,"Sep 15, 2026","Oct 06, 2026",10:30 AM,https://epms.ppra.gov.pk/public/tenders/tender-details/TS0000013807E,Other,2026-10-06,2026-10-05T06:27:10.880745
1534,TS0000013820E,COMMISSIONING OF 01 X ENDOSCOPY ULTRASOUND SYSTEM (EUS,COMMISSIONING OF 01 X ENDOSCOPY ULTRASOUND SYSTEM...,Equipments,2690051/R-2609/310100,Directorate of Procurement (Navy),Islamabad - Pakistan,Published,"Sep 15, 2026","Oct 06, 2026",10:30 AM,https://epms.ppra.gov.pk/public/tenders/tender-details/TS0000013820E,IT/Technology,2026-10-06,2026-10-05T06:27:10.880745
1535,TS0000013821E,AUTOMATIC POUR AND CLOUD POINT TESTER ALONGWITH STANDARD ACCESSORIES,AUTOMATIC POUR AND CLOUD POINT TESTER ALONGWITH...,Miscellaneous,2690415/R-2609/310101,Directorate of Procurement (Navy),Islamabad - Pakistan,Published,"Sep 15, 2026","Oct 06, 2026",10:30 AM,https://epms.ppra.gov.pk/public/tenders/tender-details/TS0000013821E,Other,2026-10-06,2026-10-05T06:27:10.880745
1536,TS0000013830E,"PROCUREMENT, SUPPLY & PLACEMENT OF IRON CASH CAGES WITH TRIPLE LOCK SYSTEM AT NBP GHALLA MANDI NANKANA SAHIB BRANCH SHEIKUPURA UNDER RO SHEIKHUPURA (0379)","PROCUREMENT, SUPPLY & PLACEMENT OF IRON CASH...",Furniture/Fixture,P121117,National Bank of Pakistan (NBP),Karachi - Pakistan,Published,"Sep 15, 2026","Oct 06, 2026",11:00 AM,https://epms.ppra.gov.pk/public/tenders/tender-details/TS0000013830E,IT/Technology,2026-10-06,2026-10-05T06:27:10.880745
1537,TS0000013494E,"MAJOR RENOVATION & REFURBISHMENT WORK OF NBP KANDIARO BRANCH (0093), SUKKUR REGION","MAJOR RENOVATION & REFURBISHMENT WORK OF NBP KANDIARO BRANCH (0093), SUKKUR REGION MAJOR RENOVATION & REFURBISHMENT WORK OF NBP...",Civil Works,P98821,National Bank of Pakistan (NBP),Karachi - Pakistan,PublishedCorrigendum,"Sep 15, 2026","Oct 05, 2026",11:00 AM,https://epms.ppra.gov.pk/public/tenders/tender-details/TS0000013494E,Construction/Works,2026-10-05,2026-10-05T06:27:10.880745
1538,TS0000013769E,Procurement of Fire Tube Boiler (D-Type) For Hydraulic Press Machinery,0446/2026-27/IT-6204/FOR-A/SPF/SCM dated 04 Sep 2026 Procurement of Fire Tube Boiler (D-Type) For...,Mechanical/Machinery,0446/2026-27/IT-6204/FOR-A/SPF/SCM dated 04 Sep 2026,Ministry of Defence Production,Taxila - Pakistan,Published,"Sep 15, 2026","Oct 05, 2026",10:30 AM,https://epms.ppra.gov.pk/public/tenders/tender-details/TS0000013769E,Goods/Supplies,2026-10-05,2026-10-05T06:27:10.880745
1539,TS0000013770E,Proc of Racks (3x9x16 ft) with 4 Storage Shelves,5081/IT-7865/26-27/SCM/FOR-B/SCM Dte dated 11 Sep 2026 Proc of Racks (3x9x16 ft) with 4 Storage Shelves,Miscellaneous,5081/IT-7865/26-27/SCM/FOR-B/SCM Dte dated 11 Sep 2026,Ministry of Defence Production,Taxila - Pakistan,Published,"Sep 15, 2026","Oct 05, 2026",10:30 AM,https://epms.ppra.gov.pk/public/tenders/tender-details/TS0000013770E,Other,2026-10-05,2026-10-05T06:27:10.880745
1540,TS0000013813E,Headquarters Frontier Corps Balochistan (North) Tender notes for procurement of Signal Equipments / Repairing of Signals Equipments for the current FY 2026-27,Headquarters Frontier Corps Balochistan (North) Tender notes for procurement of Signal Equipments / Repairing of Signals Equipments for the current FY 2026-27 Headquarters Frontier Corps Balochistan (North)...,Equipments,14,Frontier Constabulary,Quetta - Pakistan,Published,"Sep 15, 2026","Oct 05, 2026",11:30 AM,https://epms.ppra.gov.pk/public/tenders/tender-details/TS0000013813E,Goods/Supplies,2026-10-05,2026-10-05T06:27:10.880745
1541,TS0000013826E,"Procurement of SMART Android LEDs for IT Department at CUI, Sahiwal Campus",,Appliances,Tender No. CUI/SWL/Procurement/FY 26 27/57/241,COMSATS University Islamabad,Islamabad - Pakistan,Published,"Sep 15, 2026","Oct 05, 2026",11:00 AM,https://epms.ppra.gov.pk/public/tenders/tender-details/TS0000013826E,IT/Technology,2026-10-05,2026-10-05T06:27:10.880745
1542,TS0000013827E,PACKING MATERIAL / MISCELLANEOUS AGRO CHEMICALS,PACKING MATERIAL / MISCELLANEOUS AGRO CHEMICALS PACKING MATERIAL / MISCELLANEOUS AGRO CHEMICALS,Chemical Items,01PMRM/2027,Ministry of Science and Technology,Lahore - Pakistan,Published,"Sep 15, 2026","Oct 05, 2026",02:00 PM,https://epms.ppra.gov.pk/public/tenders/tender-details/TS0000013827E,Goods/Supplies,2026-10-05,2026-10-05T06:27:10.880745
1543,TS0000013838E,Supply of Cash Consumables at SBP BSC Faisalabad,Supply of Cash Consumables items at SBP BSC...,Miscellaneous,P119209,State Bank of Pakistan (SBP),Faisalabad - Pakistan,Published,"Sep 15, 2026","Oct 05, 2026",11:00 AM,https://epms.ppra.gov.pk/public/tenders/tender-details/TS0000013838E,Goods/Supplies,2026-10-05,2026-10-05T06:27:10.880745
1544,TS0000013849E,Janitorial Services for SMEDA Islamabad Office,Janitorial Services for SMEDA Islamabad Office PROCUREMENT NOTICE PROCUREMENT OF NON-CONSULTANCY...,Services,P99073,Small and Medium Enterprises Development Authority (SMEDA),Lahore - Pakistan,Published,"Sep 15, 2026","Oct 05, 2026",12:00 PM,https://epms.ppra.gov.pk/public/tenders/tender-details/TS0000013849E,Services,2026-10-05,2026-10-05T06:27:10.880745
1545,TS0000013796E,"Procurement of Miscellaneous I.T Items for CUI, Sahiwal Campus",,Miscellaneous,Tender No. CUI/SWL/Procurement/FY 26 27/56/240,COMSATS University Islamabad,Islamabad - Pakistan,Published,"Sep 15, 2026","Oct 02, 2026",11:00 AM,https://epms.ppra.gov.pk/public/tenders/tender-details/TS0000013796E,Goods/Supplies,2026-10-02,2026-10-05T06:27:10.880745
1546,TS0000013816E,Hiring of Firm for Outsourced HR Support Services,,Services,P80017,Ministry of Energy (Power Division),Islamabad - Pakistan,Published,"Sep 15, 2026","Oct 02, 2026",11:00 AM,https://epms.ppra.gov.pk/public/tenders/tender-details/TS0000013816E,Services,2026-10-02,2026-10-05T06:27:10.880745
1547,TS0000013824E,Local Purchase of Miscellaneous Items,,Miscellaneous,9602/Accounts,Pakistan Army,Rawalpindi - Pakistan,Published,"Sep 15, 2026","Oct 02, 2026",10:00 AM,https://epms.ppra.gov.pk/public/tenders/tender-details/TS0000013824E,Goods/Supplies,2026-10-02,2026-10-05T06:27:10.880745
1548,TS0000013825E,Hiring of Legal Advisor on Retainership Basis,Hiring of Legal Advisor on Retainership INVITATION FOR PROPOSALS APPOINTMENT OF LEGAL...,Services,P122107,Ministry of Industries & Production (MoIP),Islamabad - Pakistan,Published,"Sep 15, 2026","Oct 02, 2026",10:30 AM,https://epms.ppra.gov.pk/public/tenders/tender-details/TS0000013825E,Services,2026-10-02,2026-10-05T06:27:10.880745
1549,TS0000013831E,Procurement of Fire Extinguishers at CUI WAH Campus,"Procurement of Fire Extinguishers at CUI WAH Campus 1. The Comsats University, Islamabad (Wah Campus) has reserved Funds for the procurement planned for FY 2026-27. The Comsats University, Islamabad (Wah Campus) intends to apply part of the proceeds of this Fund to cover eligible payments under the contract for the ""Procurement of Fire Extinguishers at CUI WAH Campus"" with the reference of ""P121198"". 2. The Comsats University, Islamabad (Wah Campus) invites sealed Bids from eligible Bidders for procurement of goods described in the bidding documents on EPADS v2.0. 3. Single Stage-Two Envelope will be used by adopting Least Cost Based Selection (LCBS) Technique for the subject procurement, in line with the Public Procurement Rules, 2004 and any Regulations, Regulatory Guides, Procurement Guidelines or Instructions issued by the Authority from time to time. 4. All Bids must be accompanied by a Bid Security amounting described in Bid Security Section in Bidding Document in the form of or all bids must be accompanied by bid securing declaration in the format specified in the Bidding documents 5. E-Bidding documents, containing detailed terms & conditions, specifications and requirements etc. are available on e-Pak Acquisition and Disposal System (EPADS) at https://epads.gov.pk/opportunities/federal/procurements/121198 for all the interested bidders registered on EPADS v2.0. Bidders are required to get themselves registered on EPADS v2.0 to participate in Bidding process. 6. The e-bids, prepared in accordance with the instructions in the e-Bidding Documents, must be submitted through EPADS v2.0 on or before Friday, October 2, 2026 11:00 AM. E-bids will be opened using EPADS v2.0 on the same day at Friday, October 2, 2026 11:30 AM. Manual submission of Bids shall not be entertained. Those vendors who have not yet registered on the new version of EPADS v2.0, may register themselves on https://vendors.epads.gov.pk/. A tutorial to explain the registration process is available at https://www.youtube.com/watch?v=MNW6T38v7tc In terms of Rule 48 of Public Procurement Rules, 2004 Grievance Redressal Committee (GRC) is notified for the subject procurement and notification copy is available on the procuring agency’s website and on Authority’s website at (www.ppra.org.pk). Comsats University, Islamabad (Wah Campus)   Purchase Officer Comsats University Wah Campus, G.T Road, Wah Cantt., Rawalpindi, Rawalpindi (District), Rawalpindi Division (Division), Punjab (Province). +92-331-528-6834 muhammad.shujah@ciitwah.edu.pk Procurement of Fire Extinguishers at CUI WAH...",Equipments,P121198,Higher Education Commission (HEC),Wah Cantt - Pakistan,Published,"Sep 15, 2026","Oct 02, 2026",11:00 AM,https://epms.ppra.gov.pk/public/tenders/tender-details/TS0000013831E,Goods/Supplies,2026-10-02,2026-10-05T06:27:10.880745
1550,TS0000013832E,Multiple Tenders for Procurement of Goods & Services,,Miscellaneous,PD/O&M/PT/34625/26,Pakistan Petroleum Limited (PPL),Karachi - Pakistan,Published,"Sep 15, 2026","Oct 02, 2026",03:00 AM,https://epms.ppra.gov.pk/public/tenders/tender-details/TS0000013832E,Services,2026-10-02,2026-10-05T06:27:10.880745
1551,TS0000013835E,Security Services for Zonal Office & Out Station Cash Counters,Tender Notice No. HR&A/SLIC/RYK/006/2026  September 2026 Security Services contract for State Life Zonal...,Services,Tender Notice No. HR&A/SLIC/RYK/006/2026 September 2026,State Life Insurance Corporation of Pakistan,Rahim Yar Khan - Pakistan,Published,"Sep 15, 2026","Oct 02, 2026",11:00 AM,https://epms.ppra.gov.pk/public/tenders/tender-details/TS0000013835E,Services,2026-10-02,2026-10-05T06:27:10.880745
1552,TS0000013846E,Misc upgradation works,Misc upgradation works Misc upgradation works,Civil Works,6002-1/DP/E6-2GPRIXB,Ministry of Defence,Rawalpindi - Pakistan,Published,"Sep 15, 2026","Oct 02, 2026",11:30 AM,https://epms.ppra.gov.pk/public/tenders/tender-details/TS0000013846E,Construction/Works,2026-10-02,2026-10-05T06:27:10.880745
1553,TS0000013852E,Acquisition & Renewal of in-use Adobe Software Licenses,,Info and Comm Tech,GSD (PROC-I)/ P89902 /Renewal/Software/2026,State Bank of Pakistan (SBP),Karachi - Pakistan,Published,"Sep 15, 2026","Oct 02, 2026",11:00 AM,https://epms.ppra.gov.pk/public/tenders/tender-details/TS0000013852E,IT/Technology,2026-10-02,2026-10-05T06:27:10.880745
1554,TS0000011849E,Vacant Space At Post Plaza 2nd Floor,"Post Plaza 2nd Floor Post Plaza 2nd Floor, Commercial Market,...",Leasing,D10594,Ministry of Communications,Rawalpindi - Pakistan,PublishedCorrigendum,"Sep 15, 2026","Oct 01, 2026",10:30 AM,https://epms.ppra.gov.pk/public/tenders/tender-details/TS0000011849E,Other,2026-10-01,2026-10-05T06:27:10.880745
1555,TS0000013771E,"Proc of Electric Loader Rickshaw, Procurement of Preservation Machine","5081/IT-7863/26-27/SCM/FOR-B/SCM Dte dated 05 Sep 2026, 5081/IT-7866/26-27/SCM/FOR-B/SCM dated 11 September 2026 Proc of Electric Loader Rickshaw, Procurement of...",Miscellaneous,"5081/IT-7863/26-27/SCM/FOR-B/SCM Dte dated 05 Sep 2026, 5081/IT-7866/26-27/SCM/FOR-B/SCM dated 11 September 2026",Ministry of Defence Production,Taxila - Pakistan,Published,"Sep 15, 2026","Oct 01, 2026",10:30 AM,https://epms.ppra.gov.pk/public/tenders/tender-details/TS0000013771E,Energy/Utilities,2026-10-01,2026-10-05T06:27:10.880745
1556,TS0000013772E,"Procurement of Work Stations, Procurement of Laser Mark Machine","5081/IT-7867/26-27/SCM/FOR-B/SCM dated 11 September 2026, 5081/IT-7868/26-27/SCM/FOR-B/SCM dated 11 September 2026 Procurement of Work Stations, Procurement of...",Miscellaneous,"5081/IT-7867/26-27/SCM/FOR-B/SCM dated 11 September 2026, 5081/IT-7868/26-27/SCM/FOR-B/SCM dated 11 September 2026",Ministry of Defence Production,Taxila - Pakistan,Published,"Sep 15, 2026","Oct 01, 2026",10:30 AM,https://epms.ppra.gov.pk/public/tenders/tender-details/TS0000013772E,Goods/Supplies,2026-10-01,2026-10-05T06:27:10.880745
1557,TS0000013784E,"ELECTRONICS, SEMICONDUCTOR, PCB & SMT EQUIPMENT STUDIO, AUDIO-VISUAL & MEDIA EQUIPMENT ELECTRICAL, KITCHEN EQUIPMENT","ELECTRONICS, SEMICONDUCTOR, PCB & SMT EQUIPMENT STUDIO, AUDIO-VISUAL & MEDIA EQUIPMENT ELECTRICAL, KITCHEN EQUIPMENT ELECTRONICS, SEMICONDUCTOR, PCB & SMT...",Electrical Items,03-IRADA/2027,Ministry of Science and Technology,Lahore - Pakistan,Published,"Sep 15, 2026","Oct 01, 2026",02:00 PM,https://epms.ppra.gov.pk/public/tenders/tender-details/TS0000013784E,Medical/Health,2026-10-01,2026-10-05T06:27:10.880745
1558,TS0000013788E,PROC OF INSERTS,MD AMF,Miscellaneous,PACB/751-A/100826011/1289/P-2,Ministry of Defence Production,Rawalpindi - Pakistan,Published,"Sep 15, 2026","Oct 01, 2026",10:30 AM,https://epms.ppra.gov.pk/public/tenders/tender-details/TS0000013788E,Other,2026-10-01,2026-10-05T06:27:10.880745
1559,TS0000013790E,PROCUREMENT OF HEAT TREATMENT LUBRICANTS,MD AMF,Miscellaneous,PACB/751-A/060726003/1290/P-2,Ministry of Defence Production,Rawalpindi - Pakistan,Published,"Sep 15, 2026","Oct 01, 2026",10:30 AM,https://epms.ppra.gov.pk/public/tenders/tender-details/TS0000013790E,Goods/Supplies,2026-10-01,2026-10-05T06:27:10.880745
1560,TS0000013795E,ESTABLISHMENT OF A CLOSED FRAMEWORK AGREEMENT FOR SUPPLY OF STATIONERY ITEMS,"Islamabad Model College for Girls (IMCG), F-10/2,...",Stationery,FFW9586,Ministry of Federal Education and Professional Training,Islamabad - Pakistan,Published,"Sep 15, 2026","Oct 01, 2026",10:00 AM,https://epms.ppra.gov.pk/public/tenders/tender-details/TS0000013795E,Goods/Supplies,2026-10-01,2026-10-05T06:27:10.880745
1561,TS0000013803E,Procurement of Misc Items from local and Import and Eraction installation and Refurbishment,"Procurement of Misc Items from local and Import and Eraction installation and Refurbishment HMC-48/2026 (Due on 22-09-2026), HMC-49/2026 (Due...",Miscellaneous,"HMC-48/2026, HMC-49/2026 & Tender Enquiry No. PLE-26-077",Heavy Mechanical Complex,Taxila - Pakistan,Published,"Sep 15, 2026","Oct 01, 2026",02:00 PM,https://epms.ppra.gov.pk/public/tenders/tender-details/TS0000013803E,Goods/Supplies,2026-10-01,2026-10-05T06:27:10.880745
1562,TS0000013806E,Establishment of a Closed Framework Agreement for Supply of Other Items,"Islamabad Model College for Girls (IMCG), F-10/2,...",Miscellaneous,FFW9784,Ministry of Federal Education and Professional Training,Islamabad - Pakistan,Published,"Sep 15, 2026","Oct 01, 2026",10:00 AM,https://epms.ppra.gov.pk/public/tenders/tender-details/TS0000013806E,Goods/Supplies,2026-10-01,2026-10-05T06:27:10.880745
1563,TS0000013834E,Tender for Procurement of Misc. Items,Tender for Procurement of Misc. Items for daily...,Miscellaneous,P113104,Pakistan Institute of Parliamentary Affairs,Islamabad - Pakistan,Published,"Sep 15, 2026","Oct 01, 2026",11:00 AM,https://epms.ppra.gov.pk/public/tenders/tender-details/TS0000013834E,Goods/Supplies,2026-10-01,2026-10-05T06:27:10.880745
1564,TS0000013840E,"Procurement of Horticulture Items (Seeds, Plants, Pots, Insecticides- Weedicides, Nursery Items, Machinery Parts & Tools)",,Miscellaneous,P118495/ IFB No. 07/2026-27,Higher Education Commission (HEC),Islamabad - Pakistan,Published,"Sep 15, 2026","Oct 01, 2026",10:30 AM,https://epms.ppra.gov.pk/public/tenders/tender-details/TS0000013840E,Goods/Supplies,2026-10-01,2026-10-05T06:27:10.880745
1565,TS0000013844E,Hiring/Appointment of Independent Shares Registrar (As Per BOQ) (Under Single Stage One Envelope Bidding Procedure) (On Complete Package Basis).,Hiring/Appointment of Independent Shares Registrar (As Per BOQ) (Under Single Stage One Envelope Bidding Procedure) (On Complete Package Basis). Hiring/Appointment of Independent Shares...,Services,SSGC/SC/NR/EPADS2/14462,Ministry of Energy (Petroleum Division),Karachi - Pakistan,Published,"Sep 15, 2026","Oct 01, 2026",12:00 PM,https://epms.ppra.gov.pk/public/tenders/tender-details/TS0000013844E,Services,2026-10-01,2026-10-05T06:27:10.880745
1566,TS0000013890E,"OUTSOURCING OF MANPOWER, JANITORIAL SERVICES, SECURITY SERVICES, AND NAIB QASIDS",,Miscellaneous,P122809,Auditer General of Pakistan,Islamabad - Pakistan,Published,"Sep 15, 2026","Sep 30, 2026",11:00 AM,https://epms.ppra.gov.pk/public/tenders/tender-details/TS0000013890E,Energy/Utilities,2026-09-30,2026-10-05T06:27:10.880745
1567,TS0000013689E,PROCUREMENT OF MISC SPARES AND GOODS,NORMAL TENDER Tender bulletin of Misc spares / goods of items...,Miscellaneous,CLP/IT/1195,Ministry of Defence,Karachi. - Pakistan,Published,"Sep 15, 2026","Sep 30, 2026",10:00 AM,https://epms.ppra.gov.pk/public/tenders/tender-details/TS0000013689E,Goods/Supplies,2026-09-30,2026-10-05T06:27:10.880745
1568,TS0000012953E,FESCO TENDER NOTICE,Supply Of Material,Electrical Items,TENDER NO.NCB-836 to NCB-844 & NCB-879,Faisalabad Electric Supply Company (FESCO),Faisalabad - Pakistan,Published,"Sep 15, 2026","Sep 30, 2026",11:00 AM,https://epms.ppra.gov.pk/public/tenders/tender-details/TS0000012953E,Energy/Utilities,2026-09-30,2026-10-05T06:27:10.880745
1569,TS0000013766E,CSO ASF AIIAP Lahore Airport,Pre-Qualification Stitching of grey uniform and protecting clothing Pre-Qualification Stitching of grey uniform and...,Miscellaneous,"""P106141""- ""P106147""-""P102892""",Ministry of Defence,Karachi - Pakistan,Published,"Sep 15, 2026","Sep 30, 2026",11:00 AM,https://epms.ppra.gov.pk/public/tenders/tender-details/TS0000013766E,Other,2026-09-30,2026-10-05T06:27:10.880745
1570,TS0000013767E,Purchase of Split & Floor Standing DC Inverter ACs (Heat & Cool) with Latest Technology,,Appliances,09-2026,Public Sector Organization,Islamabad - Pakistan,Published,"Sep 15, 2026","Sep 30, 2026",11:00 AM,https://epms.ppra.gov.pk/public/tenders/tender-details/TS0000013767E,Goods/Supplies,2026-09-30,2026-10-05T06:27:10.880745
1571,TS0000013776E,"Construction of Auto Care Facility at Al-Askar FS, Karachi",- Construction of Auto Care Facility at Al-Askar...,Appliances,RC-20003-AM,Pakistan State Oil (PSO),Karachi - Pakistan,Published,"Sep 15, 2026","Sep 30, 2026",02:15 PM,https://epms.ppra.gov.pk/public/tenders/tender-details/TS0000013776E,Construction/Works,2026-09-30,2026-10-05T06:27:10.880745
1572,TS0000013779E,Procurement of Non-Consultancy Services,Supply/ Provision of Janitorial Staff/ Office for Cleaning/ Gardening/ General Services CFY 2026-27 Supply/ Provision of Janitorial Staff/ Office for...,Services,6(6)/2026-27 GA-I,Ministry of Commerce,Islamabad - Pakistan,Published,"Sep 15, 2026","Sep 30, 2026",11:00 AM,https://epms.ppra.gov.pk/public/tenders/tender-details/TS0000013779E,Services,2026-09-30,2026-10-05T06:27:10.880745
1573,TS0000013785E,"Upgradation of M/s Mehr Brother FS (DFA), Islamabad Div","- Upgradation of M/s Mehr Brother FS (DFA),...",Appliances,RC-19989-AM,Pakistan State Oil (PSO),Karachi - Pakistan,Published,"Sep 15, 2026","Sep 30, 2026",02:15 PM,https://epms.ppra.gov.pk/public/tenders/tender-details/TS0000013785E,Other,2026-09-30,2026-10-05T06:27:10.880745
1574,TS0000013793E,Procurement of Imported LPG 900 MT for the Month of September 2026 (28th September– 6th October 2026),Procurement of Imported LPG 900 MT for the Month of September 2026 (28th September– 6th October 2026) Procurement of Imported LPG 900 MT for the Month...,"Petroleum, Oil & Lubricants",GF-20008-JA,Pakistan State Oil (PSO),Karachi - Pakistan,Published,"Sep 15, 2026","Sep 30, 2026",02:15 PM,https://epms.ppra.gov.pk/public/tenders/tender-details/TS0000013793E,Energy/Utilities,2026-09-30,2026-10-05T06:27:10.880745
1575,TS0000013802E,Tea Material,Tea Material Tea Material,Miscellaneous,LED/074/26,Sui Northern Gas Pipelines Limited (SNGPL),Islamabad - Pakistan,Published,"Sep 15, 2026","Sep 30, 2026",02:30 PM,https://epms.ppra.gov.pk/public/tenders/tender-details/TS0000013802E,Goods/Supplies,2026-09-30,2026-10-05T06:27:10.880745
1576,TS0000013815E,Purchase proc of misc trg aid items for HQ 326 Bde Funds for Special ATG FY 2026/2027,Headquarter 326 Brigade Okara Cantt intends to...,Miscellaneous,213 /Accts /Estb,Ministry of Defence,Okara - Pakistan,Published,"Sep 15, 2026","Sep 30, 2026",12:30 AM,https://epms.ppra.gov.pk/public/tenders/tender-details/TS0000013815E,Goods/Supplies,2026-09-30,2026-10-05T06:27:10.880745
1577,TS0000013818E,SSGC/LP/EPADS2/NR/2180276-2 (SPARES),"SSGC/LP/EPADS2/NR/2180276-2 (SPARES) DIFFERENT TYPES OF SPARES FOR FUJI ELEVATOR,...",Miscellaneous,SSGC/LP/EPADS2/NR/2180276-2,Ministry of Energy (Petroleum Division),Karachi - Pakistan,Published,"Sep 15, 2026","Sep 30, 2026",12:00 PM,https://epms.ppra.gov.pk/public/tenders/tender-details/TS0000013818E,Goods/Supplies,2026-09-30,2026-10-05T06:27:10.880745
1578,TS0000013819E,"Construction of Work package 4 at site near Chashma, Construction of Work package 1 at site near Karachi, Construction of pump room at site near Chashma , Furnishing of",building at Islamabad,Civil Works,"40/2026,36/2026, WP 004/2026,WP 001/2026,",Ministry of Defence,Islamabad - Pakistan,Published,"Sep 15, 2026","Sep 30, 2026",10:30 AM,https://epms.ppra.gov.pk/public/tenders/tender-details/TS0000013819E,Construction/Works,2026-09-30,2026-10-05T06:27:10.880745
1579,TS0000013829E,Tender for Procurement of Stationery Items,Tender for Procurement of Stationery Items for...,Stationery,P113134,Pakistan Institute of Parliamentary Affairs,Islamabad - Pakistan,Published,"Sep 15, 2026","Sep 30, 2026",11:00 AM,https://epms.ppra.gov.pk/public/tenders/tender-details/TS0000013829E,Goods/Supplies,2026-09-30,2026-10-05T06:27:10.880745
1580,TS0000013833E,Military Engineering Services,,Civil Works,6001/14/E-6 dated 15 Sep 2026,Ministry of Defence,Karachi - Pakistan,Published,"Sep 15, 2026","Sep 30, 2026",12:00 PM,https://epms.ppra.gov.pk/public/tenders/tender-details/TS0000013833E,Construction/Works,2026-09-30,2026-10-05T06:27:10.880745
1581,TS0000013836E,Repair and Maintance of mise works at Allama iqbal gar,Repair and Maintance of mise works at Allama iqbal gar Repair and Maintance of mise works at Allama...,Repair/Maintenance,Mes Allama Iqbal Gar/255/advt-01 dated 15 Sep 2026,Military Engineering Services (Army),Kallar Kahar - Pakistan,Published,"Sep 15, 2026","Sep 30, 2026",11:30 PM,https://epms.ppra.gov.pk/public/tenders/tender-details/TS0000013836E,Services,2026-09-30,2026-10-05T06:27:10.880745
1582,TS0000013841E,"314-Procurement of Consultancy Services – Renovation of SBP Main Building Floors, Head Office Karachi",314-,Miscellaneous,ED/PROC-HOK/Consultancy/1216782/2026/314,State Bank of Pakistan (SBP),Karachi - Pakistan,Published,"Sep 15, 2026","Sep 30, 2026",12:00 PM,https://epms.ppra.gov.pk/public/tenders/tender-details/TS0000013841E,Construction/Works,2026-09-30,2026-10-05T06:27:10.880745
1583,TS0000013842E,EXPRESSION OF INTEREST (EOI) FOR HIRING OF ADVERTISING AGENCY(IES) (MKT),EXPRESSION OF INTEREST (EOI) FOR HIRING OF ADVERTISING AGENCY(IES) (MKT) EXPRESSION OF INTEREST (EOI) FOR HIRING OF...,Services,VU/26-27/09/899,Higher Education Commission (HEC),Lahore - Pakistan,Published,"Sep 15, 2026","Sep 30, 2026",02:00 PM,https://epms.ppra.gov.pk/public/tenders/tender-details/TS0000013842E,Services,2026-09-30,2026-10-05T06:27:10.880745
1584,TS0000013847E,Procurement of Non-Core Services for FIA Gujranwala Zone,FIA Gujranwala Zone wants to get the services of...,Services,P121210,1 Engineer Battalion,Gujranwala - Pakistan,Published,"Sep 15, 2026","Sep 30, 2026",06:26 PM,https://epms.ppra.gov.pk/public/tenders/tender-details/TS0000013847E,Services,2026-09-30,2026-10-05T06:27:10.880745
1585,TS0000013850E,HQ ASFC Misc / Multiple Items,"HQ ASFC invites sealed tenders for the purchase of misc items, list of which can be obtained from HQ ASFC, for the financial year 2026/2027. The rates will be valid till 30 June 2027. Tenders will be received until 30 September 2026, 11:59 hours and shall be opened on same day at 12:29 hours in the presence of contractors and /or their representatives who may wish to be present. The accepting officer reserves the right to accept or reject any tender on technical, administrative and / or security grounds. HQ ASFC invites sealed tenders for the purchase...",Consumable Items,1202/asfc/misc/adm,Ministry of Defence,Rawalpindi - Pakistan,Published,"Sep 15, 2026","Sep 30, 2026",11:59 AM,https://epms.ppra.gov.pk/public/tenders/tender-details/TS0000013850E,Other,2026-09-30,2026-10-05T06:27:10.880745
1586,TS0000013355E,Misc Upgradation works,Misc Upgradation works Misc Upgradation works,Civil Works,6002-I/DP/E-6-2VPZ02B,Ministry of Defence,Rawalpindi - Pakistan,Published,"Sep 15, 2026","Sep 30, 2026",11:30 AM,https://epms.ppra.gov.pk/public/tenders/tender-details/TS0000013355E,Construction/Works,2026-09-30,2026-10-05T06:27:10.880745
1587,TS0000012368E,"TENDER NO. TLC-30-2026: CONSTRUCTION AND COMPLETION OF CIVIL WORKS, ERECTION, STRINGING, TESTING & COMMISSIONING FOR REHABILITATION OF EXISTING 220 KV DOUBLE CIRCUIT",TWIN BUNDLE CHASHMA-BANNU TRANSMISSION LINE TENDER NO. TLC-30-2026: CONSTRUCTION AND...,Civil Goods,TLC-30-2026,Ministry of Energy (Power Division),Lahore - Pakistan,PublishedCorrigendum,"Sep 15, 2026","Sep 25, 2026",02:00 PM,https://epms.ppra.gov.pk/public/tenders/tender-details/TS0000012368E,Construction/Works,2026-09-25,2026-10-05T06:27:10.880745
1588,TS0000013672E,Orifice Meter Run,Orifice Meter Run,Miscellaneous,SN-4800/26,Sui Northern Gas Pipelines Limited (SNGPL),Islamabad - Pakistan,Published,"Sep 14, 2026","Oct 29, 2026",02:30 PM,https://epms.ppra.gov.pk/public/tenders/tender-details/TS0000013672E,Other,2026-10-29,2026-10-05T06:27:10.880745
1589,TS0000013675E,Cold Applied Tapes,Cold Applied Tapes,Miscellaneous,SN-4801/26,Sui Northern Gas Pipelines Limited (SNGPL),Islamabad - Pakistan,Published,"Sep 14, 2026","Oct 29, 2026",02:30 PM,https://epms.ppra.gov.pk/public/tenders/tender-details/TS0000013675E,Other,2026-10-29,2026-10-05T06:27:10.880745
1590,TS0000011377E,Dry Test Meters,Dry test Meters (16 Nos.) Dry Test Meters,Miscellaneous,SND-2626/26,Sui Northern Gas Pipelines Limited (SNGPL),Islamabad - Pakistan,PublishedCorrigendum,"Sep 14, 2026","Oct 28, 2026",02:30 PM,https://epms.ppra.gov.pk/public/tenders/tender-details/TS0000011377E,Other,2026-10-28,2026-10-05T06:27:10.880745
1591,TS0000013665E,Tank Spares,"1 x P-14 See more detail att in file, pl.",Miscellaneous,1 x P-14,Directorate General Procurement (Army),Rawalpindi. - Pakistan,Published,"Sep 14, 2026","Oct 27, 2026",10:30 AM,https://epms.ppra.gov.pk/public/tenders/tender-details/TS0000013665E,Defence/Military,2026-10-27,2026-10-05T06:27:10.880745
1592,TS0000011380E,Welder/ Fitter Tool Kits,Welder/ Fitter Tool Kits (02 Items) 140 Nos. Welder/ Fitter Tool Kits,Miscellaneous,SND-2628/26,Sui Northern Gas Pipelines Limited (SNGPL),Islamabad - Pakistan,PublishedCorrigendum,"Sep 14, 2026","Oct 27, 2026",02:30 PM,https://epms.ppra.gov.pk/public/tenders/tender-details/TS0000011380E,Medical/Health,2026-10-27,2026-10-05T06:27:10.880745
1593,TS0000011378E,Air Compressors 150Psig & 250Psig,Air Compressors 150Psig & 250Psig (02 Items) Air Compressors 150Psig & 250Psig,Miscellaneous,SND-2627/26,Sui Northern Gas Pipelines Limited (SNGPL),Islamabad - Pakistan,PublishedCorrigendum,"Sep 14, 2026","Oct 26, 2026",02:30 PM,https://epms.ppra.gov.pk/public/tenders/tender-details/TS0000011378E,Other,2026-10-26,2026-10-05T06:27:10.880745
1594,TS0000011189E,Welding Plants,Welding Plants (05 Nos.) Welding Plants,Miscellaneous,SND-2610/26,Sui Northern Gas Pipelines Limited (SNGPL),Islamabad - Pakistan,PublishedCorrigendum,"Sep 14, 2026","Oct 26, 2026",02:30 PM,https://epms.ppra.gov.pk/public/tenders/tender-details/TS0000011189E,Other,2026-10-26,2026-10-05T06:27:10.880745
1595,TS0000013679E,Procurement Of Vertical Centrifugal Pump with Motor,Procurement Of Vertical Centrifugal Pump with Motor Procurement Of Vertical Centrifugal Pump with...,Mechanical/Machinery,TE No. 12-FP/LP-PUMP WITH MOTOR-PUR-WBM-2026-27,Wah Industries Limited,Wah Cantt - Pakistan,Published,"Sep 14, 2026","Oct 21, 2026",11:00 AM,https://epms.ppra.gov.pk/public/tenders/tender-details/TS0000013679E,Goods/Supplies,2026-10-21,2026-10-05T06:27:10.880745
1596,TS0000013759E,TENDER ARE INVITED FOR MISC ITEMS,"Graphite electrodes, LPG Gas, Magnesia Carbon...",Miscellaneous,10/0009/00-0/1-2026,Pakistan Railways,Lahore - Pakistan,Published,"Sep 14, 2026","Oct 21, 2026",11:00 AM,https://epms.ppra.gov.pk/public/tenders/tender-details/TS0000013759E,Other,2026-10-21,2026-10-05T06:27:10.880745
1597,TS0000013743E,INTERNATIONAL TENDER FOR DRY DOCKING AND ASSOCIATED REPAIRS / 4TH SPECIAL SURVEY OF M.T. SHALAMAR,"for details please visit: https://pnsc.com.pk/tenders Pakistan National Shipping Corporation (PNSC),...",Mechanical/Machinery,MRD/18860/2026,Pakistan National Shipping Corporation (PNSC),Karachi - Pakistan,Published,"Sep 14, 2026","Oct 15, 2026",11:00 AM,https://epms.ppra.gov.pk/public/tenders/tender-details/TS0000013743E,Other,2026-10-15,2026-10-05T06:27:10.880745
1598,TS0000013644E,PREQUALIFICATION OF INTERNATIONAL REINSURANCE BROKERS FOR PRCL,,Services,138 (PRCL-RETRO-POB)/2026,Ministry of Commerce,Karachi - Pakistan,Published,"Sep 14, 2026","Oct 14, 2026",11:00 AM,https://epms.ppra.gov.pk/public/tenders/tender-details/TS0000013644E,Services,2026-10-14,2026-10-05T06:27:10.880745
1599,TS0000013647E,Directorate of Procurement (Air),Directorate of Procurement (Air) Tender No 1512 Published in Daily The Express...,Miscellaneous,1512,Ministry of Defence Production,Rawalpindi - Pakistan,Published,"Sep 14, 2026","Oct 13, 2026",10:00 AM,https://epms.ppra.gov.pk/public/tenders/tender-details/TS0000013647E,Goods/Supplies,2026-10-13,2026-10-05T06:27:10.880745
1600,TS0000013657E,"PROCUREMENT, SUPPLY & INSTALLATION OF DG Sets 12.5KVA AT CHAKDARA BRANCH & RESHUN BRANCH UPPER CHITRAL RO SWAT","PROCUREMENT, SUPPLY & INSTALLATION OF DG Sets...",Equipments,P116605,National Bank of Pakistan (NBP),Karachi - Pakistan,Published,"Sep 14, 2026","Oct 13, 2026",11:00 AM,https://epms.ppra.gov.pk/public/tenders/tender-details/TS0000013657E,Goods/Supplies,2026-10-13,2026-10-05T06:27:10.880745
1601,TS0000013668E,EXPRESSION OF INTEREST PROCUREMENT OF CONSULTANCY SERVICES EXPANSION OF JINNAH TERMINAL COMPLEX [JTC] AND ALLIED AIRSIDE & LANDSIDE FACILITIES AT JINNAH INTERNATIONAL,"AIRPORT (JIAP), KARACHI EXPRESSION OF INTEREST PROCUREMENT OF CONSULTANCY SERVICES EXPANSION OF JINNAH TERMINAL COMPLEX [JTC] AND ALLIED AIRSIDE & LANDSIDE FACILITIES AT JINNAH INTERNATIONAL AIRPORT (JIAP), KARACHI EXPRESSION OF INTEREST PROCUREMENT OF CONSULTANCY...",Services,12551,Pakistan Airports Authority (PAA),Karachi - Pakistan,Published,"Sep 14, 2026","Oct 13, 2026",11:00 AM,https://epms.ppra.gov.pk/public/tenders/tender-details/TS0000013668E,Services,2026-10-13,2026-10-05T06:27:10.880745
1602,TS0000013693E,T-2073 20/.415 KV 50 KVA Transformers,Procurement of 20/.415 KV 50 KVA Transformers,Electrical Items,T-2073 20/.415 KV 50 KVA Transformers,Ministry of Energy (Power Division),Quetta - Pakistan,Published,"Sep 14, 2026","Oct 09, 2026",11:00 AM,https://epms.ppra.gov.pk/public/tenders/tender-details/TS0000013693E,Energy/Utilities,2026-10-09,2026-10-05T06:27:10.880745
1603,TS0000013695E,T-2074 20/.415 KV 100 KVA Transformers,Procurement of 20/.415 KV 100 KVA Transformers,Electrical Items,T-2074 20/.415 KV 100 KVA Transformers,Ministry of Energy (Power Division),Quetta - Pakistan,Published,"Sep 14, 2026","Oct 09, 2026",11:30 AM,https://epms.ppra.gov.pk/public/tenders/tender-details/TS0000013695E,Energy/Utilities,2026-10-09,2026-10-05T06:27:10.880745
1604,TS0000013697E,T-2075 (33/0.415) kV 25kVA Transformers,Procurement of (33/0.415) kV 25kVA Transformers,Electrical Items,T-2075 (33/0.415) kV 25kVA Transformers,Ministry of Energy (Power Division),Quetta - Pakistan,Published,"Sep 14, 2026","Oct 09, 2026",12:00 PM,https://epms.ppra.gov.pk/public/tenders/tender-details/TS0000013697E,Energy/Utilities,2026-10-09,2026-10-05T06:27:10.880745
1605,TS0000013659E,"PROCUREMENT, SUPPLY & INSTALLATION OF UPS AT NBP CALL CENTER GULBERG GREEN ISLAMABAD","PROCUREMENT, SUPPLY & INSTALLATION OF UPS AT...",Equipments,P115690,National Bank of Pakistan (NBP),Karachi - Pakistan,Published,"Sep 14, 2026","Oct 08, 2026",11:00 AM,https://epms.ppra.gov.pk/public/tenders/tender-details/TS0000013659E,Goods/Supplies,2026-10-08,2026-10-05T06:27:10.880745
1606,TS0000013748E,Misc Works at CMES Army GHQ Rwp,Misc Works,Civil Works,COPVE6B,Ministry of Defence,Rawalpindi - Pakistan,Published,"Sep 14, 2026","Oct 08, 2026",11:30 AM,https://epms.ppra.gov.pk/public/tenders/tender-details/TS0000013748E,Construction/Works,2026-10-08,2026-10-05T06:27:10.880745
1607,TS0000013660E,145kV Line CTs. & 145 kV Voltage Transformers,145kV Line CTs. 1200-600-300/5-5-5-5A & 145...,Electrical Items,NCB-STG-14,Ministry of Energy (Power Division),Gujranwala - Pakistan,Published,"Sep 14, 2026","Oct 07, 2026",10:30 AM,https://epms.ppra.gov.pk/public/tenders/tender-details/TS0000013660E,Energy/Utilities,2026-10-07,2026-10-05T06:27:10.880745
1608,TS0000013712E,Repair of Motor Vehicles,,Mechanical/Machinery,Repair of Motor Vehicles,Federal Board of Revenue (FBR),Faisalabad - Pakistan,Published,"Sep 14, 2026","Oct 07, 2026",11:00 AM,https://epms.ppra.gov.pk/public/tenders/tender-details/TS0000013712E,Other,2026-10-07,2026-10-05T06:27:10.880745
1609,TS0000013671E,CMES N COMPAK,UPLOADING OF TENDER,Civil Works,6018/126/E6 dt 14-09-2026,Military Engineering Services (Navy),Karachi - Pakistan,Published,"Sep 14, 2026","Oct 06, 2026",11:30 AM,https://epms.ppra.gov.pk/public/tenders/tender-details/TS0000013671E,Construction/Works,2026-10-06,2026-10-05T06:27:10.880745
1610,TS0000013687E,Procurement of A.A Conductor Ant,"Hyderabad Electric Supply Company (HESCO),...",Electrical Items,1987/26,Ministry of Energy (Power Division),Hyderabad - Pakistan,Published,"Sep 14, 2026","Oct 06, 2026",11:00 AM,https://epms.ppra.gov.pk/public/tenders/tender-details/TS0000013687E,Energy/Utilities,2026-10-06,2026-10-05T06:27:10.880745
1611,TS0000013690E,Procurement of 4/C LT ALUMN SID Cable 19/.052 (25mm²),"Hyderabad Electric Supply Company (HESCO),...",Electrical Items,1988/26,Ministry of Energy (Power Division),Hyderabad - Pakistan,Published,"Sep 14, 2026","Oct 06, 2026",11:00 AM,https://epms.ppra.gov.pk/public/tenders/tender-details/TS0000013690E,Energy/Utilities,2026-10-06,2026-10-05T06:27:10.880745
1612,TS0000013709E,Procurement of ABC Cable 50mm² (3x50+1x50),"Hyderabad Electric Supply Company (HESCO),...",Electrical Items,1989/26,Ministry of Energy (Power Division),Hyderabad - Pakistan,Published,"Sep 14, 2026","Oct 06, 2026",11:00 AM,https://epms.ppra.gov.pk/public/tenders/tender-details/TS0000013709E,Energy/Utilities,2026-10-06,2026-10-05T06:27:10.880745
1613,TS0000013714E,Procurement of ABC Cable 16mm² (1x16+1x16),"Hyderabad Electric Supply Company (HESCO),...",Electrical Items,1990/26,Ministry of Energy (Power Division),Hyderabad - Pakistan,Published,"Sep 14, 2026","Oct 06, 2026",11:00 AM,https://epms.ppra.gov.pk/public/tenders/tender-details/TS0000013714E,Energy/Utilities,2026-10-06,2026-10-05T06:27:10.880745
1614,TS0000013716E,Procurement of HT Steel Structure 45' feet long,"Hyderabad Electric Supply Company (HESCO),...",Electrical Items,1992/26,Ministry of Energy (Power Division),Hyderabad - Pakistan,Published,"Sep 14, 2026","Oct 06, 2026",11:00 AM,https://epms.ppra.gov.pk/public/tenders/tender-details/TS0000013716E,Energy/Utilities,2026-10-06,2026-10-05T06:27:10.880745
1615,TS0000013721E,Procurement of Meter Security Box A-Type for CT Ratio 400/5 Amp,"Hyderabad Electric Supply Company (HESCO),...",Electrical Items,1993/26,Ministry of Energy (Power Division),Hyderabad - Pakistan,Published,"Sep 14, 2026","Oct 06, 2026",11:00 AM,https://epms.ppra.gov.pk/public/tenders/tender-details/TS0000013721E,Energy/Utilities,2026-10-06,2026-10-05T06:27:10.880745
1616,TS0000013722E,Procurement of LT CT 300/5 Amp,"Hyderabad Electric Supply Company (HESCO),...",Electrical Items,1994/26,Ministry of Energy (Power Division),Hyderabad - Pakistan,Published,"Sep 14, 2026","Oct 06, 2026",11:00 AM,https://epms.ppra.gov.pk/public/tenders/tender-details/TS0000013722E,Energy/Utilities,2026-10-06,2026-10-05T06:27:10.880745
1617,TS0000013736E,Procurement of A.A. Conductor WASP (Insulated),"Hyderabad Electric Supply Company (HESCO),...",Electrical Items,1998/26,Ministry of Energy (Power Division),Hyderabad - Pakistan,Published,"Sep 14, 2026","Oct 06, 2026",11:00 AM,https://epms.ppra.gov.pk/public/tenders/tender-details/TS0000013736E,Energy/Utilities,2026-10-06,2026-10-05T06:27:10.880745
1618,TS0000013677E,TENDER NOTICE FOR CONSTRUCTION OF BARRACK ACCOMMODATION FOR 128 ASF PERSONNEL AT SKARDU INT’L AIRPORT,TENDER NOTICE FOR CONSTRUCTION OF BARRACK ACCOMMODATION FOR 128 ASF PERSONNEL AT SKARDU INT’L AIRPORT TENDER NOTICE FOR CONSTRUCTION OF BARRACK...,Civil Works,12552,Pakistan Airports Authority (PAA),Karachi - Pakistan,Published,"Sep 14, 2026","Oct 05, 2026",11:00 AM,https://epms.ppra.gov.pk/public/tenders/tender-details/TS0000013677E,Construction/Works,2026-10-05,2026-10-05T06:27:10.880745
1619,TS0000013520E,Rental Office Space required for NADRA registration center Jamshoro,Tender No: 03/2026-27/KHI,Services,P117961,Ministry of Interior and Narcotics Control,Karachi - Pakistan,PublishedCorrigendum,"Sep 14, 2026","Oct 05, 2026",11:00 AM,https://epms.ppra.gov.pk/public/tenders/tender-details/TS0000013520E,Services,2026-10-05,2026-10-05T06:27:10.880745
1620,TS0000013522E,Acquiring the Rental Office Space For Shifting of Executive NADRA Registration Center DHA Karachi South,Tender No: 05/2026-27/KHI,Services,P117772,Ministry of Interior and Narcotics Control,Karachi - Pakistan,PublishedCorrigendum,"Sep 14, 2026","Oct 05, 2026",12:00 PM,https://epms.ppra.gov.pk/public/tenders/tender-details/TS0000013522E,Services,2026-10-05,2026-10-05T06:27:10.880745
1621,TS0000013525E,Rental Office Space For Establishment of NADRA Registration Center Gulshan-e-Iqbal Karachi East,Tender No: 04/2026-27/KHI,Services,P117520,Ministry of Interior and Narcotics Control,Karachi - Pakistan,PublishedCorrigendum,"Sep 14, 2026","Oct 05, 2026",11:30 AM,https://epms.ppra.gov.pk/public/tenders/tender-details/TS0000013525E,Services,2026-10-05,2026-10-05T06:27:10.880745
1622,TS0000013757E,18-WA/1/FOB/SMA/LON/2025-26,Operationalization of Shaeenabad ballast quarry...,Civil Works,P-112135 P-117247 P-117970,Pakistan Railways,Lahore - Pakistan,Published,"Sep 14, 2026","Oct 03, 2026",12:00 PM,https://epms.ppra.gov.pk/public/tenders/tender-details/TS0000013757E,Construction/Works,2026-10-03,2026-10-05T06:27:10.880745
1623,TS0000013645E,"Procurement of Current Transformers, Control Wire & Energy Meter",,Electrical Items,T-4225/26/NB,Pakistan Security Printing Corporaion (PSPC),Islamabad - Pakistan,Published,"Sep 14, 2026","Oct 02, 2026",11:00 AM,https://epms.ppra.gov.pk/public/tenders/tender-details/TS0000013645E,Energy/Utilities,2026-10-02,2026-10-05T06:27:10.880745
1624,TS0000013661E,"TENDER NOTICE FOR REFURBISHMENT WORK OF ATC TOWER ACCESS FLOOR AT AIIAP, LAHORE","TENDER NOTICE FOR REFURBISHMENT WORK OF ATC TOWER ACCESS FLOOR AT AIIAP, LAHORE TENDER NOTICE FOR REFURBISHMENT WORK OF ATC TOWER...",Civil Works,12550,Pakistan Airports Authority (PAA),Karachi - Pakistan,Published,"Sep 14, 2026","Oct 02, 2026",10:00 AM,https://epms.ppra.gov.pk/public/tenders/tender-details/TS0000013661E,Construction/Works,2026-10-02,2026-10-05T06:27:10.880745
1625,TS0000013702E,Procurement of General store items (Goods) 376,Procurement of General store items (Goods)  TD-376 Procurement of General store items (Goods) 376,Consumable Items,Procurement of General store items (Goods) 376,Higher Education Commission (HEC),Islamabad - Pakistan,Published,"Sep 14, 2026","Oct 02, 2026",11:00 AM,https://epms.ppra.gov.pk/public/tenders/tender-details/TS0000013702E,Goods/Supplies,2026-10-02,2026-10-05T06:27:10.880745
1626,TS0000013764E,Security Services for SMEDA Islamabad Office,Security Services for SMEDA Islamabad Office PROCUREMENT NOTICE PROCUREMENT OF NON-CONSULTANCY...,Services,"P99730""",Small and Medium Enterprises Development Authority (SMEDA),Lahore - Pakistan,Published,"Sep 14, 2026","Oct 02, 2026",11:00 AM,https://epms.ppra.gov.pk/public/tenders/tender-details/TS0000013764E,Services,2026-10-02,2026-10-05T06:27:10.880745
1627,TS0000013642E,Invitation to Bid,,Civil Goods,20/Hard Disks for SAN/NLC/2026,National Logistics Corporation (NLC),Rawalpindi - Pakistan,Published,"Sep 14, 2026","Oct 01, 2026",11:00 AM,https://epms.ppra.gov.pk/public/tenders/tender-details/TS0000013642E,Other,2026-10-01,2026-10-05T06:27:10.880745
1628,TS0000013649E,INVITATION FOR PREQUALIFICATION FOR OPEN FRAMEWORK AGREEMENT-Repair and Maintenance of Office Furniture and Fixtures,The Accountant General Pakistan Revenues (AGPR) intends to prequalify suppliers for subsequent Invitation to Bid(s) and to sign a Open Framework Agreement with the successful bidder(s) following completion of the bidding process for repair and maintenance of AGPR Office Furniture and Fixtures Pre-qualification of competent and experienced...,Repair/Maintenance,FFW9775,Controller General of Accounts,Islamabad - Pakistan,Published,"Sep 14, 2026","Oct 01, 2026",11:00 AM,https://epms.ppra.gov.pk/public/tenders/tender-details/TS0000013649E,Services,2026-10-01,2026-10-05T06:27:10.880745
1629,TS0000013650E,Repair of I.T Equipment,Prequalification Notice No. 1/2026-2027 Repair and Maintenance of I.T Equipment.,Info and Comm Tech,F.NO.PREQUALIFICATION NOTICE NO.01/2026-2027/1731,Federal Board of Revenue (FBR),Rawalpindi - Pakistan,Published,"Sep 14, 2026","Oct 01, 2026",10:30 AM,https://epms.ppra.gov.pk/public/tenders/tender-details/TS0000013650E,Goods/Supplies,2026-10-01,2026-10-05T06:27:10.880745
1630,TS0000013651E,Repair of Hardware,Prequalification Notice No. 1/2026-2027 Repair and Maintenance of Hardware.,Mechanical/Machinery,F.NO.PREQUALIFICATION NOTICE NO.01/2026-2027/1731,Federal Board of Revenue (FBR),Rawalpindi - Pakistan,Published,"Sep 14, 2026","Oct 01, 2026",10:30 AM,https://epms.ppra.gov.pk/public/tenders/tender-details/TS0000013651E,Other,2026-10-01,2026-10-05T06:27:10.880745
1631,TS0000013652E,Repair of Furniture & Fixture,Prequalification Notice No. 1/2026-2027 Repair and Maintenance of Furniture & Fixture.,Furniture/Fixture,F.NO.PREQUALIFICATION NOTICE NO.01/2026-2027/1731,Federal Board of Revenue (FBR),Rawalpindi - Pakistan,Published,"Sep 14, 2026","Oct 01, 2026",10:30 AM,https://epms.ppra.gov.pk/public/tenders/tender-details/TS0000013652E,Other,2026-10-01,2026-10-05T06:27:10.880745
1632,TS0000013653E,Repair of Machinery & Equipment,Prequalification Notice No. 1/2026-2027 Repair and Maintenance of Machinery &...,Mechanical/Machinery,F.NO.PREQUALIFICATION NOTICE NO.01/2026-2027/1731,Federal Board of Revenue (FBR),Rawalpindi - Pakistan,Published,"Sep 14, 2026","Oct 01, 2026",10:30 AM,https://epms.ppra.gov.pk/public/tenders/tender-details/TS0000013653E,Goods/Supplies,2026-10-01,2026-10-05T06:27:10.880745
1633,TS0000013662E,(123/27) Hiring of Consultant Regarding Supervision of Procurement & Installation of APMS on High AT&C Loss Feeders against MEPCO Tender No. 01//ICB,,Electrical Items,(123/27),Ministry of Energy (Power Division),Multan - Pakistan,Published,"Sep 14, 2026","Oct 01, 2026",11:00 AM,https://epms.ppra.gov.pk/public/tenders/tender-details/TS0000013662E,Energy/Utilities,2026-10-01,2026-10-05T06:27:10.880745
1634,TS0000013663E,(124/27) Hiring of Consultant Regarding Supervision of Procurement & Installation of APMS on High AT&C Loss Feeders against MEPCO Tender No. 122/27,,Electrical Items,(124/27),Ministry of Energy (Power Division),Multan - Pakistan,Published,"Sep 14, 2026","Oct 01, 2026",11:15 AM,https://epms.ppra.gov.pk/public/tenders/tender-details/TS0000013663E,Energy/Utilities,2026-10-01,2026-10-05T06:27:10.880745
1635,TS0000013673E,Purchase of Manageable Network Switches,Purchase of Manageable Network Switches,Equipments,04/2026,Pakistan Atomic Energy Commission (PAEC),Bahawalpur - Pakistan,PublishedCorrigendum,"Sep 14, 2026","Oct 01, 2026",11:30 AM,https://epms.ppra.gov.pk/public/tenders/tender-details/TS0000013673E,IT/Technology,2026-10-01,2026-10-05T06:27:10.880745
1636,TS0000013698E,TENDER NOTICE NO.01/2026-2027,OFFICE STATIONERY Supply of Office Stationery,Stationery,F.NO.1/GB/TENDER NOTICE /2026-27,Federal Board of Revenue (FBR),Rawalpindi - Pakistan,Published,"Sep 14, 2026","Oct 01, 2026",10:30 AM,https://epms.ppra.gov.pk/public/tenders/tender-details/TS0000013698E,Goods/Supplies,2026-10-01,2026-10-05T06:27:10.880745
1637,TS0000013699E,TENDER NOTICE NO.01/2026-2027,Printing and Publications Officials Identity Cards Visitor Hanging Cards...,Printing,F.NO.1/GB/TENDER NOTICE /2026-27,Federal Board of Revenue (FBR),Rawalpindi - Pakistan,Published,"Sep 14, 2026","Oct 01, 2026",10:30 AM,https://epms.ppra.gov.pk/public/tenders/tender-details/TS0000013699E,Other,2026-10-01,2026-10-05T06:27:10.880745
1638,TS0000013701E,TENDER NOTICE NO.01/2026-2027,Uniform & Protective Clothing SUPPLY OF UNIFORM& PROTECTIVE CLOTHING .(As...,Clothing/Uniform,F.NO.1/GB/TENDER NOTICE /2026-27,Federal Board of Revenue (FBR),Rawalpindi - Pakistan,Published,"Sep 14, 2026","Oct 01, 2026",10:30 AM,https://epms.ppra.gov.pk/public/tenders/tender-details/TS0000013701E,Other,2026-10-01,2026-10-05T06:27:10.880745
1639,TS0000013705E,TENDER NOTICE NO.01/2026-2027,Cost of Other Store/ Others COST OF OTHERS STORES ITEMS (A03942) & OTHER...,Miscellaneous,F.NO.1/GB/TENDER NOTICE /2026-27,Federal Board of Revenue (FBR),Rawalpindi - Pakistan,Published,"Sep 14, 2026","Oct 01, 2026",10:30 AM,https://epms.ppra.gov.pk/public/tenders/tender-details/TS0000013705E,Other,2026-10-01,2026-10-05T06:27:10.880745
1640,TS0000013708E,TENDER NOTICE NO.01/2026-2027,Computer Stationery PURCHASE OF COMPUTER STATIONERY ITEMS (A03955),Stationery,F.NO.1/GB/TENDER NOTICE /2026-27,Federal Board of Revenue (FBR),Rawalpindi - Pakistan,Published,"Sep 14, 2026","Oct 01, 2026",10:30 AM,https://epms.ppra.gov.pk/public/tenders/tender-details/TS0000013708E,Goods/Supplies,2026-10-01,2026-10-05T06:27:10.880745
1641,TS0000013710E,TENDER NOTICE NO.01/2026-2027,Provision of Air Conditioner Mechanic PROVISION OF AIR CONDITIONER MECHANIC,Services,F.NO.1/GB/TENDER NOTICE /2026-27,Federal Board of Revenue (FBR),Rawalpindi - Pakistan,Published,"Sep 14, 2026","Oct 01, 2026",10:30 AM,https://epms.ppra.gov.pk/public/tenders/tender-details/TS0000013710E,Services,2026-10-01,2026-10-05T06:27:10.880745
1642,TS0000013711E,TENDER NOTICE NO.01/2026-2027,Provision of Electrician cum Plumber PROVISION OF ELECTRICIAN CUM PLUMBER,Services,F.NO.1/GB/TENDER NOTICE /2026-27,Federal Board of Revenue (FBR),Rawalpindi - Pakistan,Published,"Sep 14, 2026","Oct 01, 2026",10:30 AM,https://epms.ppra.gov.pk/public/tenders/tender-details/TS0000013711E,Services,2026-10-01,2026-10-05T06:27:10.880745
1643,TS0000013739E,"T 4226/26/MK ""PROCUREMENT OF IR-HEATING ELEMENT (QTY: 50 NOS.) & 02-PHASE CERAMIC TERMINAL BOCK CONNECTOR (QTY: 150 NOS.)""",,Miscellaneous,"T 4226/26/MK ""PROCUREMENT OF IR-HEATING ELEMENT (QTY: 50 NOS.) & 02-PHASE CERAMIC TERMINAL BOCK CONNECTOR (QTY: 150 NOS.)""",Pakistan Security Printing Corporaion (PSPC),Islamabad - Pakistan,Published,"Sep 14, 2026","Oct 01, 2026",11:00 AM,https://epms.ppra.gov.pk/public/tenders/tender-details/TS0000013739E,Goods/Supplies,2026-10-01,2026-10-05T06:27:10.880745
1644,TS0000013756E,Procurement of 6x Light Duty Photocopier Machines,Procurement of 6x Light Duty Photocopier Machines Procurement of 6x Light Duty Photocopier Machines,Appliances,PTA/Admin/P58226/2026,Cabinet Division,Islamabad - Pakistan,Published,"Sep 14, 2026","Oct 01, 2026",11:00 AM,https://epms.ppra.gov.pk/public/tenders/tender-details/TS0000013756E,Goods/Supplies,2026-10-01,2026-10-05T06:27:10.880745
1645,TS0000013758E,Procurement of 3x Heavy Duty Photocopier Machines,Procurement of 3x Heavy Duty Photocopier Machines Procurement of 3x Heavy Duty Photocopier Machines,Appliances,PTA/Admin/P58223/2026,Cabinet Division,Islamabad - Pakistan,Published,"Sep 14, 2026","Oct 01, 2026",11:00 AM,https://epms.ppra.gov.pk/public/tenders/tender-details/TS0000013758E,Goods/Supplies,2026-10-01,2026-10-05T06:27:10.880745
1646,TS0000013762E,Engagement of Firm for Outcome Evaluation & Impact Assessment of SMEDA's MSME Support Programmes (FY 2025-26)” (Consultancy Services),Engagement of Firm for Outcome Evaluation & Impact Assessment of SMEDA's MSME Support Programmes (FY 2025-26)” (Consultancy Services) PROCUREMENT NOTICE PROCUREMENT OF CONSULTANCY...,Services,P102856,Small and Medium Enterprises Development Authority (SMEDA),Lahore - Pakistan,Published,"Sep 14, 2026","Oct 01, 2026",02:00 PM,https://epms.ppra.gov.pk/public/tenders/tender-details/TS0000013762E,Services,2026-10-01,2026-10-05T06:27:10.880745
1647,TS0000013510E,Disposal of Official Vehicles through Open Auction on as is where is basis,"National Assembly Secretariat invites electronic bids for Disposal of Official Vehicles through Open Auction on as is where is basis from Individuals, Sole Proprietorship, Partnership Firm, Company (Private Limited), Company (Public Limited), Company (Holding Company), Company (Limited by Guarantee), State Owned Enterprise (Private Limited), State Owned Enterprise (Public Limited), NGO/NPO, IGO. The bidders must be registered with Federal Board of Revenue (FBR) for Income Tax and Sales Tax and must be on Active Taxpayer List. E-bidding documents as per Disposal of Public...",Vehicles,5(14)/2026-27-Cond.T.Cell,National Assembly of Pakistan,Islamabad - Pakistan,Published,"Sep 14, 2026","Oct 01, 2026",02:30 PM,https://epms.ppra.gov.pk/public/tenders/tender-details/TS0000013510E,Auction/Land,2026-10-01,2026-10-05T06:27:10.880745
1648,TS0000013646E,"Supply, Installation and Commissioning of Walk-Through Gate at Lahore Aviation Station.","AV-20022-MS Supply, Installation and Commissioning of...",Equipments,AV-20022-MS,Pakistan State Oil (PSO),Karachi - Pakistan,Published,"Sep 14, 2026","Sep 30, 2026",02:15 PM,https://epms.ppra.gov.pk/public/tenders/tender-details/TS0000013646E,Goods/Supplies,2026-09-30,2026-10-05T06:27:10.880745
1649,TS0000013654E,Civil Material,,Civil Goods,FCS/SOA/TE/064/26,Sui Northern Gas Pipelines Limited (SNGPL),Karak - Pakistan,Published,"Sep 14, 2026","Sep 30, 2026",03:00 PM,https://epms.ppra.gov.pk/public/tenders/tender-details/TS0000013654E,Goods/Supplies,2026-09-30,2026-10-05T06:27:10.880745
1650,TS0000013655E,"Procurement of White Offset Paper 75, 90 & 100 Gsm (Imorted) Blue Box Board, White Art Card, Brown Back Kraft Card and P.S. Plates",,Printing,PCP.1-22/2026-P&D,Cabinet Division,Islamabad - Pakistan,Published,"Sep 14, 2026","Sep 30, 2026",02:00 PM,https://epms.ppra.gov.pk/public/tenders/tender-details/TS0000013655E,Goods/Supplies,2026-09-30,2026-10-05T06:27:10.880745
1651,TS0000013656E,Cement,,Civil Goods,FCS/SOA/TE/067/26,Sui Northern Gas Pipelines Limited (SNGPL),Karak - Pakistan,Published,"Sep 14, 2026","Sep 30, 2026",03:00 PM,https://epms.ppra.gov.pk/public/tenders/tender-details/TS0000013656E,Other,2026-09-30,2026-10-05T06:27:10.880745
1652,TS0000013658E,Procurement of LV Bushing for 31.5/40MVA Power Transformer,Invitation for E-Bid Procurement of LV Bushing for 31.5/40MVA Power...,Electrical Items,(NCB-S-28/2026),Ministry of Energy (Power Division),Sukkur - Pakistan,Published,"Sep 14, 2026","Sep 30, 2026",10:30 AM,https://epms.ppra.gov.pk/public/tenders/tender-details/TS0000013658E,Energy/Utilities,2026-09-30,2026-10-05T06:27:10.880745
1653,TS0000013666E,Procurement of LV Bushing for 10/13MVA Power Transformer,Invitation for E-Bid Procurement of LV Bushing for 10/13MVA Power...,Electrical Items,(NCB-S-29/2026),Ministry of Energy (Power Division),Sukkur - Pakistan,Published,"Sep 14, 2026","Sep 30, 2026",11:00 AM,https://epms.ppra.gov.pk/public/tenders/tender-details/TS0000013666E,Energy/Utilities,2026-09-30,2026-10-05T06:27:10.880745
1654,TS0000013681E,Procurement of Breather for Power Transformer Tank & Breather for Tap Changer,Invitation for E-Bid Procurement of Breather for Power Transformer...,Electrical Items,(NCB-S-30/2026),Ministry of Energy (Power Division),Sukkur - Pakistan,Published,"Sep 14, 2026","Sep 30, 2026",11:30 AM,https://epms.ppra.gov.pk/public/tenders/tender-details/TS0000013681E,Energy/Utilities,2026-09-30,2026-10-05T06:27:10.880745
1655,TS0000013682E,INVITATION TO BID FOR PROCUREMENT OF QTY 50 COUNTER CHAIRS AT MIAP MULTAN. I/T NO. MIAP/1438-02/080/MTSS/35,INVITATION TO BID FOR PROCUREMENT OF QTY 50 COUNTER CHAIRS AT MIAP MULTAN. I/T NO. MIAP/1438-02/080/MTSS/35 INVITATION TO BID FOR PROCUREMENT OF QTY 50...,Furniture/Fixture,12553,Pakistan Airports Authority (PAA),Karachi - Pakistan,Published,"Sep 14, 2026","Sep 30, 2026",11:00 AM,https://epms.ppra.gov.pk/public/tenders/tender-details/TS0000013682E,Goods/Supplies,2026-09-30,2026-10-05T06:27:10.880745
1656,TS0000013683E,"RENEWAL OF SOPHOS CENTRAL MANAGED DETECTION AND RESPONSE (XDR & MDR ADVANCE) (FOR SERVER QUANTITY-15 & FOR CLIENT QUANTITY -08 - FOR BUHO, E-8 ISLAMABAD","RENEWAL OF SOPHOS CENTRAL MANAGED DETECTION AND RESPONSE (XDR & MDR ADVANCE) (FOR SERVER QUANTITY-15 & FOR CLIENT QUANTITY -08 - FOR BUHO, E-8 ISLAMABAD RENEWAL OF SOPHOS CENTRAL MANAGED DETECTION AND...",Miscellaneous,BU-HO/DIT/DD(P)/2026/123,Bahria University,Islamabad - Pakistan,Published,"Sep 14, 2026","Sep 30, 2026",11:00 AM,https://epms.ppra.gov.pk/public/tenders/tender-details/TS0000013683E,IT/Technology,2026-09-30,2026-10-05T06:27:10.880745
1657,TS0000013686E,"Tender Notice for Sorting & loading of Piece Grade salt"" at PMDC Salt Mines, Warcha","Tender Notice for Sorting & loading of Piece Grade salt"" at PMDC Salt Mines, Warcha Tender Notice for Sorting & loading of Piece...",Mining,Ref.No.PMDC/Pro/loading& Sorting/WA,Pakistan Mineral Development Corporation (PMDC),Islamabad - Pakistan,Published,"Sep 14, 2026","Sep 30, 2026",11:00 AM,https://epms.ppra.gov.pk/public/tenders/tender-details/TS0000013686E,Other,2026-09-30,2026-10-05T06:27:10.880745
1658,TS0000013692E,"MAINTENANCE AND INSPECTION OF FIREFIGHTING EQUIPMENT AT HEAD OFFICE, ALLIED COMPANY OFFICES HIRED FOR HEAD OFFICE DEPARTMENT i.e. SHAHEEN COMPLEX, LDA PLAZA, PASSCO PLAZA",ETC. IN LAHORE AND EXECUTIVE TRANSIT MESS CAVALRY GROUND LAHORE,Equipments,CC/Fire-Fight/HO Hired/Offices/09,Sui Northern Gas Pipelines Limited (SNGPL),Lahore - Pakistan,Published,"Sep 14, 2026","Sep 30, 2026",02:00 PM,https://epms.ppra.gov.pk/public/tenders/tender-details/TS0000013692E,Services,2026-09-30,2026-10-05T06:27:10.880745
1659,TS0000013704E,Invitation to Bid,Carriage & erection of HT/LT PCC Spun Hollow...,Services,44 to 55/2026/CE Op,Ministry of Energy (Power Division),Faisalabad - Pakistan,Published,"Sep 14, 2026","Sep 30, 2026",12:15 PM,https://epms.ppra.gov.pk/public/tenders/tender-details/TS0000013704E,Services,2026-09-30,2026-10-05T06:27:10.880745
1660,TS0000013729E,(88.27) Basis & ABAP Development Support and Maintenance of Installed SAP ECC 6.0 EHP7 ERP System,,Services,P94882,Ministry of Energy (Power Division),Multan - Pakistan,Published,"Sep 14, 2026","Sep 30, 2026",11:00 AM,https://epms.ppra.gov.pk/public/tenders/tender-details/TS0000013729E,IT/Technology,2026-09-30,2026-10-05T06:27:10.880745
1661,TS0000013730E,"Outsourcing of Manpower, Janitorial Services, Security Services, and Naib Qasids",,Services,AGP/ADMN-III/JSN/2026-27,Auditer General of Pakistan,Islamabad - Pakistan,Published,"Sep 14, 2026","Sep 30, 2026",11:00 AM,https://epms.ppra.gov.pk/public/tenders/tender-details/TS0000013730E,Energy/Utilities,2026-09-30,2026-10-05T06:27:10.880745
1662,TS0000013732E,Procurement of Furniture & Fixtures,,Furniture/Fixture,PMU-OE-01/26-27,Ministry of Energy (Power Division),Hyderabad - Pakistan,Published,"Sep 14, 2026","Sep 30, 2026",10:00 AM,https://epms.ppra.gov.pk/public/tenders/tender-details/TS0000013732E,Goods/Supplies,2026-09-30,2026-10-05T06:27:10.880745
1663,TS0000013740E,Procurement of Fire Fighting Equipments,Invitation for E-Bid Procurement of Fire Fighting Equipments,Electrical Items,(NCB-S-33/2026 Lot-I),Ministry of Energy (Power Division),Sukkur - Pakistan,Published,"Sep 14, 2026","Sep 30, 2026",01:00 PM,https://epms.ppra.gov.pk/public/tenders/tender-details/TS0000013740E,Energy/Utilities,2026-09-30,2026-10-05T06:27:10.880745
1664,TS0000013746E,Procurement of Oil Treatment Plant & Digital Electronic Total Station complete set,Invitation for E-Bid Procurement of Oil Treatment Plant & Digital...,Electrical Items,(NCB-S-34/2026 Lot-I & II),Ministry of Energy (Power Division),Sukkur - Pakistan,Published,"Sep 14, 2026","Sep 30, 2026",01:30 PM,https://epms.ppra.gov.pk/public/tenders/tender-details/TS0000013746E,IT/Technology,2026-09-30,2026-10-05T06:27:10.880745
1665,TS0000013749E,Hiring Of Rental Premises for Sub Zonal Office Baldia,"Hiring Of Rental Premises for Sub Zonal Office Baldia, Admeasuring Total Area 1700 to 3000 Sq.Ft., The Premises Must Have Sufficient Parking Area For Vehicles Should Be Located In The Main Area Of Baldia (As Per BOQ) (Interested Parties Having Legally Cleared with Valid Title/Ownership Documents of Premises Are Eligible To Participate) (Under Single Stage One Envelope Bidding Procedure). Hiring Of Rental Premises for Sub Zonal Office...",Services,SSGC/SC/PT/EPADS2/14391,Ministry of Energy (Petroleum Division),Karachi - Pakistan,Published,"Sep 14, 2026","Sep 30, 2026",10:00 AM,https://epms.ppra.gov.pk/public/tenders/tender-details/TS0000013749E,Services,2026-09-30,2026-10-05T06:27:10.880745
1666,TS0000013754E,Civil Works for Renovation (Repair & Maintenance) of GC Rooms at Different Location In Sindh (as per BOQ/T/C) (Having Valid PEC Certificate Category C-6 or above with,Subcategory CE-10) (Under Single Stage One Envelope Bidding Procedure)(On Complete Package Basis) Civil Works for Renovation (Repair & Maintenance) of GC Rooms at Different Location In Sindh (as per BOQ/T/C) (Having Valid PEC Certificate Category C-6 or above with Subcategory CE-10) (Under Single Stage One Envelope Bidding Procedure)(On Complete Package Basis) Civil Works for Renovation (Repair &...,Services,SSGC/SC/NR/EPADS2/14421,Ministry of Energy (Petroleum Division),Karachi - Pakistan,Published,"Sep 14, 2026","Sep 30, 2026",10:30 AM,https://epms.ppra.gov.pk/public/tenders/tender-details/TS0000013754E,Construction/Works,2026-09-30,2026-10-05T06:27:10.880745
1667,TS0000013624E,"Procurement of Conductivity Meters, Air Compressors and Water Pump for PSO Aviation Stations.",,Miscellaneous,AM-20011-IA,Pakistan State Oil (PSO),Karachi - Pakistan,Published,"Sep 14, 2026","Sep 29, 2026",02:15 PM,https://epms.ppra.gov.pk/public/tenders/tender-details/TS0000013624E,Goods/Supplies,2026-09-29,2026-10-05T06:27:10.880745
1668,TS0000013638E,Repair Maintenance of Miscellaneous Works,MES  Quaid Garrison Repair Maintenance of Miscellaneous Works at...,Miscellaneous,MES Quaid Gar/255/Adv-01 dated 11 Sep 2026,Military Engineering Services (Army),Dera Ghazi Khan - Pakistan,Published,"Sep 14, 2026","Sep 29, 2026",11:30 AM,https://epms.ppra.gov.pk/public/tenders/tender-details/TS0000013638E,Services,2026-09-29,2026-10-05T06:27:10.880745
1669,TS0000013640E,PROCUREMENT OF MISC SPARES AND GOODS,NORMAL TENDER Tender bulletin of Misc spares / goods of items...,Miscellaneous,CLP/IT/1194,Ministry of Defence,Karachi. - Pakistan,Published,"Sep 14, 2026","Sep 29, 2026",10:00 AM,https://epms.ppra.gov.pk/public/tenders/tender-details/TS0000013640E,Goods/Supplies,2026-09-29,2026-10-05T06:27:10.880745
1670,TS0000013128E,"Supply, installation & commissioning of 03 Nos Fire Fighting pimps only having flow 1250 GPM & Head 10-bar and 02 Nos, jockey pumps for Fire Fighting system at","Juna Bunder West Wharf Supply, installation & commissioning of 03 Nos Fire Fighting pimps only having flow 1250 GPM & Head 10-bar and 02 Nos, jockey pumps for Fire Fighting system at Juna Bunder West Wharf Supply, installation & commissioning of 03...",Miscellaneous,E-03/2026,Ministry of Maritime Affairs,Karachi - Pakistan,PublishedCorrigendum,"Sep 14, 2026","Sep 29, 2026",11:00 AM,https://epms.ppra.gov.pk/public/tenders/tender-details/TS0000013128E,IT/Technology,2026-09-29,2026-10-05T06:27:10.880745
1671,TS0000013643E,"TENDER NOTICE FOR CONSTRUCTION OF WINTERIZED WASHROOMS, SEWERAGE PIT, SAFETY TANK WATER TANK & HEATING ROOM FOR WATER TANK AT SILK ROUTE DRY PORT SOST HUNZA",TENDER NOTICE FOR CONSTRUCTION OF WINTERIZED...,Civil Works,Tender Notice,National Logistics Corporation (NLC),Rawalpindi - Pakistan,Published,"Sep 14, 2026","Sep 29, 2026",11:30 AM,https://epms.ppra.gov.pk/public/tenders/tender-details/TS0000013643E,Construction/Works,2026-09-29,2026-10-05T06:27:10.880745
1672,TS0000013648E,Provision of Conservancy Services CFY 2026-27: HQ 301 Creeks Bde at Sujawal,Bids required for provision of conservancy services CFY 2026-27 at HQ 301 Creeks Bde at District Sujawal Conservancy Services are required at HQ 301...,Services,400/HQ 301 CB/26-27/03 dated 14-09-26,Pakistan Army,Sujawal - Pakistan,PublishedCorrigendum,"Sep 14, 2026","Sep 29, 2026",10:00 AM,https://epms.ppra.gov.pk/public/tenders/tender-details/TS0000013648E,Services,2026-09-29,2026-10-05T06:27:10.880745
1673,TS0000013667E,outsourcing of 16 Class-IV / Non-Core Posts,"SCOPE OF WORK JANITORIAL & NON-CORE SERVICES  1. GENERAL SCOPE The contractor shall provide Non-Core Services at FIA Quetta Zone, Quetta comprising Naib Qasid, Cook, Sweeper and Chowkidar for the period of two years. All services shall be performed through suitable skilled/ unskilled personnel in professional, efficient and satisfactory manner.",Services,00101043160499,Ministry of Interior and Narcotics Control,Quetta - Pakistan,Published,"Sep 14, 2026","Sep 29, 2026",02:00 PM,https://epms.ppra.gov.pk/public/tenders/tender-details/TS0000013667E,Services,2026-09-29,2026-10-05T06:27:10.880745
1674,TS0000013669E,Notice of Tender,Notice of Tender Term Contract B&R (Maint) for B&R Sub...,Civil Works,6000-1002/02/E6,Ministry of Defence,Skardu - Pakistan,Published,"Sep 14, 2026","Sep 29, 2026",11:30 AM,https://epms.ppra.gov.pk/public/tenders/tender-details/TS0000013669E,Construction/Works,2026-09-29,2026-10-05T06:27:10.880745
1675,TS0000013674E,Bulk Purchase of medicine / laboratory kits / items for FY 2026-27,,Health/Medicines,P119800,Pakistan Rangers (Punjab),Lahore - Pakistan,Published,"Sep 14, 2026","Sep 29, 2026",01:00 PM,https://epms.ppra.gov.pk/public/tenders/tender-details/TS0000013674E,Medical/Health,2026-09-29,2026-10-05T06:27:10.880745
1676,TS0000013680E,PROCUREMENT NOTICE,PROCUREMENT OF NON-CONSULTANCY SERVICES PROCUREMENT NOTICE PROCUREMENT OF NON-CONSULTANCY...,Mechanical/Machinery,09/2026,Cabinet Division,Islamabad - Pakistan,Published,"Sep 14, 2026","Sep 29, 2026",02:00 PM,https://epms.ppra.gov.pk/public/tenders/tender-details/TS0000013680E,Goods/Supplies,2026-09-29,2026-10-05T06:27:10.880745
1677,TS0000013688E,Construction of Chemical Reagent Warehouse and Repair Workshop for Electric. Instruments Near Chashma (Mianwali),A Public Sector Organization invites sealed...,Civil Works,PC-320,Civil Works Organization,Rawalpindi - Pakistan,Published,"Sep 14, 2026","Sep 29, 2026",11:30 AM,https://epms.ppra.gov.pk/public/tenders/tender-details/TS0000013688E,Construction/Works,2026-09-29,2026-10-05T06:27:10.880745
1678,TS0000013691E,"IT No 23 IT Eqpt, FCI & Comm Eqpt Fy 2026-27","IT Eqpt, FCi & Comm Eqpt",Miscellaneous,"IT No 23 IT Eqpt, FCI & Comm Eqpt Fy 2026-27",Pakistan Army,Lahore - Pakistan,Published,"Sep 14, 2026","Sep 29, 2026",11:00 AM,https://epms.ppra.gov.pk/public/tenders/tender-details/TS0000013691E,IT/Technology,2026-09-29,2026-10-05T06:27:10.880745
1679,TS0000013694E,IT No 24 B Veh FY 2026-27,B Veh,Miscellaneous,IT No 24 B Veh FY 2026-27,Pakistan Army,Lahore - Pakistan,Published,"Sep 14, 2026","Sep 29, 2026",11:00 AM,https://epms.ppra.gov.pk/public/tenders/tender-details/TS0000013694E,Other,2026-09-29,2026-10-05T06:27:10.880745
1680,TS0000013696E,IT No 25 B Veh FY 2026-27,B Veh,Miscellaneous,IT No 25 B Veh FY 2026-27,Pakistan Army,Lahore - Pakistan,Published,"Sep 14, 2026","Sep 29, 2026",11:00 AM,https://epms.ppra.gov.pk/public/tenders/tender-details/TS0000013696E,Other,2026-09-29,2026-10-05T06:27:10.880745
1681,TS0000013703E,Procurement of Imported LPG 2500 MT for the Month of September 2026 (29th September – 6th October 2026),Procurement of Imported LPG 2500 MT for the Month of September 2026 (29th September – 6th October 2026) Procurement of Imported LPG 2500 MT for the Month...,"Petroleum, Oil & Lubricants",GF-20009-JA,Pakistan State Oil (PSO),Karachi - Pakistan,Published,"Sep 14, 2026","Sep 29, 2026",02:15 PM,https://epms.ppra.gov.pk/public/tenders/tender-details/TS0000013703E,Energy/Utilities,2026-09-29,2026-10-05T06:27:10.880745
1682,TS0000013706E,Major / Minor / Repair / Maint / Miscellaneous works at HQ 34 Div Rwp AOR Wah Hvn & Gwa,,Repair/Maintenance,09/2026,Military Engineering Services (Army),Rawalpindi - Pakistan,Published,"Sep 14, 2026","Sep 29, 2026",11:30 AM,https://epms.ppra.gov.pk/public/tenders/tender-details/TS0000013706E,Services,2026-09-29,2026-10-05T06:27:10.880745
1683,TS0000013713E,TENDER FOR PROCUREMENT / RENEWAL OF TRELLIX COMPLETE ENDPOINT PROTECTION BUSINESS LICENSE FOR PNSC,for details please visit: https://pnsc.com.pk/tenders The Pakistan National Shipping Corporation (MIS)...,Info and Comm Tech,P117907,Pakistan National Shipping Corporation (PNSC),Karachi - Pakistan,Published,"Sep 14, 2026","Sep 29, 2026",11:00 AM,https://epms.ppra.gov.pk/public/tenders/tender-details/TS0000013713E,Goods/Supplies,2026-09-29,2026-10-05T06:27:10.880745
1684,TS0000013459E,PROC OF CHEMICAL MILLING PROTECTIVE GLUE,MD AMF,Miscellaneous,PACB/751-A/080826008/1288/P-2,Ministry of Defence Production,Rawalpindi - Pakistan,Published,"Sep 14, 2026","Sep 29, 2026",10:30 AM,https://epms.ppra.gov.pk/public/tenders/tender-details/TS0000013459E,Other,2026-09-29,2026-10-05T06:27:10.880745
1685,TS0000013718E,AM-20007-YP - Procurement of Batteries for Central Region Aviation Stations,AM-20007-YP - Procurement of Batteries for Central Region Aviation Stations AM-20007-YP - Procurement of Batteries for...,Electrical Items,AM-20007-YP,Pakistan State Oil (PSO),Karachi - Pakistan,Published,"Sep 14, 2026","Sep 29, 2026",02:15 PM,https://epms.ppra.gov.pk/public/tenders/tender-details/TS0000013718E,Energy/Utilities,2026-09-29,2026-10-05T06:27:10.880745
1686,TS0000013719E,"Services for Lubricant Racks, DUs And Dust Bins Paint & Graphics Works At Retail Outlets-Lahore",,Services,RF-20001-SI,Pakistan State Oil (PSO),Karachi - Pakistan,Published,"Sep 14, 2026","Sep 29, 2026",02:15 PM,https://epms.ppra.gov.pk/public/tenders/tender-details/TS0000013719E,Services,2026-09-29,2026-10-05T06:27:10.880745
1687,TS0000013720E,Services for Providing and fixing of RFID door lock in public washrooms of CF sites in Karachi Division.,,Services,RF-19727-SIRR,Pakistan State Oil (PSO),Karachi - Pakistan,Published,"Sep 14, 2026","Sep 29, 2026",02:15 PM,https://epms.ppra.gov.pk/public/tenders/tender-details/TS0000013720E,Services,2026-09-29,2026-10-05T06:27:10.880745
1688,TS0000013723E,Repair / Maint Works at AOR CMES (A) Kohat,Repair / Maint Works at AOR CMES (A) Kohat Repair / Maint Works at AOR CMES (A) Kohat,Civil Works,6000-06/95/E6,Military Engineering Services (Army),Kohat - Pakistan,Published,"Sep 14, 2026","Sep 29, 2026",11:30 AM,https://epms.ppra.gov.pk/public/tenders/tender-details/TS0000013723E,Construction/Works,2026-09-29,2026-10-05T06:27:10.880745
1689,TS0000013725E,Services Required of Legal Firm for Cerisma Pvt Ltd,,Services,CRZ-0016-SI,Pakistan State Oil (PSO),Karachi - Pakistan,Published,"Sep 14, 2026","Sep 29, 2026",02:15 PM,https://epms.ppra.gov.pk/public/tenders/tender-details/TS0000013725E,Services,2026-09-29,2026-10-05T06:27:10.880745
1690,TS0000013728E,Procurement of Multi-Functional Attendance Machines for PSO Locations.,"SPECIAL INSTRUCTIONS: Any party interested to participate in any of the tender(s) may send its request for tender documents through SAP Ariba Portal in the following manner: 1.	Scanned copy of the duly signed and stamped request on official letterhead of the bidder shall be uploaded on SAP Ariba Portal. In the subject request letter, please mention “Tender Documents Collection Request – Tender No.”. 2.	Request shall be accompanied by scanned copies of the following: a.	Valid NTN, GST, Provincial Sales Tax Certificates (where applicable), CNIC of owner/ authorized representative. Vendor should be an active tax payer. Procurement of Multi-Functional Attendance...",Equipments,AD-20004-MS,Pakistan State Oil (PSO),Karachi - Pakistan,Published,"Sep 14, 2026","Sep 29, 2026",02:15 PM,https://epms.ppra.gov.pk/public/tenders/tender-details/TS0000013728E,Goods/Supplies,2026-09-29,2026-10-05T06:27:10.880745
1691,TS0000013731E,Procurement of Invoicing Printer.,"SPECIAL INSTRUCTIONS: Any party interested to participate in any of the tender(s) may send its request for tender documents through SAP Ariba Portal in the following manner: 1.	Scanned copy of the duly signed and stamped request on official letterhead of the bidder shall be uploaded on SAP Ariba Portal. In the subject request letter, please mention “Tender Documents Collection Request – Tender No.”. 2.	Request shall be accompanied by scanned copies of the following: a.	Valid NTN, GST, Provincial Sales Tax Certificates (where applicable), CNIC of owner/ authorized representative. Vendor should be an active tax payer. Procurement of Invoicing Printer.",Equipments,IT-19890-MSR,Pakistan State Oil (PSO),Karachi - Pakistan,Published,"Sep 14, 2026","Sep 29, 2026",02:15 PM,https://epms.ppra.gov.pk/public/tenders/tender-details/TS0000013731E,Goods/Supplies,2026-09-29,2026-10-05T06:27:10.880745
1692,TS0000013734E,Procurement of ACs for PSO Locations.,"SPECIAL INSTRUCTIONS: Any party interested to participate in any of the tender(s) may send its request for tender documents through SAP Ariba Portal in the following manner: 1.	Scanned copy of the duly signed and stamped request on official letterhead of the bidder shall be uploaded on SAP Ariba Portal. In the subject request letter, please mention “Tender Documents Collection Request – Tender No.”. 2.	Request shall be accompanied by scanned copies of the following: a.	Valid NTN, GST, Provincial Sales Tax Certificates (where applicable), CNIC of owner/ authorized representative. Vendor should be an active tax payer. Procurement of ACs for PSO Locations.",Equipments,AD-20005-MS,Pakistan State Oil (PSO),Karachi - Pakistan,Published,"Sep 14, 2026","Sep 29, 2026",02:15 PM,https://epms.ppra.gov.pk/public/tenders/tender-details/TS0000013734E,Goods/Supplies,2026-09-29,2026-10-05T06:27:10.880745
1693,TS0000013735E,Prequalification of Operations and maintenance of renewable solution- terminals and small facilities,,Services,PQ-BD/0020/MN (Round 2),Pakistan State Oil (PSO),Karachi - Pakistan,Published,"Sep 14, 2026","Sep 29, 2026",02:15 PM,https://epms.ppra.gov.pk/public/tenders/tender-details/TS0000013735E,Services,2026-09-29,2026-10-05T06:27:10.880745
1694,TS0000013737E,Provision of Repair & Maintenance Services of Generators with Part at RHO NADRA Lahore & Its Offices,Provision of Repair & Maintenance Services of Generators with Part at RHO NADRA Lahore & Its Offices 1. The RHO NADRA LAHORE has sufficient funds from...,Repair/Maintenance,IFP # NADRA-RHO LHR-IFP/2026/R&M-Generators,Ministry of Interior and Narcotics Control,Lahore - Pakistan,Published,"Sep 14, 2026","Sep 29, 2026",11:00 AM,https://epms.ppra.gov.pk/public/tenders/tender-details/TS0000013737E,Services,2026-09-29,2026-10-05T06:27:10.880745
1695,TS0000013741E,AM-20016-YP-Procurement of Aviation components/ parts for Refueller R-26 & R-27.,AM-20016-YP-Procurement of Aviation components/ parts for Refueller R-26 & R-27. AM-20016-YP-Procurement of Aviation components/...,Mechanical/Machinery,AM-20016-YP,Pakistan State Oil (PSO),Karachi - Pakistan,Published,"Sep 14, 2026","Sep 29, 2026",02:15 PM,https://epms.ppra.gov.pk/public/tenders/tender-details/TS0000013741E,Energy/Utilities,2026-09-29,2026-10-05T06:27:10.880745
1696,TS0000013742E,Requisition for advertisement notice of tender,Military Engineering services Requisition for advertisement,Repair/Maintenance,6000-PPRA/01/E-6 dated 14-09-2026,Ministry of Defence,Rawalpindi - Pakistan,Published,"Sep 14, 2026","Sep 29, 2026",11:30 AM,https://epms.ppra.gov.pk/public/tenders/tender-details/TS0000013742E,Services,2026-09-29,2026-10-05T06:27:10.880745
1697,TS0000013744E,"1. Integrity Assessment of 11 Warehouses at PSO Keamari Terminal, 2. Calibration of PRVs and 3. Independent Inspection Consultancy for Technical Due Diligence of","Third-Party Inspection 1. Integrity Assessment of 11 Warehouses at PSO Keamari Terminal, 2. Calibration of PRVs and 3. Independent Inspection Consultancy for Technical Due Diligence of Third-Party Inspection 1. Integrity Assessment of 11 Warehouses at PSO...",Services,"1. PS-20010-AA, 2. AM-20027-AA , 3. OP-19940-AAR",Pakistan State Oil (PSO),Karachi - Pakistan,Published,"Sep 14, 2026","Sep 29, 2026",02:15 PM,https://epms.ppra.gov.pk/public/tenders/tender-details/TS0000013744E,Services,2026-09-29,2026-10-05T06:27:10.880745
1698,TS0000013745E,"Hiring of 04 Buildings on Rent, for PBM Provincial Office Gilgit, PBM Sweet Home, Skardu, PBM Sweet Home Ghizer & PBM Shelter Home, Skardu","Hiring of 04 Buildings on Rent, for PBM Provincial Office Gilgit, PBM Sweet Home, Skardu, PBM Sweet Home Ghizer & PBM Shelter Home, Skardu Hiring of 04 Buildings on Rent, for PBM...",Leasing,P117937,Ministry of Poverty Alleviation and Social Safety,Islamabad - Pakistan,Published,"Sep 14, 2026","Sep 29, 2026",10:30 AM,https://epms.ppra.gov.pk/public/tenders/tender-details/TS0000013745E,Construction/Works,2026-09-29,2026-10-05T06:27:10.880745
1699,TS0000013750E,Services for Rehab / Renovation Works of P.I Room and Washrooms at PSO LMPA Keamari Terminal.,- Services for Rehab / Renovation Works of P.I Room...,Appliances,LT-19991-AM,Pakistan State Oil (PSO),Karachi - Pakistan,Published,"Sep 14, 2026","Sep 29, 2026",02:15 PM,https://epms.ppra.gov.pk/public/tenders/tender-details/TS0000013750E,Construction/Works,2026-09-29,2026-10-05T06:27:10.880745
1700,TS0000013752E,Procurement of a High-End Desktop Workstation (High-Performance Computing),,Miscellaneous,PPMC/2026/08,Ministry of Energy (Power Division),Islamabad - Pakistan,Published,"Sep 14, 2026","Sep 29, 2026",11:00 AM,https://epms.ppra.gov.pk/public/tenders/tender-details/TS0000013752E,Goods/Supplies,2026-09-29,2026-10-05T06:27:10.880745
1701,TS0000013753E,COATING OF PRODUCT PIPING AT ZOT TERMINAL,- COATING OF PRODUCT PIPING AT ZOT TERMINAL....,Appliances,OP-19993-AM,Pakistan State Oil (PSO),Karachi - Pakistan,Published,"Sep 14, 2026","Sep 29, 2026",02:15 PM,https://epms.ppra.gov.pk/public/tenders/tender-details/TS0000013753E,Other,2026-09-29,2026-10-05T06:27:10.880745
1702,TS0000013755E,HIRED TRANSPORT FY 2026-27,HIRING OF 01 TRUCK 3 TON 60 TRIPS 02 HOWRA 30 TRIP,Services,BSOS/IT/2026_27/03 dated 14 Sep 26,Pakistan Navy,Sujawal - Pakistan,Published,"Sep 14, 2026","Sep 29, 2026",11:30 AM,https://epms.ppra.gov.pk/public/tenders/tender-details/TS0000013755E,Services,2026-09-29,2026-10-05T06:27:10.880745
1703,TS0000013760E,Repair work,Yes CFY 2026-2027,Repair/Maintenance,Tender Notice,HQs Frontier Core-North KPK,Peshawar - Pakistan,Published,"Sep 14, 2026","Sep 29, 2026",10:00 AM,https://epms.ppra.gov.pk/public/tenders/tender-details/TS0000013760E,Services,2026-09-29,2026-10-05T06:27:10.880745
1704,TS0000013761E,Procurement of Legal Advisory Services on Retainership Basis,,Services,07/2026-27,Ministry of Energy (Power Division),Islamabad - Pakistan,Published,"Sep 14, 2026","Sep 29, 2026",11:00 AM,https://epms.ppra.gov.pk/public/tenders/tender-details/TS0000013761E,Services,2026-09-29,2026-10-05T06:27:10.880745
1705,TS0000013506E,Supply of Consumable Items for Chemistry Department,"REQUEST FOR BIDS PROCUREMENT OF GOODS 1. The Comsats University, Islamabad (Islamabad Campus) (Comsats University, Islamabad) has reserved Funds for the procurement planned for FY 2026-27. The Comsats University, Islamabad (Islamabad Campus) (Comsats University, Islamabad) intends to apply part of the proceeds of this Fund to cover eligible payments under the contract for the ""TN-753 (EFS # 43135) Supply of Consumable Items for Chemistry Department"" with the reference of ""P76618"" 2. The Comsats University, Islamabad (Islamabad Campus) (Comsats University, Islamabad) invites sealed Bids from eligible Bidders for procurement of goods described in the bidding documents on EPADS v2.0. 3. Single Stage-Two Envelope will be used by adopting Least Cost Based Selection (LCBS) Technique for the subject procurement, in line with the Public Procurement Rules, 2004 and any Regulations, Regulatory Guides, Procurement Guidelines or Instructions issued by the Authority from time to time. 4. All Bids must be accompanied by a Bid Security amounting described in Bid Security Section in Bidding Document in the form of   or all bids must be accompanied by bid securing declaration in the format specified in the Bidding documents 5. E-Bidding documents, containing detailed terms & conditions, specifications and requirements etc. are available on e-Pak Acquisition and Disposal System  (EPADS)  at https://epads.gov.pk/opportunities/federal/procurements/76618 for all the interested bidders registered on EPADS v2.0. Bidders are required to get themselves registered on EPADS v2.0 to participate in Bidding process. 6. The e-bids, prepared in accordance with the instructions in the e-Bidding Documents, must be submitted through EPADS v2.0 on or before Monday, September 28, 2026 11:00 AM. E-bids will be opened using EPADS v2.0  on the same day at Monday, September 28, 2026 11:30 AM. Manual Page 1 of 99 e-Pak Acquisition and Disposal System (EPADS) generated document   © 2026 submission of Bids shall not be entertained. Those vendors who have not yet registered on the new version of EPADS v2.0, may register themselves on https://vendors.epads.gov.pk/. A tutorial to explain the registration process is available at https://www.youtube.com/watch?v=MNW6T38v7tc In terms of Rule 48 of Public Procurement Rules, 2004 Grievance Redressal Committee (GRC) is notified for the subject procurement and notification copy is available on the procuring agency’s website and on Authority’s website at ( www.ppra.org.pk). Comsats University, Islamabad (Islamabad Campus) (Comsats University, Islamabad), Assistant Program Officer Procurement Office, 2nd Floor, Faculty Block-2, Comsats University Islamabad, Park Road., Islamabad Capital Territory +92-336-552-4334 habibullah@comsats.edu.pk REQUEST FOR BIDS PROCUREMENT OF GOODS 1. The...",Consumable Items,TN-753 (EFS # 43135) Supply of Consumable Items for Chemistry Department,COMSATS University Islamabad,Islamabad - Pakistan,PublishedCorrigendum,"Sep 14, 2026","Sep 28, 2026",11:00 AM,https://epms.ppra.gov.pk/public/tenders/tender-details/TS0000013506E,Goods/Supplies,2026-09-28,2026-10-05T06:27:10.880745
1706,TS0000011855E,PROCUREMENT OF LAND FOR ESTABLISHMENT OF NADRA OFFICES AT 10x LOCATIONS OF BALOCHISTAN,Procurement of Land for Establishment of NADRA...,Miscellaneous,RHO/Qta07/2026-27 (P91471),Ministry of Interior and Narcotics Control,Quetta - Pakistan,PublishedCorrigendum,"Sep 14, 2026","Sep 25, 2026",11:00 AM,https://epms.ppra.gov.pk/public/tenders/tender-details/TS0000011855E,Goods/Supplies,2026-09-25,2026-10-05T06:27:10.880745
1707,TS0000013634E,PQ Purchase of Stationery items CSO ASF Lahore,pre-qualification is the on-demand supply of...,Stationery,P106135,Ministry of Defence,Karachi - Pakistan,Published,"Sep 13, 2026","Oct 02, 2026",11:00 AM,https://epms.ppra.gov.pk/public/tenders/tender-details/TS0000013634E,Goods/Supplies,2026-10-02,2026-10-05T06:27:10.880745
1708,TS0000013628E,Procurement of Upgrade Scale Out Capacity for Information Security Monitoring Solution at Primary and Disaster Recovery site,Procurement of Upgrade Scale Out Capacity for Information Security Monitoring Solution at Primary and Disaster Recovery site GOVERNMENT OF PAKISTAN MINISTRY OF INTERIOR &...,Equipments,NADRA-HQ-RFB-112/2026,National Database and Registration Authority (NADRA),Islamabad - Pakistan,Published,"Sep 13, 2026","Oct 01, 2026",11:00 AM,https://epms.ppra.gov.pk/public/tenders/tender-details/TS0000013628E,Services,2026-10-01,2026-10-05T06:27:10.880745
1709,TS0000013619E,Procurement of Testing Equipments for Grid Station & Transmission Lines,Invitation for E-Bid Procurement of Testing Equipments for Grid...,Electrical Items,(NCB-S-32/2026 Lot-1 to 7),Ministry of Energy (Power Division),Sukkur - Pakistan,Published,"Sep 13, 2026","Sep 30, 2026",12:30 PM,https://epms.ppra.gov.pk/public/tenders/tender-details/TS0000013619E,Energy/Utilities,2026-09-30,2026-10-05T06:27:10.880745
1710,TS0000013631E,"Procurement of Portable DC Operated Press Machine, Hydraulic Press Machine, Hydraulic Cable Cutter, Cable Stripping Tool & SF-6 Gas Leakage Detector",Invitation for E-Bid Procurement of Portable DC Operated Press...,Electrical Items,"(NCB-S-31/2026 Lot-I, II, III, IV & V)",Ministry of Energy (Power Division),Sukkur - Pakistan,Published,"Sep 13, 2026","Sep 30, 2026",12:00 PM,https://epms.ppra.gov.pk/public/tenders/tender-details/TS0000013631E,Energy/Utilities,2026-09-30,2026-10-05T06:27:10.880745
1711,TS0000013633E,Procurement of HV Bushing for 31.5/40MVA Power Transformer,Invitation for E-Bid Procurement of HV Bushing for 31.5/40MVA Power...,Electrical Items,(NCB-S-27/2026),Ministry of Energy (Power Division),Sukkur - Pakistan,Published,"Sep 13, 2026","Sep 30, 2026",10:00 AM,https://epms.ppra.gov.pk/public/tenders/tender-details/TS0000013633E,Energy/Utilities,2026-09-30,2026-10-05T06:27:10.880745
1712,TS0000013616E,CONSERVANCY SERVICES AT JNB ORMARA,NORMAL TENDER IF ANY QUERY PLEASE CONTACT 021-32322322 &...,Miscellaneous,JNB ORMARA 01,Ministry of Defence,Karachi. - Pakistan,Published,"Sep 13, 2026","Sep 30, 2026",10:00 AM,https://epms.ppra.gov.pk/public/tenders/tender-details/TS0000013616E,Services,2026-09-30,2026-10-05T06:27:10.880745
1713,TS0000013621E,Procurement of Tripping Coils for Incoming & Outgoing Panel & Tripping Coils for Sieyuan Breaker,Invitation for E-Bid Procurement of Tripping Coils for Incoming &...,Electrical Items,(NCB-S-26/2026 Lot-I & II),Ministry of Energy (Power Division),Sukkur - Pakistan,Published,"Sep 13, 2026","Sep 29, 2026",04:00 PM,https://epms.ppra.gov.pk/public/tenders/tender-details/TS0000013621E,Energy/Utilities,2026-09-29,2026-10-05T06:27:10.880745
1714,TS0000013626E,Extension Notice (Bids Closing & Opening),OGDCL-SCM-SERVICES-CB-EXPL-331177108-2026,Miscellaneous,132/10,Oil and Gas Development Company Limited (OGDCL),Islamabad - Pakistan,Published,"Sep 13, 2026","Sep 29, 2026",10:30 AM,https://epms.ppra.gov.pk/public/tenders/tender-details/TS0000013626E,Other,2026-09-29,2026-10-05T06:27:10.880745
1715,TS0000013637E,Tender for Purchase of 60 Tons Crane for DP Sost,,Mechanical/Machinery,TENDER NO. 21/ CRANE /NLC/2026,National Logistics Corporation (NLC),Rawalpindi - Pakistan,Published,"Sep 13, 2026","Sep 29, 2026",11:00 AM,https://epms.ppra.gov.pk/public/tenders/tender-details/TS0000013637E,Goods/Supplies,2026-09-29,2026-10-05T06:27:10.880745
1716,TS0000013639E,Yardstick Services and Revision of HR Requirements,,Research & Development,MM-21/2026-27,Ministry of Energy (Power Division),Islamabad - Pakistan,Published,"Sep 13, 2026","Sep 29, 2026",10:00 AM,https://epms.ppra.gov.pk/public/tenders/tender-details/TS0000013639E,Services,2026-09-29,2026-10-05T06:27:10.880745
1717,TS0000013563E,"INVITATION OF OFFERS FOR OBTAINING COMMODITY OPERATION FINANCING FOR WHEAT (OUTSTANDING / FRESH) ALONGWITH MARKUP RATES FOR THE QUARTER OCTOBER TO DECEMBER, 2026 FOR","PASSCO. INVITATION OF OFFERS FOR OBTAINING COMMODITY OPERATION FINANCING FOR WHEAT (OUTSTANDING / FRESH) ALONGWITH MARKUP RATES FOR THE QUARTER OCTOBER TO DECEMBER, 2026 FOR PASSCO. INVITATION OF OFFERS FOR OBTAINING COMMODITY...",Leasing,PASSCO/PROCURMENT/CASH CREDIT/03,Ministry of National Food Security & Research (MNFSR),Islamabad - Pakistan,Published,"Sep 13, 2026","Sep 29, 2026",11:00 AM,https://epms.ppra.gov.pk/public/tenders/tender-details/TS0000013563E,Services,2026-09-29,2026-10-05T06:27:10.880745
1718,TS0000013617E,Repair/Maintenance of miscellaneous works,"MES Hilal Gar, Karana Sargodha Repair/Maintenance of miscellaneous works at GE...",Miscellaneous,MES Hilal Gar/607/HG/Maint-Advt-1/01 dated 12 Sep 2026,Military Engineering Services (Army),Sargodha - Pakistan,Published,"Sep 13, 2026","Sep 28, 2026",11:30 AM,https://epms.ppra.gov.pk/public/tenders/tender-details/TS0000013617E,Services,2026-09-28,2026-10-05T06:27:10.880745
1719,TS0000013618E,UPGRADATION OF ORONA LIFT,Electrical Modernization of Existing Orona Gearless Elevator RFQ Particular	Details Electrical Modernization of Existing Orona...,Civil Works,Upgradation of Orona Lift,Bahria University,Islamabad - Pakistan,Published,"Sep 13, 2026","Sep 28, 2026",10:30 AM,https://epms.ppra.gov.pk/public/tenders/tender-details/TS0000013618E,Construction/Works,2026-09-28,2026-10-05T06:27:10.880745
1720,TS0000013620E,Purchase of Expendable Store Items CSO JIAP Karachi Airport,"Purchase of Expendable Store Items General Order Supplier Electric Items Appliances,...",Miscellaneous,02/ASF (JIAP)/2026-27/Store,Ministry of Defence,Karachi - Pakistan,Published,"Sep 13, 2026","Sep 28, 2026",11:00 AM,https://epms.ppra.gov.pk/public/tenders/tender-details/TS0000013620E,Goods/Supplies,2026-09-28,2026-10-05T06:27:10.880745
1721,TS0000013622E,Repair / Maintenance and Services CSO ASF JIAP Karachi Airport,Repair / Maintenance and Services CSO ASF JIAP Airport General order suppliers may be asked to provide...,Repair/Maintenance,01/ASF (JIAP)/2026-27/Store,Ministry of Defence,Karachi - Pakistan,Published,"Sep 13, 2026","Sep 28, 2026",11:00 AM,https://epms.ppra.gov.pk/public/tenders/tender-details/TS0000013622E,Services,2026-09-28,2026-10-05T06:27:10.880745
1722,TS0000013623E,Repair & Maintenance of Vehical CSO ASF JIAP Karachi,Pre-qualification of Firms for Repair & Maintenance and Replacement of spare parts of Mechanical Transport Pre-qualification of Firms for Repair &...,Repair/Maintenance,P112141 JIAP MT,Ministry of Defence,Karachi - Pakistan,Published,"Sep 13, 2026","Sep 28, 2026",11:00 AM,https://epms.ppra.gov.pk/public/tenders/tender-details/TS0000013623E,Services,2026-09-28,2026-10-05T06:27:10.880745
1723,TS0000013625E,Provision of Stationery Items CSO South Karachi,Provision of Stationery Items Provision of Stationery Items,Stationery,P105832 CSO South,Ministry of Defence,Karachi - Pakistan,Published,"Sep 13, 2026","Sep 28, 2026",11:00 AM,https://epms.ppra.gov.pk/public/tenders/tender-details/TS0000013625E,Goods/Supplies,2026-09-28,2026-10-05T06:27:10.880745
1724,TS0000013627E,Framework Agreement for Repair and Maintanance of Govt Owned Vehicles.,This Is Framework Agreement for Repair and...,Repair/Maintenance,FFW9724,Ministry of Finance,Islamabad - Pakistan,Published,"Sep 13, 2026","Sep 28, 2026",03:30 PM,https://epms.ppra.gov.pk/public/tenders/tender-details/TS0000013627E,Services,2026-09-28,2026-10-05T06:27:10.880745
1725,TS0000013632E,"Annual Re-Tender for Purchase of Machinery equipment, Computer Equipments, Software, Furniture/Fixture and Tyres","Annual Re-Tender for Purchase of Machinery equipment, Computer Equipments, Software, Furniture/Fixture and Tyres Annual Re-Tender for Purchase of Machinery...",Equipments,7/6/2026-27(general),Ministry of Interior and Narcotics Control,Islamabad - Pakistan,Published,"Sep 13, 2026","Sep 28, 2026",11:00 AM,https://epms.ppra.gov.pk/public/tenders/tender-details/TS0000013632E,IT/Technology,2026-09-28,2026-10-05T06:27:10.880745
1726,TS0000013635E,INVITATION TO TENDER FOR TV MEDIA RIGHTS OF BILATERAL/TRINATION SERIES FROM OCTOBER 2026 TILL MAY 2027 FOR PAKISTAN REGION,,Miscellaneous,TV media,Pakistan Cricket Board,Lahore - Pakistan,Published,"Sep 13, 2026","Sep 28, 2026",12:00 PM,https://epms.ppra.gov.pk/public/tenders/tender-details/TS0000013635E,Other,2026-09-28,2026-10-05T06:27:10.880745
1727,TS0000013636E,INVITE TO TENDER FOR LIVE STREAM MEDIA RIGHTS OF BILATERAL/TRINATION SERIES FROM OCTOBER 2026 TILL MAY 2027 FOR PAKISTAN REGION,,Miscellaneous,LIVE STREAM MEDIA,Pakistan Cricket Board,Lahore - Pakistan,Published,"Sep 13, 2026","Sep 28, 2026",12:00 PM,https://epms.ppra.gov.pk/public/tenders/tender-details/TS0000013636E,Other,2026-09-28,2026-10-05T06:27:10.880745
1728,TS0000013614E,PROCUREMENT OF RESEARCH EQUIPMENT AND CONSUMABLE ITEM FOR NRPU 164237-41 - BAHRIA UNIVERSITY H-11 CAMPUS ISLAMABAD,PROCUREMENT OF RESEARCH  EQUIPMENT AND CONSUMABLE ITEM FOR NRPU 164237-41 - BAHRIA UNIVERSITY H-11 CAMPUS ISLAMABAD NRPU RESEARCH PROJECT,Civil Goods,PROCUREMENT OF RESEARCH EQUIPMENT AND CONSUMABLE ITEM FOR NRPU 164237-41 - BAHRIA UNIVERSITY H-11 CAMPUS ISLAMABAD,Bahria University,Islamabad - Pakistan,Published,"Sep 13, 2026","Sep 28, 2026",10:30 AM,https://epms.ppra.gov.pk/public/tenders/tender-details/TS0000013614E,Goods/Supplies,2026-09-28,2026-10-05T06:27:10.880745
1729,TS0000013615E,GE Army Pano Aqil TC Works,Repair Maintenance Works Work TC DC,Civil Works,6002/01/E6,Ministry of Defence,Pano Aqil - Pakistan,Published,"Sep 13, 2026","Sep 28, 2026",11:30 AM,https://epms.ppra.gov.pk/public/tenders/tender-details/TS0000013615E,Construction/Works,2026-09-28,2026-10-05T06:27:10.880745
1730,TS0000013593E,TE NO.0001-FP-56-Cap-Pur-MGFY,TE NO.0001-FP-56-Cap-Pur-MGFY Proc of Auto Wax Injection Machine against TE...,Mechanical/Machinery,TE NO.0001-FP-56-Cap-Pur-MGFY,Ministry of Defence Production,Wah Cantt - Pakistan,Published,"Sep 12, 2026","Oct 16, 2026",10:30 AM,https://epms.ppra.gov.pk/public/tenders/tender-details/TS0000013593E,Other,2026-10-16,2026-10-05T06:27:10.880745
1731,TS0000013596E,CFWA of Medicines/ Disp items for all CMHs - AFIO Rwp,,Health/Medicines,MS/AFIO/01,Ministry of Defence,Rawalpindi - Pakistan,Published,"Sep 12, 2026","Oct 06, 2026",02:00 PM,https://epms.ppra.gov.pk/public/tenders/tender-details/TS0000013596E,Medical/Health,2026-10-06,2026-10-05T06:27:10.880745
1732,TS0000013599E,Tender for Proc of Electromedical Equipments - AFIO Rwp,,Equipments,MS/AFIO/05,Ministry of Defence,Rawalpindi - Pakistan,Published,"Sep 12, 2026","Oct 05, 2026",09:00 AM,https://epms.ppra.gov.pk/public/tenders/tender-details/TS0000013599E,Medical/Health,2026-10-05,2026-10-05T06:27:10.880745
1733,TS0000013565E,PUBLICATION of tender NOTICE No. 01/2026-27,"Sealed tenders are invited from reputed pharmaceutical manufacturers/ importers/Sole Country-wise Distributors having active NTN and valid drug license for supply of ‘Anti-Cancer and Local Distributors for Allied/Supportive Medicines’ amounting Rs. 471.65 Million (approximately) for the Financial Year 2026-27 with 04 months grace period upto 31st October, 2027 OR till hiring of new contractor(s). Tender documents containing terms and conditions and list of medicines can be obtained from the Procurement Branch, P.O Box. 110, Abbottabad during working hours against depositing cash of Rs. 500/- (non-refundable) in-personal or through mail by sending Demand Draft or Pay Order amounting to Rs. 650/- in the name of                  Sr. Accounts Officer, P.O Box. 110, Abbottabad (No email will be entertained). Sealed tenders are invited from reputed...",Health/Medicines,PUBLICATION of tender NOTICE No. 01/2026-27,Pakistan Atomic Energy Commission (PAEC),Islamabad - Pakistan,Published,"Sep 12, 2026","Oct 03, 2026",11:00 AM,https://epms.ppra.gov.pk/public/tenders/tender-details/TS0000013565E,Medical/Health,2026-10-03,2026-10-05T06:27:10.880745
1734,TS0000013607E,ESTABLISHMENT & UPGRADATION OF JETTY AND RELATED STRUCTURES,Project envisages the establishment and...,Civil Works,KoFHA/Engg/253/2026,Ministry of Maritime Affairs,Karachi - Pakistan,Published,"Sep 12, 2026","Oct 01, 2026",12:00 PM,https://epms.ppra.gov.pk/public/tenders/tender-details/TS0000013607E,Construction/Works,2026-10-01,2026-10-05T06:27:10.880745
1735,TS0000013608E,procurement of Dedicated Logically Isolated Storage for Public Key Infrastructure (PKI),procurement of Dedicated Logically Isolated Storage for Public Key Infrastructure (PKI) GOVERNMENT OF PAKISTAN MINISTRY OF INTERIOR &...,Equipments,NADRA-HQ-RFB-110/2026,National Database and Registration Authority (NADRA),Islamabad - Pakistan,Published,"Sep 12, 2026","Oct 01, 2026",11:00 AM,https://epms.ppra.gov.pk/public/tenders/tender-details/TS0000013608E,Construction/Works,2026-10-01,2026-10-05T06:27:10.880745
1736,TS0000013610E,procurement of additional Compute Resources for Database Monitoring Solution along with Storage Support Renewal & SAN Switches POD Licenses,procurement of additional Compute Resources for Database Monitoring Solution along with Storage Support Renewal & SAN Switches POD Licenses GOVERNMENT OF PAKISTAN MINISTRY OF INTERIOR &...,Equipments,NADRA-HQ-RFB-111/2026,National Database and Registration Authority (NADRA),Islamabad - Pakistan,Published,"Sep 12, 2026","Oct 01, 2026",11:00 AM,https://epms.ppra.gov.pk/public/tenders/tender-details/TS0000013610E,Goods/Supplies,2026-10-01,2026-10-05T06:27:10.880745
1737,TS0000013208E,Indigenous Development of Spares,,Miscellaneous,8600/201/Dev Gp/DESCOM/IT/T/18 to 34 dated 08 Sep 2026,Heavy Industries Taxila (HIT),Taxila - Pakistan,PublishedCorrigendum,"Sep 12, 2026","Sep 30, 2026",10:30 AM,https://epms.ppra.gov.pk/public/tenders/tender-details/TS0000013208E,Goods/Supplies,2026-09-30,2026-10-05T06:27:10.880745
1738,TS0000013600E,NCB-262 Shifting of 132 kV D/C Transmission Line (1.8 km) Sangjani-II (B-17) to NIIA & 132 kV Tarnol to F-11 Circuits at Fazia Housing scheme between location No. 53,"to 59 under cost deposit head (Rs. 38,537,322/ including PST NCB-262 Shifting of 132 kV D/C Transmission Line... Civil Works",NCB-262 Shifting of 132 kV D/C Transmission Line (1.8 km) Sangjani-II (B-17) to NIIA & 132 kV Tarnol to F-11 Circuits at Fazia Housing scheme between location No. 53,"to 59 under cost deposit head (Rs. 38,537,322/ including PST",Islamabad Electric Supply Company (IESCO),Islamabad - Pakistan,Published,"Sep 12, 2026","Sep 30, 2026",11:00 AM,https://epms.ppra.gov.pk/public/tenders/tender-details/TS0000013600E,Other,2026-09-30,2026-10-05T06:27:10.880745
1739,TS0000013612E,Miscellaneous MS Material for Crossing,,Miscellaneous,FCS/SOA/TE/063/26,Sui Northern Gas Pipelines Limited (SNGPL),Karak - Pakistan,Published,"Sep 12, 2026","Sep 30, 2026",03:00 PM,https://epms.ppra.gov.pk/public/tenders/tender-details/TS0000013612E,Goods/Supplies,2026-09-30,2026-10-05T06:27:10.880745
1740,TS0000013588E,Procurement of Incoming & Outgoing Trolleys Make LS Korea,Invitation for E-Bid Procurement of Incoming & Outgoing Trolleys...,Electrical Items,NCB-S-25/2026 Lot-I & II,Ministry of Energy (Power Division),Sukkur - Pakistan,Published,"Sep 12, 2026","Sep 29, 2026",03:30 PM,https://epms.ppra.gov.pk/public/tenders/tender-details/TS0000013588E,Energy/Utilities,2026-09-29,2026-10-05T06:27:10.880745
1741,TS0000013590E,Framework Agreement for Procurement of General Order Supplies,,Miscellaneous,FFW9745,Ministry of IT and TeleCommunication,Islamabad - Pakistan,Published,"Sep 12, 2026","Sep 29, 2026",03:00 PM,https://epms.ppra.gov.pk/public/tenders/tender-details/TS0000013590E,Goods/Supplies,2026-09-29,2026-10-05T06:27:10.880745
1742,TS0000013591E,Procurement of Travel Management Services,,Miscellaneous,FFW9706,Ministry of IT and TeleCommunication,Islamabad - Pakistan,Published,"Sep 12, 2026","Sep 29, 2026",11:00 AM,https://epms.ppra.gov.pk/public/tenders/tender-details/TS0000013591E,Services,2026-09-29,2026-10-05T06:27:10.880745
1743,TS0000013594E,T-76 Lineman Uniform ALM,Lineman Uniform ALM,Electrical Items,P115873,Islamabad Electric Supply Company (IESCO),Islamabad - Pakistan,Published,"Sep 12, 2026","Sep 29, 2026",10:30 AM,https://epms.ppra.gov.pk/public/tenders/tender-details/TS0000013594E,Energy/Utilities,2026-09-29,2026-10-05T06:27:10.880745
1744,TS0000013595E,Lineman Uniform LM,,Electrical Items,P115879,Islamabad Electric Supply Company (IESCO),Islamabad - Pakistan,Published,"Sep 12, 2026","Sep 29, 2026",10:30 AM,https://epms.ppra.gov.pk/public/tenders/tender-details/TS0000013595E,Energy/Utilities,2026-09-29,2026-10-05T06:27:10.880745
1745,TS0000013597E,HT Accu Check Meter,,Electrical Items,P115885,Islamabad Electric Supply Company (IESCO),Islamabad - Pakistan,Published,"Sep 12, 2026","Sep 29, 2026",10:30 AM,https://epms.ppra.gov.pk/public/tenders/tender-details/TS0000013597E,Energy/Utilities,2026-09-29,2026-10-05T06:27:10.880745
1746,TS0000013598E,Primary Injection Set,,Electrical Items,P115906,Islamabad Electric Supply Company (IESCO),Islamabad - Pakistan,Published,"Sep 12, 2026","Sep 29, 2026",10:30 AM,https://epms.ppra.gov.pk/public/tenders/tender-details/TS0000013598E,Energy/Utilities,2026-09-29,2026-10-05T06:27:10.880745
1747,TS0000013601E,Secondary Injection Set,,Electrical Items,P115918,Islamabad Electric Supply Company (IESCO),Islamabad - Pakistan,Published,"Sep 12, 2026","Sep 29, 2026",10:30 AM,https://epms.ppra.gov.pk/public/tenders/tender-details/TS0000013601E,Energy/Utilities,2026-09-29,2026-10-05T06:27:10.880745
1748,TS0000013602E,Three Phase Energy Analyzer,,Electrical Items,P115927,Islamabad Electric Supply Company (IESCO),Islamabad - Pakistan,Published,"Sep 12, 2026","Sep 29, 2026",10:30 AM,https://epms.ppra.gov.pk/public/tenders/tender-details/TS0000013602E,Energy/Utilities,2026-09-29,2026-10-05T06:27:10.880745
1749,TS0000013603E,CT/PT Analyzer,,Electrical Items,P115933,Islamabad Electric Supply Company (IESCO),Islamabad - Pakistan,Published,"Sep 12, 2026","Sep 29, 2026",10:30 AM,https://epms.ppra.gov.pk/public/tenders/tender-details/TS0000013603E,Energy/Utilities,2026-09-29,2026-10-05T06:27:10.880745
1750,TS0000013604E,Digital 3-Phase Power Analyzer with Portable CT's and PT's,,Electrical Items,P115936,Islamabad Electric Supply Company (IESCO),Islamabad - Pakistan,Published,"Sep 12, 2026","Sep 29, 2026",10:30 AM,https://epms.ppra.gov.pk/public/tenders/tender-details/TS0000013604E,IT/Technology,2026-09-29,2026-10-05T06:27:10.880745
1751,TS0000013589E,Hiring of Specialized Consultancy Services for Jira/Atlassian Solutions,,Services,P115276,Ministry of IT and TeleCommunication,Islamabad - Pakistan,Published,"Sep 12, 2026","Sep 28, 2026",11:00 AM,https://epms.ppra.gov.pk/public/tenders/tender-details/TS0000013589E,Services,2026-09-28,2026-10-05T06:27:10.880745
1752,TS0000013592E,Invitation to E-Bid,Through SAP ARIBA Discovery 148/11,Miscellaneous,148/11,Oil and Gas Development Company Limited (OGDCL),Islamabad - Pakistan,Published,"Sep 12, 2026","Sep 28, 2026",11:00 AM,https://epms.ppra.gov.pk/public/tenders/tender-details/TS0000013592E,Other,2026-09-28,2026-10-05T06:27:10.880745
1753,TS0000013605E,Hiring of Transport Services For KoFHA Employees,Whereas the Authority intends to hire three (03)...,Services,KoFHA/A/Tender/Trasport/2026,Ministry of Maritime Affairs,Karachi - Pakistan,Published,"Sep 12, 2026","Sep 28, 2026",12:00 PM,https://epms.ppra.gov.pk/public/tenders/tender-details/TS0000013605E,Services,2026-09-28,2026-10-05T06:27:10.880745
1754,TS0000013609E,T-2077 50 kVA Distribution Transformers,Procurement of 50 kVA Distribution Transformers,Electrical Items,T-2077 50 kVA Distribution Transformers,Ministry of Energy (Power Division),Quetta - Pakistan,Published,"Sep 12, 2026","Sep 28, 2026",01:30 PM,https://epms.ppra.gov.pk/public/tenders/tender-details/TS0000013609E,Energy/Utilities,2026-09-28,2026-10-05T06:27:10.880745
1755,TS0000013613E,"Tender No. P-60/2026 Supply, Installation, Commissioning & Testing of 60 KVA UPS with batteries for PRAL Head Office, Islamabad","Tender No. P-60/2026 Supply, Installation, Commissioning & Testing of 60 KVA UPS with batteries for PRAL Head Office, Islamabad Tender No. P-60/2026 Supply, Installation,...",Equipments,P-60/2026,Ministry of Finance,Islamabad - Pakistan,Published,"Sep 12, 2026","Sep 28, 2026",03:00 PM,https://epms.ppra.gov.pk/public/tenders/tender-details/TS0000013613E,Goods/Supplies,2026-09-28,2026-10-05T06:27:10.880745
1756,TS0000011194E,"Gas Service Valves 1"" (With Tail Piece)","Gas Service Valves 1"" (With Tail Piece), 500 Nos. Gas Service Valves 1"" (With Tail Piece)",Miscellaneous,SND-2614,Sui Northern Gas Pipelines Limited (SNGPL),Islamabad - Pakistan,PublishedCorrigendum,"Sep 11, 2026","Oct 27, 2026",02:30 PM,https://epms.ppra.gov.pk/public/tenders/tender-details/TS0000011194E,Energy/Utilities,2026-10-27,2026-10-05T06:27:10.880745
1757,TS0000011191E,Pneumatic Breaker,Pneumatic Breaker (15 Nos.) Pneumatic Breaker,Miscellaneous,SND-2611/26,Sui Northern Gas Pipelines Limited (SNGPL),Islamabad - Pakistan,PublishedCorrigendum,"Sep 11, 2026","Oct 22, 2026",02:30 PM,https://epms.ppra.gov.pk/public/tenders/tender-details/TS0000011191E,Other,2026-10-22,2026-10-05T06:27:10.880745
1758,TS0000010484E,"Gas Service Valves 3/4"" (Without Tail Piece)","Gas Service Valves 3/4"" (Without Tail Piece) 180,000 Nos. Gas Service Valves 3/4"" (Without Tail Piece)",Miscellaneous,SND-2624/26,Sui Northern Gas Pipelines Limited (SNGPL),Islamabad - Pakistan,PublishedCorrigendum,"Sep 11, 2026","Oct 22, 2026",02:30 PM,https://epms.ppra.gov.pk/public/tenders/tender-details/TS0000010484E,Energy/Utilities,2026-10-22,2026-10-05T06:27:10.880745
1759,TS0000013475E,Consolidate Tender Notice 01/26 to 17/26,Purchase of items through open tender basis Tender Notice 01/26 to 17/26 purchase through...,Equipments,01/26 TO 17/26,Public Sector Organization,Islamabad - Pakistan,Published,"Sep 11, 2026","Oct 20, 2026",02:00 PM,https://epms.ppra.gov.pk/public/tenders/tender-details/TS0000013475E,Goods/Supplies,2026-10-20,2026-10-05T06:27:10.880745
1760,TS0000013552E,APPOINTMENT OF INTERNATIONAL CONSULTANT / CONSORTIUM FIRM THROUGH INTERNATIONAL COMPETETIVE BIDDING FOR INDEPENDENT 3RD PARTY T&D (TRANSMISSION AND DISTRIBUTION) LOSS,STUDY OF GEPCO APPOINTMENT OF INTERNATIONAL CONSULTANT /...,Services,03/Services/MM/2025-26,Gujranwala Electric Power Company Limited,Gujranwala - Pakistan,Published,"Sep 11, 2026","Oct 15, 2026",11:00 AM,https://epms.ppra.gov.pk/public/tenders/tender-details/TS0000013552E,Services,2026-10-15,2026-10-05T06:27:10.880745
1761,TS0000013557E,"Hiring of vehicle on rent basis at SNGPL, Distribution Region, Faisalabad for a period of one year",Hiring of Vehicles for SNGPL Faisalabad Distribution Region We intend to hire Vehicles for SNGPL Faisalabad...,Services,ADMIN:FSD:11.5 (006/26),Sui Northern Gas Pipelines Limited (SNGPL),Faisalabad - Pakistan,Published,"Sep 11, 2026","Oct 14, 2026",11:00 AM,https://epms.ppra.gov.pk/public/tenders/tender-details/TS0000013557E,Services,2026-10-14,2026-10-05T06:27:10.880745
1762,TS0000013549E,T-2072 11 KV Out Door Kit 500 MCM,Procurement of 11 KV Out Door Kit 500 MCM,Electrical Items,T-2072 11 KV Out Door Kit 500 MCM,Ministry of Energy (Power Division),Quetta - Pakistan,Published,"Sep 11, 2026","Oct 09, 2026",10:30 AM,https://epms.ppra.gov.pk/public/tenders/tender-details/TS0000013549E,Medical/Health,2026-10-09,2026-10-05T06:27:10.880745
1763,TS0000013541E,"T-2067 LT CTs (100/5 AMP),(200/5 AMP) & (400/5 AMP)","Procurement of LT CTs (100/5 AMP),(200/5 AMP)...",Electrical Items,"T-2067 LT CTs (100/5 AMP),(200/5 AMP) & (400/5 AMP)",Ministry of Energy (Power Division),Quetta - Pakistan,Published,"Sep 11, 2026","Oct 08, 2026",10:30 AM,https://epms.ppra.gov.pk/public/tenders/tender-details/TS0000013541E,Energy/Utilities,2026-10-08,2026-10-05T06:27:10.880745
1764,TS0000013545E,T-2069 Nut & Bolt & D-Shackle Assembly/MSD,Procurement of Nut & Bolt & D-Shackle...,Electrical Items,T-2069 Nut & Bolt & D-Shackle Assembly/MSD,Ministry of Energy (Power Division),Quetta - Pakistan,Published,"Sep 11, 2026","Oct 08, 2026",11:30 AM,https://epms.ppra.gov.pk/public/tenders/tender-details/TS0000013545E,Energy/Utilities,2026-10-08,2026-10-05T06:27:10.880745
1765,TS0000013547E,T-2070 11KV DROPOUT CUTOUT,Procurement of 11KV DROPOUT CUTOUT,Electrical Items,T-2070 11KV DROPOUT CUTOUT,Ministry of Energy (Power Division),Quetta - Pakistan,Published,"Sep 11, 2026","Oct 08, 2026",12:00 PM,https://epms.ppra.gov.pk/public/tenders/tender-details/TS0000013547E,Energy/Utilities,2026-10-08,2026-10-05T06:27:10.880745
1766,TS0000013548E,"T-2071 Eye Nut, Eye Rag Bolt, Dead End Clamp Dog/Rabbit, LC-16 & Plain Round Washer 1.75"" Dia","Procurement of Eye Nut, Eye Rag Bolt, Dead End...",Electrical Items,"T-2071 Eye Nut, Eye Rag Bolt, Dead End Clamp Dog/Rabbit, LC-16 & Plain Round Washer 1.75"" Dia",Ministry of Energy (Power Division),Quetta - Pakistan,Published,"Sep 11, 2026","Oct 08, 2026",12:30 PM,https://epms.ppra.gov.pk/public/tenders/tender-details/TS0000013548E,Energy/Utilities,2026-10-08,2026-10-05T06:27:10.880745
1767,TS0000013476E,"DISMANTLING 0F 220/132 KV, 160 MVA AUTO TRANSFORMER T-4 AT 220 KV GRID STATION SHAHIBAGH PESHAWAR","the purpose of dismantling is to facilitate safe shifting/transportation/160MVA Transformer to the PTESU workshop Lahore. The work is not intended for scrapping / disposal the contractor shall dismantling only those external accessories / components that are necessary for safe transportation of the transformer. DISMANTLING 0F 160 MVA, AUTO TRANSFORMER T-4 AT...",Services,P114250,Ministry of Energy (Power Division),Peshawar - Pakistan,Published,"Sep 11, 2026","Oct 07, 2026",10:30 AM,https://epms.ppra.gov.pk/public/tenders/tender-details/TS0000013476E,Services,2026-10-07,2026-10-05T06:27:10.880745
1768,TS0000013485E,"LPR-14456/02, LPR-14596/02, LPR-14912, LPR-15381 & LPR-15382","LPR-14456/02, LPR-14596/02, LPR-14912, LPR-15381 & LPR-15382",Miscellaneous,"LPR-14456/02, LPR-14596/02, LPR-14912, LPR-15381 & LPR-15382",Karachi Shipyard and Engineering Works Ltd,Karachi - Pakistan,Published,"Sep 11, 2026","Oct 06, 2026",10:45 AM,https://epms.ppra.gov.pk/public/tenders/tender-details/TS0000013485E,Other,2026-10-06,2026-10-05T06:27:10.880745
1769,TS0000013533E,T-2063 33kV Pin Insulators Normal,Procurement of 33kV Pin Insulators Normal,Electrical Items,T-2063 33kV Pin Insulators Normal,Ministry of Energy (Power Division),Quetta - Pakistan,Published,"Sep 11, 2026","Oct 06, 2026",10:30 AM,https://epms.ppra.gov.pk/public/tenders/tender-details/TS0000013533E,Energy/Utilities,2026-10-06,2026-10-05T06:27:10.880745
1770,TS0000013536E,T-2065 11 KV Steel X ARM,Procurement of 11 KV Steel X ARM,Electrical Items,T-2065 11 KV Steel X ARM,Ministry of Energy (Power Division),Quetta - Pakistan,Published,"Sep 11, 2026","Oct 06, 2026",11:30 AM,https://epms.ppra.gov.pk/public/tenders/tender-details/TS0000013536E,Energy/Utilities,2026-10-06,2026-10-05T06:27:10.880745
1771,TS0000013540E,T-2066 Meter Security Box (A-Type),Procurement of Meter Security Box (A-Type),Electrical Items,T-2066 Meter Security Box (A-Type),Ministry of Energy (Power Division),Quetta - Pakistan,Published,"Sep 11, 2026","Oct 06, 2026",12:00 PM,https://epms.ppra.gov.pk/public/tenders/tender-details/TS0000013540E,Energy/Utilities,2026-10-06,2026-10-05T06:27:10.880745
1772,TS0000013464E,IT No. 18 FY 2026-27,,Miscellaneous,18 FY 2026-27,301 Central Base Spares Depot EME,Rawalpindi - Pakistan,Published,"Sep 11, 2026","Oct 05, 2026",11:30 AM,https://epms.ppra.gov.pk/public/tenders/tender-details/TS0000013464E,Other,2026-10-05,2026-10-05T06:27:10.880745
1773,TS0000013481E,"MAJOR RENOVATION & REFURBISHMENT WORK OF NBP QAZZAFI CHOWK BRANCH (1325), MULTAN, MULTAN REGION","MAJOR RENOVATION & REFURBISHMENT WORK OF NBP QAZZAFI CHOWK BRANCH (1325), MULTAN, MULTAN REGION MAJOR RENOVATION & REFURBISHMENT WORK OF NBP...",Civil Works,P88861,National Bank of Pakistan (NBP),Karachi - Pakistan,Published,"Sep 11, 2026","Oct 05, 2026",11:00 AM,https://epms.ppra.gov.pk/public/tenders/tender-details/TS0000013481E,Construction/Works,2026-10-05,2026-10-05T06:27:10.880745
1774,TS0000013483E,"MAJOR RENOVATION & REFURBISHMENT WORK OF NBP DERA ADDA BRANCH (1495), MULTAN, MULTAN REGION","MAJOR RENOVATION & REFURBISHMENT WORK OF NBP DERA ADDA BRANCH (1495), MULTAN, MULTAN REGION MAJOR RENOVATION & REFURBISHMENT WORK OF NBP...",Civil Works,p89329,National Bank of Pakistan (NBP),Karachi - Pakistan,Published,"Sep 11, 2026","Oct 05, 2026",11:00 AM,https://epms.ppra.gov.pk/public/tenders/tender-details/TS0000013483E,Construction/Works,2026-10-05,2026-10-05T06:27:10.880745
1775,TS0000013488E,"MAJOR RENOVATION & REFURBISHMENT WORK OF NBP TIMBER MARKET BRANCH (0835), MULTAN, MULTAN REGION","MAJOR RENOVATION & REFURBISHMENT WORK OF NBP TIMBER MARKET BRANCH (0835), MULTAN, MULTAN REGION MAJOR RENOVATION & REFURBISHMENT WORK OF NBP...",Civil Works,p88741,National Bank of Pakistan (NBP),Karachi - Pakistan,Published,"Sep 11, 2026","Oct 05, 2026",11:00 AM,https://epms.ppra.gov.pk/public/tenders/tender-details/TS0000013488E,Construction/Works,2026-10-05,2026-10-05T06:27:10.880745
1776,TS0000013492E,"MAJOR RENOVATION & REFURBISHMENT WORK OF NBP GHALLA MANDI BRANCH (1602), MULTAN, MULTAN REGION","MAJOR RENOVATION & REFURBISHMENT WORK OF NBP GHALLA MANDI BRANCH (1602), MULTAN, MULTAN REGION MAJOR RENOVATION & REFURBISHMENT WORK OF NBP...",Civil Works,p88816,National Bank of Pakistan (NBP),Karachi - Pakistan,Published,"Sep 11, 2026","Oct 05, 2026",11:00 AM,https://epms.ppra.gov.pk/public/tenders/tender-details/TS0000013492E,Construction/Works,2026-10-05,2026-10-05T06:27:10.880745
1777,TS0000013501E,"MAJOR RENOVATION & REFURBISHMENT WORK OF LOWER GROUND FLOOR AT NBP MAIN BRANCH (0374), MULTAN, MULTAN REGION","MAJOR RENOVATION & REFURBISHMENT WORK OF LOWER GROUND FLOOR AT NBP MAIN BRANCH (0374), MULTAN, MULTAN REGION MAJOR RENOVATION & REFURBISHMENT WORK OF...",Civil Works,P90865,National Bank of Pakistan (NBP),Karachi - Pakistan,Published,"Sep 11, 2026","Oct 05, 2026",11:00 AM,https://epms.ppra.gov.pk/public/tenders/tender-details/TS0000013501E,Construction/Works,2026-10-05,2026-10-05T06:27:10.880745
1778,TS0000013509E,"REPAIR AND MAINTENANCE OF GENEBANK COOLING UNITS AT PGRI, NARC",REPAIR AND MAINTENANCE OF GENEBANK COOLING UNITS...,Repair/Maintenance,No. F. 25-14/2026-27/W & EM/NARC,National Agricultural Research Centre,Islamabad - Pakistan,Published,"Sep 11, 2026","Oct 05, 2026",11:00 AM,https://epms.ppra.gov.pk/public/tenders/tender-details/TS0000013509E,Services,2026-10-05,2026-10-05T06:27:10.880745
1779,TS0000013538E,INVITATION TO BID FOR PROCUREMENT OF QTY-01 STEPDOWN TRANSFORMER FOR MUZAFFARABAD AIRPORT LC(N)/2011/14/RNSN/171,INVITATION TO BID FOR PROCUREMENT OF QTY-01 STEPDOWN TRANSFORMER FOR MUZAFFARABAD AIRPORT LC(N)/2011/14/RNSN/171 INVITATION TO BID FOR PROCUREMENT OF QTY-01...,Miscellaneous,12548,Pakistan Airports Authority (PAA),Karachi - Pakistan,Published,"Sep 11, 2026","Oct 05, 2026",11:00 AM,https://epms.ppra.gov.pk/public/tenders/tender-details/TS0000013538E,Goods/Supplies,2026-10-05,2026-10-05T06:27:10.880745
1780,TS0000013554E,"TENDER NOTICE FOR IMPROVEMENT / REHABILITATION OF E&M FACILITIES OF SOUTH REGION AIRPORTS/ LOCATIONS (S.H.) IMPROVEMENT OF HVAC INFRASTRUCTURE AT P&D DIRECTORATE,","ACCOUNTS BRANCH, COMMERCIAL AND ESTATE DIRECTORATE, TR-I HQPAA, JIAP– KARACHI EPADS TENDER # 112807 TENDER NOTICE FOR IMPROVEMENT / REHABILITATION OF E&M FACILITIES OF SOUTH REGION AIRPORTS/ LOCATIONS      (S.H.) IMPROVEMENT OF HVAC INFRASTRUCTURE AT P&D DIRECTORATE, ACCOUNTS BRANCH, COMMERCIAL AND ESTATE DIRECTORATE, TR-I HQPAA, JIAP– KARACHI EPADS TENDER # 112807 TENDER NOTICE FOR IMPROVEMENT / REHABILITATION OF...",Services,12549,Pakistan Airports Authority (PAA),Karachi - Pakistan,Published,"Sep 11, 2026","Oct 05, 2026",11:00 AM,https://epms.ppra.gov.pk/public/tenders/tender-details/TS0000013554E,Construction/Works,2026-10-05,2026-10-05T06:27:10.880745
1781,TS0000013486E,"PRE-QUALIFICATION NOTICE FOR SURVEY OF LIQUID/DRY CARGO SERVICES ON PNSC’S MANAGED, CHARTERED AND AGENCY VESSELS AT KARACHI PORT AND PORT MUHAMMAD BIN QASIM FOR A",PERIOD OF THREE YEARS for details please visit: https://pnsc.com.pk/tenders The Pakistan National Shipping Corporation has...,Miscellaneous,PRCD/SURVY/LQD-DRY/PNSC/003,Pakistan National Shipping Corporation (PNSC),Karachi - Pakistan,Published,"Sep 11, 2026","Oct 02, 2026",11:00 AM,https://epms.ppra.gov.pk/public/tenders/tender-details/TS0000013486E,Services,2026-10-02,2026-10-05T06:27:10.880745
1782,TS0000013517E,Construction and Special Repair of Guard Running Room,Construction of Driver Running Room and Special...,Civil Works,No.128-W/14/T.N./Pt-II/WA,Pakistan Railways,Lahore - Pakistan,Published,"Sep 11, 2026","Oct 02, 2026",11:00 AM,https://epms.ppra.gov.pk/public/tenders/tender-details/TS0000013517E,Construction/Works,2026-10-02,2026-10-05T06:27:10.880745
1783,TS0000013460E,Pickup Single Cabin (4x2) Low Axie (Latest Model),Pickup Single Cabin (4x2) Low Axie (Latest Model),Vehicles,2690342/R2609/360035/P-36,Directorate of Procurement (Navy),Islamabad - Pakistan,Published,"Sep 11, 2026","Oct 01, 2026",10:30 AM,https://epms.ppra.gov.pk/public/tenders/tender-details/TS0000013460E,Other,2026-10-01,2026-10-05T06:27:10.880745
1784,TS0000013461E,"1,000 x 7.62MM x 39MM SMG Type 56-2 Folding Butt Alongwith Two Spare Magazine","1,000 x 7.62MM x 39MM SMG Type 56-2 Folding Butt...",Ammunition,2690368/R2609/360082/P-36,Directorate of Procurement (Navy),Islamabad - Pakistan,Published,"Sep 11, 2026","Oct 01, 2026",10:30 AM,https://epms.ppra.gov.pk/public/tenders/tender-details/TS0000013461E,Defence/Military,2026-10-01,2026-10-05T06:27:10.880745
1785,TS0000013474E,Procurement of Medicine for FY 2026-27,,Health/Medicines,DLP 2026-27,GMC 5 Corps,Jamshoro - Pakistan,Published,"Sep 11, 2026","Oct 01, 2026",09:00 AM,https://epms.ppra.gov.pk/public/tenders/tender-details/TS0000013474E,Medical/Health,2026-10-01,2026-10-05T06:27:10.880745
1786,TS0000013495E,Repair of Office Buildings,Prequalification Notice No. 1/2026-2027 Repair and Maintenance of Office Buildings.,Repair/Maintenance,F.NO.PREQUALIFICATION NOTICE NO.01/2026-2027/1731,Federal Board of Revenue (FBR),Rawalpindi - Pakistan,Published,"Sep 11, 2026","Oct 01, 2026",10:30 AM,https://epms.ppra.gov.pk/public/tenders/tender-details/TS0000013495E,Construction/Works,2026-10-01,2026-10-05T06:27:10.880745
1787,TS0000013496E,Repair of Residential Buildings,Prequalification Notice No. 1/2026-2027 Repair and Maintenance of Residential Buildings.,Repair/Maintenance,F.NO.PREQUALIFICATION NOTICE NO.01/2026-2027/1731,Federal Board of Revenue (FBR),Rawalpindi - Pakistan,Published,"Sep 11, 2026","Oct 01, 2026",10:30 AM,https://epms.ppra.gov.pk/public/tenders/tender-details/TS0000013496E,Construction/Works,2026-10-01,2026-10-05T06:27:10.880745
1788,TS0000013498E,Repair of Transport,Prequalification Notice No. 1/2026-2027 Repair and Maintenance of Office Vehicles.,Repair/Maintenance,F.NO.PREQUALIFICATION NOTICE NO.01/2026-2027/1731,Federal Board of Revenue (FBR),Rawalpindi - Pakistan,Published,"Sep 11, 2026","Oct 01, 2026",10:30 AM,https://epms.ppra.gov.pk/public/tenders/tender-details/TS0000013498E,Services,2026-10-01,2026-10-05T06:27:10.880745
1789,TS0000013524E,T-2059 4-Core LT PVC 19/0.052 (25mm)²,Procurement of 4-Core LT PVC 19/0.052 (25mm)²,Electrical Items,T-2059 4-Core LT PVC 19/0.052 (25mm)²,Ministry of Energy (Power Division),Quetta - Pakistan,Published,"Sep 11, 2026","Oct 01, 2026",10:30 AM,https://epms.ppra.gov.pk/public/tenders/tender-details/TS0000013524E,Energy/Utilities,2026-10-01,2026-10-05T06:27:10.880745
1790,TS0000013526E,T-2060 HT Cable 500 MCM S/C,Procurement of HT Cable 500 MCM S/C,Electrical Items,T-2060 HT Cable 500 MCM S/C,Ministry of Energy (Power Division),Quetta - Pakistan,Published,"Sep 11, 2026","Oct 01, 2026",11:00 AM,https://epms.ppra.gov.pk/public/tenders/tender-details/TS0000013526E,Energy/Utilities,2026-10-01,2026-10-05T06:27:10.880745
1791,TS0000013527E,T-2061 Transformer Oil (Class-I),Procurement of Transformer Oil (Class-1),Electrical Items,T-2061 Transformer Oil (Class-I),Ministry of Energy (Power Division),Quetta - Pakistan,Published,"Sep 11, 2026","Oct 01, 2026",11:30 AM,https://epms.ppra.gov.pk/public/tenders/tender-details/TS0000013527E,Energy/Utilities,2026-10-01,2026-10-05T06:27:10.880745
1792,TS0000013529E,T-2062 11kV Disc insulator,Procurement of 11kV Disc insulator,Electrical Items,T-2062 11kV Disc insulator,Ministry of Energy (Power Division),Quetta - Pakistan,Published,"Sep 11, 2026","Oct 01, 2026",12:00 PM,https://epms.ppra.gov.pk/public/tenders/tender-details/TS0000013529E,Energy/Utilities,2026-10-01,2026-10-05T06:27:10.880745
1793,TS0000013531E,"TENDER NOTICE (REVERSE PROCUREMENT) BUSINESS OPPORTUNITY AT JINNAH INTERNATIONAL AIRPORT KARACHI ESTABLISH, OPERATE & MAINTAIN 02 FOREIGN CURRENCY EXCHANGE COUNTERS","(ONE EACH INSIDE INTERNATIONAL DEPARTURE & ARRIVAL LOUNGES OF JINNAH TERMINAL, JIAP, KARACHI TENDER NOTICE (REVERSE PROCUREMENT) BUSINESS OPPORTUNITY AT JINNAH INTERNATIONAL AIRPORT KARACHI ESTABLISH, OPERATE & MAINTAIN 02 FOREIGN CURRENCY EXCHANGE COUNTERS (ONE EACH INSIDE  INTERNATIONAL DEPARTURE & ARRIVAL LOUNGES OF JINNAH TERMINAL, JIAP, KARACHI TENDER NOTICE (REVERSE PROCUREMENT) BUSINESS...",Miscellaneous,12547,Pakistan Airports Authority (PAA),Karachi - Pakistan,Published,"Sep 11, 2026","Oct 01, 2026",11:00 AM,https://epms.ppra.gov.pk/public/tenders/tender-details/TS0000013531E,Goods/Supplies,2026-10-01,2026-10-05T06:27:10.880745
1794,TS0000013555E,procurement of VMware (VCF) 9 subscription licenses for 1024 physical CPU cores and Talos Omni license subscription with OEM support services,procurement of VMware (VCF) 9 subscription licenses for 1024 physical CPU cores and Talos Omni license subscription with OEM support services GOVERNMENT OF PAKISTAN MINISTRY OF INTERIOR &...,Services,NADRA-HQ-RFB-109/2026,National Database and Registration Authority (NADRA),Islamabad - Pakistan,Published,"Sep 11, 2026","Oct 01, 2026",11:00 AM,https://epms.ppra.gov.pk/public/tenders/tender-details/TS0000013555E,Services,2026-10-01,2026-10-05T06:27:10.880745
1795,TS0000013558E,PROCUREMENT OF IT EQUIPMENT FOR ACAD DTE- NUST H-12 CAMPUS ISLAMABAD,IT Eqpt,Equipments,P117310,Higher Education Commission (HEC),Islamabad - Pakistan,Published,"Sep 11, 2026","Oct 01, 2026",11:00 AM,https://epms.ppra.gov.pk/public/tenders/tender-details/TS0000013558E,IT/Technology,2026-10-01,2026-10-05T06:27:10.880745
1796,TS0000013458E,PROCUREMENT OF TOOLING & MACHINE VICE,PROCUREMENT OF TOOLING & MACHINE VICE PROCUREMENT OF TOOLING & MACHINE VICE,Miscellaneous,"0039,0044,0045,0054,0069-LP-W-57",Ministry of Defence Production,Wah Cantt - Pakistan,Published,"Sep 11, 2026","Sep 30, 2026",10:30 AM,https://epms.ppra.gov.pk/public/tenders/tender-details/TS0000013458E,Goods/Supplies,2026-09-30,2026-10-05T06:27:10.880745
1797,TS0000013480E,Public Auction of Unsvc Stores,"Publication of IT on PPRA Website Publication Auction of Iron Scrap, Rubber Scrap,...",Miscellaneous,27/Auction/2026/RDE-Contract Wing,Ministry of Defence Production (DGRDE),Rawalpindi - Pakistan,Published,"Sep 11, 2026","Sep 30, 2026",10:30 AM,https://epms.ppra.gov.pk/public/tenders/tender-details/TS0000013480E,Auction/Land,2026-09-30,2026-10-05T06:27:10.880745
1798,TS0000013500E,T-4222/26/ABZ SUPPLY OF TYRES,,Vehicles,T-4222/26/ABZ,Pakistan Security Printing Corporaion (PSPC),Islamabad - Pakistan,Published,"Sep 11, 2026","Sep 30, 2026",11:00 AM,https://epms.ppra.gov.pk/public/tenders/tender-details/TS0000013500E,Defence/Military,2026-09-30,2026-10-05T06:27:10.880745
1799,TS0000013502E,TENDER NOTICE FOR REHABILITATION AND STRENGTHENING OF DAMAGED PERIMETER FENCE AT AIRSIDE IIAP ISLAMABAD,TENDER NOTICE FOR REHABILITATION AND STRENGTHENING OF DAMAGED PERIMETER FENCE AT AIRSIDE IIAP ISLAMABAD TENDER NOTICE FOR REHABILITATION AND...,Repair/Maintenance,12542,Pakistan Airports Authority (PAA),Karachi - Pakistan,Published,"Sep 11, 2026","Sep 30, 2026",11:00 AM,https://epms.ppra.gov.pk/public/tenders/tender-details/TS0000013502E,Construction/Works,2026-09-30,2026-10-05T06:27:10.880745
1800,TS0000013505E,"TENDER NOTICE FOR EXTENSION OF CARGO OFFICE BLOCK AT AIIAP, LAHORE","TENDER NOTICE FOR EXTENSION OF CARGO OFFICE BLOCK AT AIIAP, LAHORE TENDER NOTICE FOR EXTENSION OF CARGO OFFICE BLOCK...",Civil Works,12543,Pakistan Airports Authority (PAA),Karachi - Pakistan,Published,"Sep 11, 2026","Sep 30, 2026",11:00 AM,https://epms.ppra.gov.pk/public/tenders/tender-details/TS0000013505E,Construction/Works,2026-09-30,2026-10-05T06:27:10.880745
1801,TS0000013512E,"TENDER NOTICE (REVERSE PROCUREMENT) BUSINESS OPPORTUNITY AT ALLAMA IQBAL INTERNATIONAL AIRPORT, LAHORE ESTABLISHMENT AND OPERATION OF BAGGAGE WRAPPING FACILITY IN","INTERNATIONAL BRIEFING AREA AT AIIAP LAHORE TENDER NOTICE (REVERSE PROCUREMENT) BUSINESS OPPORTUNITY AT ALLAMA IQBAL INTERNATIONAL AIRPORT, LAHORE ESTABLISHMENT AND OPERATION OF BAGGAGE WRAPPING FACILITY IN INTERNATIONAL BRIEFING AREA AT  AIIAP LAHORE TENDER NOTICE (REVERSE PROCUREMENT) BUSINESS...",Miscellaneous,12544,Pakistan Airports Authority (PAA),Karachi - Pakistan,Published,"Sep 11, 2026","Sep 30, 2026",11:00 AM,https://epms.ppra.gov.pk/public/tenders/tender-details/TS0000013512E,Services,2026-09-30,2026-10-05T06:27:10.880745
1802,TS0000013515E,SUPPLY OF STANDARD FURNITURE FOR NBP SEHWAN BRANCH (0010) LARKANA REGION,SUPPLY OF STANDARD FURNITURE FOR NBP SEHWAN BRANCH (0010) LARKANA REGION SUPPLY OF STANDARD FURNITURE,Furniture/Fixture,P101362,National Bank of Pakistan (NBP),Karachi - Pakistan,Published,"Sep 11, 2026","Sep 30, 2026",11:30 AM,https://epms.ppra.gov.pk/public/tenders/tender-details/TS0000013515E,Goods/Supplies,2026-09-30,2026-10-05T06:27:10.880745
1803,TS0000013516E,"INVITATION TO BID FOR PROCUREMENT OF UAV BASED NAVIGATIONAL AIDS INSPECTION SYSTEM (WITH TRAINING, TESTING AND COMMISSIONING) I/T NO. HQPAA/1992/375/XXLN","INVITATION TO BID FOR PROCUREMENT OF UAV BASED NAVIGATIONAL AIDS INSPECTION SYSTEM (WITH TRAINING, TESTING AND COMMISSIONING) I/T NO. HQPAA/1992/375/XXLN INVITATION TO BID FOR PROCUREMENT OF UAV BASED...",Info and Comm Tech,12545,Pakistan Airports Authority (PAA),Karachi - Pakistan,Published,"Sep 11, 2026","Sep 30, 2026",11:00 AM,https://epms.ppra.gov.pk/public/tenders/tender-details/TS0000013516E,IT/Technology,2026-09-30,2026-10-05T06:27:10.880745
1804,TS0000013519E,"TENDER NOTICE (REVERSE PROCUREMENT) BUSINESS OPPORTUNITY AT JINNAH INTERNATIONAL AIRPORT KARACHI ESTABLISH, OPERATE AND MAINTAIN FOREIGN CURRENCY EXCHANGE BOOTH / COUNTER","NO. 03 ALONG WITH SMALL CUBICLE LOCATED INSIDE ROOM NO. 2314, CONCOURSE AREA (EASTERN SIDE) AT LEVEL –II OF JINNAH TERMINAL JIAP, KARACHI TENDER NOTICE (REVERSE PROCUREMENT) BUSINESS OPPORTUNITY AT JINNAH INTERNATIONAL AIRPORT KARACHI ESTABLISH, OPERATE AND MAINTAIN FOREIGN CURRENCY EXCHANGE BOOTH / COUNTER NO. 03 ALONG WITH SMALL CUBICLE LOCATED INSIDE ROOM NO. 2314, CONCOURSE AREA (EASTERN SIDE) AT LEVEL –II OF JINNAH TERMINAL  JIAP, KARACHI TENDER NOTICE (REVERSE PROCUREMENT) BUSINESS...",Miscellaneous,12546,Pakistan Airports Authority (PAA),Karachi - Pakistan,Published,"Sep 11, 2026","Sep 30, 2026",11:00 AM,https://epms.ppra.gov.pk/public/tenders/tender-details/TS0000013519E,Goods/Supplies,2026-09-30,2026-10-05T06:27:10.880745
1805,TS0000013559E,"Tender Notice, Bidding Documents regarding Contracts for OM&M of Services Areas and Rest Areas on Motorway M-3 & M-5 on advance Net Guaranteed Revenue Basis","Tender Notice, Bidding Documents regarding Contracts for OM&M of Services Areas and Rest Areas on Motorway M-3 & M-5 on advance Net Guaranteed Revenue Basis Tender Notice, Bidding Documents regarding...",Miscellaneous,"Tender Notice, Bidding Documents regarding Contracts for OM&M of Services Areas and Rest Areas on Motorway M-3 & M-5 on advance Net Guaranteed Revenue Basis",Ministry of Communications,Islamabad - Pakistan,Published,"Sep 11, 2026","Sep 30, 2026",11:00 AM,https://epms.ppra.gov.pk/public/tenders/tender-details/TS0000013559E,Services,2026-09-30,2026-10-05T06:27:10.880745
1806,TS0000013572E,SSGC/LP/EPADS2/NR/2185285 (Spares),"SSGC/LP/EPADS2/NR/2185285 (Spares) Different Types of SPARES FOR PALFINGER CRANE,...",Miscellaneous,SSGC/LP/EPADS2/NR/2185285,Ministry of Energy (Petroleum Division),Karachi - Pakistan,Published,"Sep 11, 2026","Sep 30, 2026",09:30 AM,https://epms.ppra.gov.pk/public/tenders/tender-details/TS0000013572E,Goods/Supplies,2026-09-30,2026-10-05T06:27:10.880745
1807,TS0000013576E,Civil Works Construction / Installation of Deep Well Ground Bed 05 Nos.,"Civil Works Construction / Installation of Deep Well Ground Bed 05 Nos. On Transmission Main Pipelines Network, Sindh Region (As Per BOQ) (Under Single Stage One Envelope Bidding Procedure) (Having Valid PEC Certificate Category C-6 or above) (On Complete Package Basis). Civil Works Construction / Installation of Deep...",Services,. SSGC/SC/PT/EPADS2/14439,Ministry of Energy (Petroleum Division),Karachi - Pakistan,Published,"Sep 11, 2026","Sep 30, 2026",10:00 AM,https://epms.ppra.gov.pk/public/tenders/tender-details/TS0000013576E,Construction/Works,2026-09-30,2026-10-05T06:27:10.880745
1808,TS0000013467E,Distribution Material,"100-KVA Distribution Transformers, 200-KVA...",Equipments,48/MM/2026-27 to 50/MM/2026-27,Gujranwala Electric Power Company Limited,Gujranwala - Pakistan,Published,"Sep 11, 2026","Sep 29, 2026",11:00 AM,https://epms.ppra.gov.pk/public/tenders/tender-details/TS0000013467E,Goods/Supplies,2026-09-29,2026-10-05T06:27:10.880745
1809,TS0000013468E,Equipment for Auction (RHO NADRA Sargodha),Equipment for Auction (RHO NADRA Sargodha),Equipments,RHO NADRA/SGD/13/2026,Ministry of Interior and Narcotics Control,Sargodha - Pakistan,Published,"Sep 11, 2026","Sep 29, 2026",11:00 AM,https://epms.ppra.gov.pk/public/tenders/tender-details/TS0000013468E,Goods/Supplies,2026-09-29,2026-10-05T06:27:10.880745
1810,TS0000013469E,"Purchase and Installation of ACs (2.0 Ton, DC Inverter) for CAEPE",As per Tender Documents Two ACs with installation required for Lab of...,Appliances,P117445,Higher Education Commission (HEC),Islamabad - Pakistan,Published,"Sep 11, 2026","Sep 29, 2026",10:30 AM,https://epms.ppra.gov.pk/public/tenders/tender-details/TS0000013469E,Goods/Supplies,2026-09-29,2026-10-05T06:27:10.880745
1811,TS0000013471E,Procurement of Stationery Items,,Stationery,P117958,National Accountability Bureau (NAB),Peshawar - Pakistan,Published,"Sep 11, 2026","Sep 29, 2026",11:00 AM,https://epms.ppra.gov.pk/public/tenders/tender-details/TS0000013471E,Goods/Supplies,2026-09-29,2026-10-05T06:27:10.880745
1812,TS0000013472E,Equipment for Auction (RHO NADRA Sargodha),Equipment for Auction (RHO NADRA Sargodha),Equipments,RHO NADRA/SGD/14/2026,Ministry of Interior and Narcotics Control,Sargodha - Pakistan,Published,"Sep 11, 2026","Sep 29, 2026",11:00 AM,https://epms.ppra.gov.pk/public/tenders/tender-details/TS0000013472E,Goods/Supplies,2026-09-29,2026-10-05T06:27:10.880745
1813,TS0000013482E,SSGC/LP/EPADS2/NR/2186293 (Spares),"SSGC/LP/EPADS2/NR/2186293 (Spares) Different Types of Spares for Angle Grinders,...",Miscellaneous,SSGC/LP/EPADS2/NR/2186293,Ministry of Energy (Petroleum Division),Karachi - Pakistan,Published,"Sep 11, 2026","Sep 29, 2026",10:00 AM,https://epms.ppra.gov.pk/public/tenders/tender-details/TS0000013482E,Goods/Supplies,2026-09-29,2026-10-05T06:27:10.880745
1814,TS0000013484E,Procurement of 11kV C.Ts,Invitation for E-Bid Procurement of 11kV C.Ts,Electrical Items,(NCB-S-23/2026 Lot-I & II),Ministry of Energy (Power Division),Sukkur - Pakistan,Published,"Sep 11, 2026","Sep 29, 2026",02:30 PM,https://epms.ppra.gov.pk/public/tenders/tender-details/TS0000013484E,Energy/Utilities,2026-09-29,2026-10-05T06:27:10.880745
1815,TS0000013499E,"TENDER NOTICE (REVERSE PROCUREMENT) BUSINESS OPPORTUNITY AT JINNAH INTERNATIONAL AIRPORT KARACHI ESTABLISH, OPERATE AND MAINTAIN SWEET AND BAKERS SHOP ON SPACE MEASURING","365 SQFT. IN CONCOURSE HALL, LEVEL I OF JIAP KARACHI TENDER NOTICE (REVERSE PROCUREMENT) BUSINESS OPPORTUNITY AT JINNAH INTERNATIONAL AIRPORT KARACHI ESTABLISH, OPERATE AND MAINTAIN SWEET AND BAKERS SHOP ON SPACE MEASURING 365 SQFT. IN CONCOURSE HALL, LEVEL I  OF JIAP KARACHI TENDER NOTICE (REVERSE PROCUREMENT) BUSINESS...",Miscellaneous,12541,Pakistan Airports Authority (PAA),Karachi - Pakistan,Published,"Sep 11, 2026","Sep 29, 2026",11:00 AM,https://epms.ppra.gov.pk/public/tenders/tender-details/TS0000013499E,Goods/Supplies,2026-09-29,2026-10-05T06:27:10.880745
1816,TS0000013521E,Procurement of Upgraded and Miscellaneous Items for Bullet Proofing of 8x Double Cabin and 3x Fortuner on Delivered Duty Paid (FOR) Basis,Procurement of Upgraded and  Miscellaneous Items for Bullet Proofing of   8x Double Cabin and 3x Fortuner on Delivered Duty Paid (FOR) Basis Procurement of Upgraded and Miscellaneous Items...,Miscellaneous,CPB/26/Ind-07/IT-364/FOR/DC & Fortuner/Misc/Com/HIT dated 07 Sep 2026,Ministry of Defence Production,Taxila - Pakistan,Published,"Sep 11, 2026","Sep 29, 2026",10:30 AM,https://epms.ppra.gov.pk/public/tenders/tender-details/TS0000013521E,Goods/Supplies,2026-09-29,2026-10-05T06:27:10.880745
1817,TS0000013542E,"Supply of Chemicals, Reagents, Glassware and Reference Standards etc. for NCLB during FY 2026-27",,Chemical Items,No.F.28-2/2026-PL (Admn),"Ministry of National Health Services, Regulation & Coordination",Islamabad - Pakistan,Published,"Sep 11, 2026","Sep 29, 2026",11:00 AM,https://epms.ppra.gov.pk/public/tenders/tender-details/TS0000013542E,Goods/Supplies,2026-09-29,2026-10-05T06:27:10.880745
1818,TS0000013546E,PROCUREMENT OF COMPUTER/ IT AND OTHER EQUIPMENT,"PROCUREMENT OF GOODS Procurement of Smart Tabs PCs, Computer System...",Equipments,9-23/smarttabs/Admn,Establishment Division,Islamabad - Pakistan,Published,"Sep 11, 2026","Sep 29, 2026",11:00 AM,https://epms.ppra.gov.pk/public/tenders/tender-details/TS0000013546E,IT/Technology,2026-09-29,2026-10-05T06:27:10.880745
1819,TS0000013550E,Purchase of Equipments / Instruments for National Control laboratory for Biological (NCLB) for FY 2026-27,,Equipments,No.F.28-3/2026-PL (Admn),"Ministry of National Health Services, Regulation & Coordination",Islamabad - Pakistan,Published,"Sep 11, 2026","Sep 29, 2026",11:00 AM,https://epms.ppra.gov.pk/public/tenders/tender-details/TS0000013550E,Goods/Supplies,2026-09-29,2026-10-05T06:27:10.880745
1820,TS0000013560E,"SUPPLY OF ITEMS REQUIRED FOR CARDIAC SURGERY, ELECTROPHYSIOLOGY AND STROKE MANAGEMENT PROCEDURES FOR PIMS, SEHAT SAHULAT PROGRAM (SSP) AND PAKISTAN BAIT UL MAL (PBM)",PATIENTS AT PIMS FOR FINANCIAL YEAR 2026-2027 PIMS,Health/Medicines,05/2026-2027/PIMS,Pakistan Institute of Medical Sciences,Islamabad - Pakistan,Published,"Sep 11, 2026","Sep 29, 2026",11:00 AM,https://epms.ppra.gov.pk/public/tenders/tender-details/TS0000013560E,Medical/Health,2026-09-29,2026-10-05T06:27:10.880745
1821,TS0000013561E,Invitation of Bids for Operation of Canteen at Engineering Development Board,Invitation of Bids for Operation of Canteen at Engineering Development Board TERMS OF REFERENCE (TOR) Invitation of Bids for...,Services,P119290,Engineering Development Board (EDB),Islamabad - Pakistan,Published,"Sep 11, 2026","Sep 29, 2026",11:00 AM,https://epms.ppra.gov.pk/public/tenders/tender-details/TS0000013561E,Services,2026-09-29,2026-10-05T06:27:10.880745
1822,TS0000013562E,"COMPREHENSIVE MAINTENANCE CONTRACT OF NEONATE VENTILATORS (SLE-4000) INSTALLED AT CRITICAL AREA NICU, PICU & MCH for the Period of 03 Years",PIMS,Health/Medicines,05/2026-2027/PIMS,Pakistan Institute of Medical Sciences,Islamabad - Pakistan,Published,"Sep 11, 2026","Sep 29, 2026",11:00 AM,https://epms.ppra.gov.pk/public/tenders/tender-details/TS0000013562E,Medical/Health,2026-09-29,2026-10-05T06:27:10.880745
1823,TS0000013564E,SUPPLY OF DENTAL MATERIALCONSUMABLE ITEMS AT PIMS FOR THE PERIOD OF 02 YEARS.,PIMS,Health/Medicines,05/2026-2027/PIMS,Pakistan Institute of Medical Sciences,Islamabad - Pakistan,Published,"Sep 11, 2026","Sep 29, 2026",11:00 AM,https://epms.ppra.gov.pk/public/tenders/tender-details/TS0000013564E,Medical/Health,2026-09-29,2026-10-05T06:27:10.880745
1824,TS0000013570E,SSGC/LP/EPADS2/NR/2186294 (Hardware Material),"SSGC/LP/EPADS2/NR/2186294 (Hardware Material) Different Types of Hardware Material, T/Item=23...",Miscellaneous,SSGC/LP/EPADS2/NR/2186294,Ministry of Energy (Petroleum Division),Karachi - Pakistan,Published,"Sep 11, 2026","Sep 29, 2026",12:00 PM,https://epms.ppra.gov.pk/public/tenders/tender-details/TS0000013570E,Goods/Supplies,2026-09-29,2026-10-05T06:27:10.880745
1825,TS0000013573E,Civil Works Installation of Deep Well Ground Bed for CPS 07 Nos.,Civil Works Installation of Deep Well Ground Bed for CPS 07 Nos. Different Location Karachi West Region (As Per BOQ) (Under Single Stage One Envelope Bidding Procedure) (Having Valid PEC Certificate Category C-6 or above) (On Complete Package Basis). Civil Works Installation of Deep Well Ground Bed...,Services,SSGC/SC/PT/EPADS2/14440,Ministry of Energy (Petroleum Division),Karachi - Pakistan,Published,"Sep 11, 2026","Sep 29, 2026",10:30 AM,https://epms.ppra.gov.pk/public/tenders/tender-details/TS0000013573E,Construction/Works,2026-09-29,2026-10-05T06:27:10.880745
1826,TS0000013574E,LED/060/26 Personal Computers All in One Core Ultra 5 or Higher and Desk Top Computers Tower/ Small Form Factor (Core Ultra 9),LED/060/26 Personal Computers All in One Core Ultra 5 or Higher and Desk Top Computers Tower/ Small Form Factor (Core Ultra 9) LED/060/26 Personal Computers All in One Core...,Equipments,LED/060/26,Sui Northern Gas Pipelines Limited (SNGPL),Islamabad - Pakistan,Published,"Sep 11, 2026","Sep 29, 2026",02:30 PM,https://epms.ppra.gov.pk/public/tenders/tender-details/TS0000013574E,IT/Technology,2026-09-29,2026-10-05T06:27:10.880745
1827,TS0000013575E,LED/061/26 Laptop 2 in 1 Covariable and Laptop Core Ultra 7 or Equivalent,LED/061/26 Laptop 2 in 1 Covariable and Laptop Core Ultra 7 or Equivalent LED/061/26 Laptop 2 in 1 Covariable and Laptop...,Equipments,LED/061/26,Sui Northern Gas Pipelines Limited (SNGPL),Islamabad - Pakistan,Published,"Sep 11, 2026","Sep 29, 2026",02:30 PM,https://epms.ppra.gov.pk/public/tenders/tender-details/TS0000013575E,Goods/Supplies,2026-09-29,2026-10-05T06:27:10.880745
1828,TS0000013581E,Procurement of Control Panel & Relay Panel,Invitation for E-Bid Procurement of Control Panel & Relay Panel,Electrical Items,"NCB-S-24/2026 (Lot-I, II & III)",Ministry of Energy (Power Division),Sukkur - Pakistan,Published,"Sep 11, 2026","Sep 29, 2026",03:00 PM,https://epms.ppra.gov.pk/public/tenders/tender-details/TS0000013581E,Energy/Utilities,2026-09-29,2026-10-05T06:27:10.880745
1829,TS0000012669E,11 kV Termination Kit 1-C 500 MCM (Indoor & Outdoor)),"Hyderabad Electric Supply Company (HESCO),...",Electrical Items,1986,Ministry of Energy (Power Division),Hyderabad - Pakistan,PublishedCorrigendum,"Sep 11, 2026","Sep 28, 2026",10:30 AM,https://epms.ppra.gov.pk/public/tenders/tender-details/TS0000012669E,Medical/Health,2026-09-28,2026-10-05T06:27:10.880745
1830,TS0000013193E,Prequalification of Auto Workshops for Repair and Maintenance of Vehicles,,Repair/Maintenance,FFW9523,Prime Minister Office (Internal),Islamabad - Pakistan,PublishedCorrigendum,"Sep 11, 2026","Sep 28, 2026",11:00 AM,https://epms.ppra.gov.pk/public/tenders/tender-details/TS0000013193E,Services,2026-09-28,2026-10-05T06:27:10.880745
1831,TS0000013194E,PRE-QUALIFICATION OF REPAIR & MAINTENANCE FOR Machinery & Equipment/Furniture Fixture and Hardware,,Services,P115303,Ministry of Federal Education and Professional Training,Islamabad - Pakistan,PublishedCorrigendum,"Sep 11, 2026","Sep 28, 2026",11:00 AM,https://epms.ppra.gov.pk/public/tenders/tender-details/TS0000013194E,Services,2026-09-28,2026-10-05T06:27:10.880745
1832,TS0000013454E,REPAIRS / MAINTENANCE OF KPT FLAT NO. EK-34 AT KV-55 BUILDING NEAR SEAMEN HOSTEL KEAMARI.,REPAIRS / MAINTENANCE OF KPT FLAT NO. EK-34 AT KV-55 BUILDING NEAR SEAMEN HOSTEL KEAMARI. REPAIRS / MAINTENANCE OF KPT FLAT NO. EK-34 AT...,Repair/Maintenance,P-118117 E/CS-2(255)/,Ministry of Maritime Affairs,Karachi - Pakistan,Published,"Sep 11, 2026","Sep 28, 2026",10:30 AM,https://epms.ppra.gov.pk/public/tenders/tender-details/TS0000013454E,Construction/Works,2026-09-28,2026-10-05T06:27:10.880745
1833,TS0000013457E,Pre-Qualification of firms/Contractors/Suppliers/Service Provider in the following Categories Through Collieries Sor Range.,Pre-Qualification of firms/Contractors/Suppliers/Service Provider in the following Categories Through Collieries Sor Range. Pre-Qualification of...,Services,Ref.No.PMDC/Pro/PQ/SR,Pakistan Mineral Development Corporation (PMDC),Islamabad - Pakistan,Published,"Sep 11, 2026","Sep 28, 2026",11:00 AM,https://epms.ppra.gov.pk/public/tenders/tender-details/TS0000013457E,Services,2026-09-28,2026-10-05T06:27:10.880745
1834,TS0000013462E,"Building, Elevator & Prefabricated Structure Assessment & Feasibility Services",,Services,P116473,"Ministry of Planning, Development & Special Initiatives",Islamabad - Pakistan,Published,"Sep 11, 2026","Sep 28, 2026",11:00 AM,https://epms.ppra.gov.pk/public/tenders/tender-details/TS0000013462E,Construction/Works,2026-09-28,2026-10-05T06:27:10.880745
1835,TS0000013463E,PROCUREMENT OF GENERAL STATIONERY & TOILET/HYGIENIC ITEMS,,Miscellaneous,FFW9679,"Ministry of Planning, Development & Special Initiatives",Islamabad - Pakistan,Published,"Sep 11, 2026","Sep 28, 2026",11:00 AM,https://epms.ppra.gov.pk/public/tenders/tender-details/TS0000013463E,Goods/Supplies,2026-09-28,2026-10-05T06:27:10.880745
1836,TS0000013209E,PROCUREMENT OF MISC SPARES AND GOODS,NORMAL TENDER Tender bulletin of Misc spares / goods of items...,Miscellaneous,CLP/IT/1193,Ministry of Defence,Karachi. - Pakistan,Published,"Sep 11, 2026","Sep 28, 2026",10:00 AM,https://epms.ppra.gov.pk/public/tenders/tender-details/TS0000013209E,Goods/Supplies,2026-09-28,2026-10-05T06:27:10.880745
1837,TS0000013465E,"INSTALLATION OF PARTS, REPAIR & MAINTENANCE OF AIR CONDITIONERS",,Services,FFW9673,"Ministry of Planning, Development & Special Initiatives",Islamabad - Pakistan,Published,"Sep 11, 2026","Sep 28, 2026",11:00 AM,https://epms.ppra.gov.pk/public/tenders/tender-details/TS0000013465E,Services,2026-09-28,2026-10-05T06:27:10.880745
1838,TS0000013466E,Printing & Stationary Items for CPGCL Genco-ii Guddu,,Stationery,CEO/CPGCL/MMM/MNGR(HR&AD)/T-1427 (P118141),Ministry of Energy (Power Division),Kashmore - Pakistan,Published,"Sep 11, 2026","Sep 28, 2026",02:00 PM,https://epms.ppra.gov.pk/public/tenders/tender-details/TS0000013466E,Goods/Supplies,2026-09-28,2026-10-05T06:27:10.880745
1839,TS0000013473E,Pre Qualification of repair mantinace and auto workshops,The Ministry of Maritime Affairs (Ministry of...,Civil Works,P113032,Ministry of Maritime Affairs,Islamabad - Pakistan,Published,"Sep 11, 2026","Sep 28, 2026",10:30 AM,https://epms.ppra.gov.pk/public/tenders/tender-details/TS0000013473E,Construction/Works,2026-09-28,2026-10-05T06:27:10.880745
1840,TS0000013477E,Procurement of Stationery Items,Procurement of Stationery Items Procurement of Stationery Items,Stationery,TENDER NO. 1/2026-2027/SCJ-1,Supreme Court of Pakistan,Islamabad - Pakistan,Published,"Sep 11, 2026","Sep 28, 2026",11:00 AM,https://epms.ppra.gov.pk/public/tenders/tender-details/TS0000013477E,Goods/Supplies,2026-09-28,2026-10-05T06:27:10.880745
1841,TS0000013478E,CONSERVANCY SERVICES AT MIDGETS GROUP,NORMAL TENDER SEALED QUOTATIONS ARE INVITED FOR DAILY CLEANING...,Civil Works,MIDGETS 01,Ministry of Defence,Karachi. - Pakistan,Published,"Sep 11, 2026","Sep 28, 2026",10:00 AM,https://epms.ppra.gov.pk/public/tenders/tender-details/TS0000013478E,Construction/Works,2026-09-28,2026-10-05T06:27:10.880745
1842,TS0000013479E,TENDER NOTICE FOR WATER PROOFING OF EXPANSION JOINTS OF DEPARTURE LEVEL BRIDGE AT LEVEL-III PTB IIAP ISLAMABAD,TENDER NOTICE FOR WATER PROOFING OF EXPANSION JOINTS OF DEPARTURE LEVEL BRIDGE AT LEVEL-III PTB  IIAP ISLAMABAD TENDER NOTICE FOR WATER PROOFING OF EXPANSION...,Civil Works,12540,Pakistan Airports Authority (PAA),Karachi - Pakistan,Published,"Sep 11, 2026","Sep 28, 2026",11:00 AM,https://epms.ppra.gov.pk/public/tenders/tender-details/TS0000013479E,Construction/Works,2026-09-28,2026-10-05T06:27:10.880745
1843,TS0000013487E,Procurement of Non-Consultancy Services,,Services,P116653,Ministry of Interior and Narcotics Control,Faisalabad - Pakistan,Published,"Sep 11, 2026","Sep 28, 2026",11:00 AM,https://epms.ppra.gov.pk/public/tenders/tender-details/TS0000013487E,Services,2026-09-28,2026-10-05T06:27:10.880745
1844,TS0000013489E,PRE-QUALIFICATION FOR REPAIR AND MAINTENANCE OF VEHICLES,FINANCIAL YEAR 2026-27,Services,No. F-33/Tender/Transport/IMPCC/,Ministry of Federal Education and Professional Training,Islamabad - Pakistan,Published,"Sep 11, 2026","Sep 28, 2026",11:55 AM,https://epms.ppra.gov.pk/public/tenders/tender-details/TS0000013489E,Services,2026-09-28,2026-10-05T06:27:10.880745
1845,TS0000013490E,PRE-QUALIFICATION OF LAW FIRMS FOR PRCL,,Services,PRC/PROC/LEGAL/2026,Ministry of Commerce,Karachi - Pakistan,Published,"Sep 11, 2026","Sep 28, 2026",11:00 AM,https://epms.ppra.gov.pk/public/tenders/tender-details/TS0000013490E,Services,2026-09-28,2026-10-05T06:27:10.880745
1846,TS0000013491E,"TENDER FOR PROCUREMENT OF UNIFORMS, SHOES, WAISTCOATS, JERSEYS, CAPS, BELTS WITH BUCKLE, SHOULDER LOOPS AND NAME PLATE FOR PNSC LIVERIED STAFF FOR FY 2026-27",for details please visit: https://pnsc.com.pk/tenders The Pakistan National Shipping Corporation...,Clothing/Uniform,P99850,Pakistan National Shipping Corporation (PNSC),Karachi - Pakistan,Published,"Sep 11, 2026","Sep 28, 2026",11:00 AM,https://epms.ppra.gov.pk/public/tenders/tender-details/TS0000013491E,Goods/Supplies,2026-09-28,2026-10-05T06:27:10.880745
1847,TS0000013504E,Prequalification of Securities Brokers (NICL/Proc/Framework/2026/1),,Services,FFW9571,National Insurance Company Limited (NICL),Karachi - Pakistan,Published,"Sep 11, 2026","Sep 28, 2026",11:30 AM,https://epms.ppra.gov.pk/public/tenders/tender-details/TS0000013504E,Services,2026-09-28,2026-10-05T06:27:10.880745
1848,TS0000013507E,DISPOSAL OF OLD/WEEDED-OUT NEWSPAPERS,"National Assembly Secretariat invites electronic bids for Disposal of Old/Weeded-Out Newspapers on as is where is basis by following Single Stage One Envelope procedure from Individuals, Sole Proprietorship, Partnership Firm, Company (Private Limited), Company (Public Limited), Company (Holding Company), Company (Limited by Guarantee), State Owned Enterprise (Private Limited), State Owned Enterprise (Public Limited), NGO/NPO, IGO. The bidders must be registered with Federal Board of Revenue (FBR) for Income Tax and Sales Tax and must be on Active Taxpayer List. National Assembly Secretariat invites electronic...",Books/Journals/Manuals(Technical/Literature),6(1)/2025-26-Library,National Assembly of Pakistan,Islamabad - Pakistan,Published,"Sep 11, 2026","Sep 28, 2026",10:30 AM,https://epms.ppra.gov.pk/public/tenders/tender-details/TS0000013507E,Other,2026-09-28,2026-10-05T06:27:10.880745
1849,TS0000013508E,Disposal Of Scrap,,Electrical Items,118/2026-27,Ministry of Energy (Power Division),Multan - Pakistan,Published,"Sep 11, 2026","Sep 28, 2026",11:00 AM,https://epms.ppra.gov.pk/public/tenders/tender-details/TS0000013508E,Energy/Utilities,2026-09-28,2026-10-05T06:27:10.880745
1850,TS0000013511E,Disposal Of Scrap,,Electrical Items,119/2026-27,Ministry of Energy (Power Division),Multan - Pakistan,Published,"Sep 11, 2026","Sep 28, 2026",11:15 AM,https://epms.ppra.gov.pk/public/tenders/tender-details/TS0000013511E,Energy/Utilities,2026-09-28,2026-10-05T06:27:10.880745
1851,TS0000013513E,Procurement of AI and Productivity Software Subscriptions,,Info and Comm Tech,2(163)SS(IT)/2026,Federal Board of Revenue (FBR),Islamabad - Pakistan,Published,"Sep 11, 2026","Sep 28, 2026",11:00 AM,https://epms.ppra.gov.pk/public/tenders/tender-details/TS0000013513E,IT/Technology,2026-09-28,2026-10-05T06:27:10.880745
1852,TS0000013518E,"Repair Maint of Trg items,Miscellaneous Works",,Miscellaneous,8006-33002 4777/Accts,Ministry of Defence,Rawalpindi - Pakistan,Published,"Sep 11, 2026","Sep 28, 2026",12:00 PM,https://epms.ppra.gov.pk/public/tenders/tender-details/TS0000013518E,Other,2026-09-28,2026-10-05T06:27:10.880745
1853,TS0000013532E,Publication of Tender Notice for MES Works - GE (A) - II Malir,Contractors shall provide certificate that they are not involved in any type of litigation with Government Deportment in the Court of Law and that no special report of Directorate of Inspection and Evaluation (E-in-C's Branch GHQ Rawalpindi) is outstanding against them. a. Provn of Certain Facilities / Const of Misc...,Civil Works,GE (A)-II Malir ltr No. 6004/ 83/E-6 dated 11 Sep 2026,Ministry of Defence,Karachi - Pakistan,Published,"Sep 11, 2026","Sep 28, 2026",11:30 AM,https://epms.ppra.gov.pk/public/tenders/tender-details/TS0000013532E,Construction/Works,2026-09-28,2026-10-05T06:27:10.880745
1854,TS0000013537E,PNS AKRAM TENDER,,Services,AS-400/CC/01,Pakistan Navy,Karachi - Pakistan,Published,"Sep 11, 2026","Sep 28, 2026",12:30 PM,https://epms.ppra.gov.pk/public/tenders/tender-details/TS0000013537E,Services,2026-09-28,2026-10-05T06:27:10.880745
1855,TS0000013544E,"PROCUREMENT OF STATIONERY ITEMS, MISCELLANEOUS ITEMS, HP PRINTER CARTRIDGES AND PHOTOCOPIER TONERS","PROCUREMENT OF STATIONERY ITEMS, MISCELLANEOUS ITEMS, HP PRINTER CARTRIDGES AND PHOTOCOPIER TONERS ENGINEERING DEVELOPMENT BOARD (EDB) MINISTRY OF...",Miscellaneous,P117307,Engineering Development Board (EDB),Islamabad - Pakistan,Published,"Sep 11, 2026","Sep 28, 2026",11:00 AM,https://epms.ppra.gov.pk/public/tenders/tender-details/TS0000013544E,Goods/Supplies,2026-09-28,2026-10-05T06:27:10.880745
1856,TS0000013551E,CONSERVANCY SERVICES AT PNS IQBAL,NORMAL TENDER QUOTATION IN SEALED ENVELOPE ARE INVITED BY CO...,Miscellaneous,PNS IQBAL 01,Ministry of Defence,Karachi. - Pakistan,Published,"Sep 11, 2026","Sep 28, 2026",10:00 AM,https://epms.ppra.gov.pk/public/tenders/tender-details/TS0000013551E,Services,2026-09-28,2026-10-05T06:27:10.880745
1857,TS0000013569E,"Tender No. P-61/2026 Supply and installation of approximately 50 LAN nodes, including all associated passive infrastructure works","Tender No. P-61/2026 Supply and installation of approximately 50 LAN nodes, including all associated passive infrastructure works Tender No. P-61/2026 Supply and installation of...",Info and Comm Tech,Tender No. P-61/2026,Ministry of Finance,Islamabad - Pakistan,Published,"Sep 11, 2026","Sep 28, 2026",11:00 AM,https://epms.ppra.gov.pk/public/tenders/tender-details/TS0000013569E,Construction/Works,2026-09-28,2026-10-05T06:27:10.880745
1858,TS0000013579E,TENDER NO. 4440 (Lineman T&P Items),,Miscellaneous,TENDER NO. 4440,Ministry of Energy (Power Division),Lahore - Pakistan,Published,"Sep 11, 2026","Sep 28, 2026",10:30 AM,https://epms.ppra.gov.pk/public/tenders/tender-details/TS0000013579E,Other,2026-09-28,2026-10-05T06:27:10.880745
1859,TS0000013580E,TENDER NO. 4441 (Warning Cones 24” and Warning Tape),,Miscellaneous,Tender No. 4441,Ministry of Energy (Power Division),Lahore - Pakistan,Published,"Sep 11, 2026","Sep 28, 2026",10:30 AM,https://epms.ppra.gov.pk/public/tenders/tender-details/TS0000013580E,Other,2026-09-28,2026-10-05T06:27:10.880745
1860,TS0000013583E,T-2076 Complete Repair of 50 kVA Damaged Transformers,Complete Repair of 50 kVA Damaged Transformers,Electrical Items,T-2076 Complete Repair of 50 kVA Damaged Transformers,Ministry of Energy (Power Division),Quetta - Pakistan,Published,"Sep 11, 2026","Sep 28, 2026",11:00 AM,https://epms.ppra.gov.pk/public/tenders/tender-details/TS0000013583E,Energy/Utilities,2026-09-28,2026-10-05T06:27:10.880745
1861,TS0000013585E,"INVITATION OF OFFERS FOR OBTAINING COMMODITY OPERATIONS FINANCING FOR SUGAR, WHEAT, UREA, COTTON, & RICE (OUTSTANDING/FRESH) ALONGWITH MARKUP RATES AND OPENING OF LC","FOR THE QUARTER OCTOBER-DECEMBER, 2026 INVITATION OF OFFERS FOR OBTAINING COMMODITY OPERATIONS FINANCING FOR SUGAR, WHEAT, UREA, COTTON, & RICE (OUTSTANDING/FRESH) ALONGWITH MARKUP                             RATES AND OPENING OF LC FOR THE QUARTER OCTOBER-DECEMBER, 2026 INVITATION OF OFFERS FOR OBTAINING COMMODITY...",Services,TCP(Finance)/COF/Policy/66( 12)/2014,Trading Corporation of Pakistan (TCP),Karachi - Pakistan,Published,"Sep 11, 2026","Sep 28, 2026",11:00 AM,https://epms.ppra.gov.pk/public/tenders/tender-details/TS0000013585E,Services,2026-09-28,2026-10-05T06:27:10.880745
1862,TS0000013587E,Repair/Maintenance of miscellaneous works,MES Azadi Gar Sargodha Repair/Maintenance of miscellaneous works at MES...,Miscellaneous,MES Azadi Gar/255/Advt-01 dated 11 Sep 2026,Military Engineering Services (Army),Sargodha - Pakistan,Published,"Sep 11, 2026","Sep 28, 2026",11:30 AM,https://epms.ppra.gov.pk/public/tenders/tender-details/TS0000013587E,Services,2026-09-28,2026-10-05T06:27:10.880745
1863,TS0000013415E,Purchase of Misc Items for FY 2026-27,"Nil X-Ray/ Imaging Films & Chemicals, Pathology...",Health/Medicines,01/2026-27,Public Sector Organization,Islamabad - Pakistan,Published,"Sep 11, 2026","Sep 26, 2026",01:00 PM,https://epms.ppra.gov.pk/public/tenders/tender-details/TS0000013415E,Medical/Health,2026-09-26,2026-10-05T06:27:10.880745
1864,TS0000013446E,Janitorial Service for State Life Zonal Office Bahawalpur,Janitorial Service for State Life Zonal Office Bahawalpur State Life Insurance Corporation of Pakistan...,Services,P115405,Ministry of Commerce,Bahawalpur - Pakistan,Published,"Sep 11, 2026","Sep 26, 2026",11:00 AM,https://epms.ppra.gov.pk/public/tenders/tender-details/TS0000013446E,Services,2026-09-26,2026-10-05T06:27:10.880745
1865,TS0000013452E,Blacklist of Company,Black List of Mr. Syed Brothers Trading Company Black List of Mr. Syed Brothers Trading Company,Civil Works,3,Ministry of Defence,Lahore - Pakistan,Published,"Sep 11, 2026","Sep 26, 2026",10:48 AM,https://epms.ppra.gov.pk/public/tenders/tender-details/TS0000013452E,Construction/Works,2026-09-26,2026-10-05T06:27:10.880745
1866,TS0000013456E,"Tender Notice for Sports Fields Uplifting at PAF Base, Peshawar",Tender Notice for Sports Fields Uplifting at PAF...,Miscellaneous,AHQ/3504/2/DGPR (AF),Ministry of Defence,islamabad - Pakistan,Published,"Sep 11, 2026","Sep 26, 2026",10:00 AM,https://epms.ppra.gov.pk/public/tenders/tender-details/TS0000013456E,Defence/Military,2026-09-26,2026-10-05T06:27:10.880745
1867,TS0000013470E,TENDER NOTICE,1.Tenders are required from vendors/ contractors...,Miscellaneous,503/Q- 62 CSB,Special Communications Organization,Rawalpindi - Pakistan,Published,"Sep 11, 2026","Sep 26, 2026",11:30 AM,https://epms.ppra.gov.pk/public/tenders/tender-details/TS0000013470E,Other,2026-09-26,2026-10-05T06:27:10.880745
1868,TS0000013503E,Prequalification of Real Estate Agency Firms (NICL/Proc/Framework/2026/2),,Services,FFW9652,National Insurance Company Limited (NICL),Karachi - Pakistan,Published,"Sep 11, 2026","Sep 26, 2026",11:00 AM,https://epms.ppra.gov.pk/public/tenders/tender-details/TS0000013503E,Services,2026-09-26,2026-10-05T06:27:10.880745
1869,TS0000013553E,"Maint of Miscellaneous Training Facilities, Up/Down Hill Firing Range and Training Equipment",,Repair/Maintenance,304,Pakistan Army,Astore - Pakistan,Published,"Sep 11, 2026","Sep 26, 2026",12:00 PM,https://epms.ppra.gov.pk/public/tenders/tender-details/TS0000013553E,Services,2026-09-26,2026-10-05T06:27:10.880745
1870,TS0000013556E,Notice of Tender,Notice of Tender,Miscellaneous,6000-Advt-Sgd/99/E-6,Ministry of Defence,Rawalpindi - Pakistan,Published,"Sep 11, 2026","Sep 26, 2026",11:30 AM,https://epms.ppra.gov.pk/public/tenders/tender-details/TS0000013556E,Other,2026-09-26,2026-10-05T06:27:10.880745
1871,TS0000012754E,Repairing of Power Transformers,,Electrical Items,MEPCO /T&G/04-PT/2026-27,Ministry of Energy (Power Division),Multan - Pakistan,PublishedCorrigendum,"Sep 11, 2026","Sep 25, 2026",10:00 AM,https://epms.ppra.gov.pk/public/tenders/tender-details/TS0000012754E,Energy/Utilities,2026-09-25,2026-10-05T06:27:10.880745
1872,TS0000013368E,Upgradation of signalling system,Installation of Computer base interlocking...,Civil Works,P75829,Pakistan Railways,Lahore - Pakistan,Published,"Sep 10, 2026","Oct 17, 2026",12:00 PM,https://epms.ppra.gov.pk/public/tenders/tender-details/TS0000013368E,Construction/Works,2026-10-17,2026-10-05T06:27:10.880745
1873,TS0000013444E,Tender for Construction -Supply and Manning of One Monohull Type Survey Boat on CIF Karachi Basis,Tender Notice,Mechanical/Machinery,TENDER NO. 06/CONSTRUCTION / SUPPLY AND MANNING OF ONE MONOHULL TYPE SURVEY BOAT,National Logistics Corporation (NLC),Rawalpindi - Pakistan,Published,"Sep 10, 2026","Oct 12, 2026",11:30 AM,https://epms.ppra.gov.pk/public/tenders/tender-details/TS0000013444E,Construction/Works,2026-10-12,2026-10-05T06:27:10.880745
1874,TS0000013448E,Invitation to Tender and General Insturctions,Goods,Miscellaneous,DSN/10935,Ministry of Defence Production (DGDP),London - Pakistan,Published,"Sep 10, 2026","Oct 12, 2026",11:30 AM,https://epms.ppra.gov.pk/public/tenders/tender-details/TS0000013448E,Other,2026-10-12,2026-10-05T06:27:10.880745
1875,TS0000013392E,Tender Notice 2026-27 Repair of Furniture & Fixture,,Furniture/Fixture,2026-27/03,Federal Government Organization,Lahore - Pakistan,Published,"Sep 10, 2026","Oct 07, 2026",10:30 AM,https://epms.ppra.gov.pk/public/tenders/tender-details/TS0000013392E,Other,2026-10-07,2026-10-05T06:27:10.880745
1876,TS0000013397E,"Tender Notice 2026-27 Repair of Hardware (IT Equipment, Computers, Printers, Scanners, etc.)",,Repair/Maintenance,2026-27/01,Federal Government Organization,Lahore - Pakistan,Published,"Sep 10, 2026","Oct 06, 2026",10:30 AM,https://epms.ppra.gov.pk/public/tenders/tender-details/TS0000013397E,IT/Technology,2026-10-06,2026-10-05T06:27:10.880745
1877,TS0000013400E,Tender Notice 2026-27 Repair of Transport and Replacement of Tyres,,Repair/Maintenance,2026-27-02,Federal Government Organization,Lahore - Pakistan,Published,"Sep 10, 2026","Oct 05, 2026",10:30 AM,https://epms.ppra.gov.pk/public/tenders/tender-details/TS0000013400E,Services,2026-10-05,2026-10-05T06:27:10.880745
1878,TS0000013370E,Repair and Replacement of Parts for Glacial Lake Outburst Flood Early Warning System (GLOF EWS),Prequalification Notice through PPRA EPADS 2.0,Equipments,I&P/Spares/GLOF/26-27,Pakistan Meteorological Department,Islamabad - Pakistan,Published,"Sep 10, 2026","Oct 01, 2026",10:30 AM,https://epms.ppra.gov.pk/public/tenders/tender-details/TS0000013370E,IT/Technology,2026-10-01,2026-10-05T06:27:10.880745
1879,TS0000013362E,DEVELOPMENT WORK OF EMERGENCY EXIT AT NBP REGIONAL OFFICE BUILDING MULTAN,,Civil Works,P112612,National Bank of Pakistan (NBP),Karachi - Pakistan,Published,"Sep 10, 2026","Sep 30, 2026",11:00 AM,https://epms.ppra.gov.pk/public/tenders/tender-details/TS0000013362E,Construction/Works,2026-09-30,2026-10-05T06:27:10.880745
1880,TS0000013363E,MAJOR RENOVATION AND REFURBISHMENT WORK OF NBP CHAMBAR BRANCH (0188) MIRPURKHAS REGION,,Civil Works,P112597,National Bank of Pakistan (NBP),Karachi - Pakistan,Published,"Sep 10, 2026","Sep 30, 2026",11:00 AM,https://epms.ppra.gov.pk/public/tenders/tender-details/TS0000013363E,Construction/Works,2026-09-30,2026-10-05T06:27:10.880745
1881,TS0000013364E,"MAJOR RENOVATION & REFURBISHMENT WORK OF NBP GOLARCHI BRANCH (1044), HYDERABAD REGION",,Civil Works,P112603,National Bank of Pakistan (NBP),Karachi - Pakistan,Published,"Sep 10, 2026","Sep 30, 2026",11:00 AM,https://epms.ppra.gov.pk/public/tenders/tender-details/TS0000013364E,Construction/Works,2026-09-30,2026-10-05T06:27:10.880745
1882,TS0000013371E,"LPR-11379,LPR-12045,LPR-14961 &LPR-15276","LPR-11379,LPR-12045,LPR-14961 &LPR-15276",Miscellaneous,"LPR-11379,LPR-12045,LPR-14961 &LPR-15276",Karachi Shipyard and Engineering Works Ltd,Karachi - Pakistan,Published,"Sep 10, 2026","Sep 30, 2026",10:45 AM,https://epms.ppra.gov.pk/public/tenders/tender-details/TS0000013371E,Other,2026-09-30,2026-10-05T06:27:10.880745
1883,TS0000013372E,"MAJOR RENOVATION & REFURBISHMENT WORK OF NBP KORANGI INDUSTRIAL AREA BRANCH (0255), KARACHI WEST REGION","MAJOR RENOVATION & REFURBISHMENT WORK OF NBP KORANGI INDUSTRIAL AREA BRANCH (0255), KARACHI WEST REGION MAJOR RENOVATION & REFURBISHMENT WORK",Civil Works,P114682,National Bank of Pakistan (NBP),Karachi - Pakistan,Published,"Sep 10, 2026","Sep 30, 2026",11:00 AM,https://epms.ppra.gov.pk/public/tenders/tender-details/TS0000013372E,Construction/Works,2026-09-30,2026-10-05T06:27:10.880745
1884,TS0000013374E,MAJOR RENOVATION & REFURBISHMENT WORK OF NBP MODEL COLONY BRANCH (1070) KARACHI WEST REGION,MAJOR RENOVATION & REFURBISHMENT WORK OF NBP MODEL COLONY BRANCH (1070) KARACHI WEST REGION MAJOR RENOVATION & REFURBISHMENT WORK,Civil Works,P114667,National Bank of Pakistan (NBP),Karachi - Pakistan,Published,"Sep 10, 2026","Sep 30, 2026",11:00 AM,https://epms.ppra.gov.pk/public/tenders/tender-details/TS0000013374E,Construction/Works,2026-09-30,2026-10-05T06:27:10.880745
1885,TS0000013377E,Annual Tender 2026-27 for Provision of Janitorial Services,,Services,P108784,Shaheed Zulfiqar Ali Bhutto Medical University,Islamabad - Pakistan,Published,"Sep 10, 2026","Sep 30, 2026",11:00 AM,https://epms.ppra.gov.pk/public/tenders/tender-details/TS0000013377E,Services,2026-09-30,2026-10-05T06:27:10.880745
1886,TS0000013388E,SSGC/LP/EPADS2/NR/2178246-2 (SPARES FOR TELECOMMUNICATION),SSGC/LP/EPADS2/NR/2178246-2 (SPARES FOR TELECOMMUNICATION) SPARES FOR TELECOMMUNICATION: ♦ SIP CARD 60...,Miscellaneous,SSGC/LP/EPADS2/NR/2178246-2,Ministry of Energy (Petroleum Division),Karachi - Pakistan,Published,"Sep 10, 2026","Sep 30, 2026",12:00 PM,https://epms.ppra.gov.pk/public/tenders/tender-details/TS0000013388E,Goods/Supplies,2026-09-30,2026-10-05T06:27:10.880745
1887,TS0000013405E,SUPPLY OF FIREPROOF ALMIRAH AT NBP DIFFERENT BRANCHES HYDERABAD REGION,SUPPLY OF FIREPROOF ALMIRAH AT NBP DIFFERENT BRANCHES HYDERABAD REGION SUPPLY OF FIREPROOF ALMIRAH AT NBP DIFFERENT...,Civil Goods,P103042,National Bank of Pakistan (NBP),Karachi - Pakistan,Published,"Sep 10, 2026","Sep 30, 2026",11:00 AM,https://epms.ppra.gov.pk/public/tenders/tender-details/TS0000013405E,Goods/Supplies,2026-09-30,2026-10-05T06:27:10.880745
1888,TS0000013414E,PROCUREMENT NOTICE (NIT) PROCUREMENT OF UNIFORM/ LIVERIES FOR FLIGHT ENQUIRY OFFICER & STAFF AT JIAP-CB99/05/FE REF# : P111796,PROCUREMENT NOTICE (NIT)  PROCUREMENT OF UNIFORM/ LIVERIES FOR FLIGHT ENQUIRY OFFICER & STAFF AT JIAP-CB99/05/FE REF# : P111796 PROCUREMENT NOTICE (NIT) PROCUREMENT OF UNIFORM/...,Clothing/Uniform,12537,Pakistan Airports Authority (PAA),Karachi - Pakistan,Published,"Sep 10, 2026","Sep 30, 2026",11:00 AM,https://epms.ppra.gov.pk/public/tenders/tender-details/TS0000013414E,Goods/Supplies,2026-09-30,2026-10-05T06:27:10.880745
1889,TS0000013432E,PROVISION OF JANITORIAL SERVICES AT SNGPL ISLAMABAD REGIONAL OFFICE & EXECUTIVE MESS,,Miscellaneous,PROVISION OF JANITORIAL SERVICES ADMIN: ISD: 4.16,Sui Northern Gas Pipelines Limited (SNGPL),Islamabad - Pakistan,Published,"Sep 10, 2026","Sep 30, 2026",11:00 AM,https://epms.ppra.gov.pk/public/tenders/tender-details/TS0000013432E,Services,2026-09-30,2026-10-05T06:27:10.880745
1890,TS0000013436E,"TENDER NOTICE FOR CONSTRUCTION OF GUARD ROOM AT HQPAA PARKING NEAR CANTEEN, KARACHI","TENDER NOTICE FOR CONSTRUCTION OF GUARD ROOM AT HQPAA PARKING NEAR CANTEEN, KARACHI TENDER NOTICE FOR CONSTRUCTION OF GUARD ROOM AT...",Civil Works,12538,Pakistan Airports Authority (PAA),Karachi - Pakistan,Published,"Sep 10, 2026","Sep 30, 2026",11:00 AM,https://epms.ppra.gov.pk/public/tenders/tender-details/TS0000013436E,Construction/Works,2026-09-30,2026-10-05T06:27:10.880745
1891,TS0000013438E,"INVITATION TO BID FOR PROCUREMENT OF TYRES (QTY-18) FOR WATER BOWZERS REG NO. GU-283, GAG-280 AND GAG-370 (SVMT) AT IIAP ISLAMABAD I.T.No. IIAP/1764-36/13/7774/ISSS","INVITATION TO BID FOR PROCUREMENT OF TYRES (QTY-18) FOR WATER BOWZERS REG NO. GU-283, GAG-280 AND GAG-370 (SVMT) AT IIAP ISLAMABAD I.T.No. IIAP/1764-36/13/7774/ISSS INVITATION TO BID FOR PROCUREMENT OF TYRES...",Miscellaneous,12539,Pakistan Airports Authority (PAA),Karachi - Pakistan,Published,"Sep 10, 2026","Sep 30, 2026",11:00 AM,https://epms.ppra.gov.pk/public/tenders/tender-details/TS0000013438E,IT/Technology,2026-09-30,2026-10-05T06:27:10.880745
1892,TS0000013358E,"T-4198/26/MK ""PROCUREMENT OF LIQUID CAUSTIC SODA (50% CONCENTRATION)",,Miscellaneous,"T-4198/26/MK ""PROCUREMENT OF LIQUID CAUSTIC SODA (50% CONCENTRATION)",Pakistan Security Printing Corporaion (PSPC),Islamabad - Pakistan,Published,"Sep 10, 2026","Sep 30, 2026",11:00 AM,https://epms.ppra.gov.pk/public/tenders/tender-details/TS0000013358E,Goods/Supplies,2026-09-30,2026-10-05T06:27:10.880745
1893,TS0000013375E,SSGC/LP/EPADS2/NR/2186295 (Printed Stationery),"SSGC/LP/EPADS2/NR/2186295 (Printed Stationery) ♦PRINTED STATIONERY  WORK ORDER FOR VEHICLES,...",Miscellaneous,SSGC/LP/EPADS2/NR/2186295,Ministry of Energy (Petroleum Division),Karachi - Pakistan,Published,"Sep 10, 2026","Sep 29, 2026",12:30 PM,https://epms.ppra.gov.pk/public/tenders/tender-details/TS0000013375E,Goods/Supplies,2026-09-29,2026-10-05T06:27:10.880745
1894,TS0000013376E,"PROCUREMENT FOR CUTTING AND STITCHING OF UNIFORM FOR N-5, CENTRAL-I, OKARA For The Financial Year 2026-2027",PROCUREMENT FOR CUTTING AND STITCHING OF UNIFORM...,Clothing/Uniform,"No. 01/N-5, C-I /2026-27",National Highway and Motorway Police (NHMP),Lahore - Pakistan,Published,"Sep 10, 2026","Sep 29, 2026",12:00 PM,https://epms.ppra.gov.pk/public/tenders/tender-details/TS0000013376E,Goods/Supplies,2026-09-29,2026-10-05T06:27:10.880745
1895,TS0000013384E,Lot wise tender lot no 54 to 82,,Civil Works,Tender notice 7,Islamabad Electric Supply Company (IESCO),Islamabad - Pakistan,Published,"Sep 10, 2026","Sep 29, 2026",11:00 AM,https://epms.ppra.gov.pk/public/tenders/tender-details/TS0000013384E,Construction/Works,2026-09-29,2026-10-05T06:27:10.880745
1896,TS0000013394E,TENDER NOTICE SERVICE LEVEL AGREEMENT (SLA) FOR REPAIR & MAINTENANCE SERVICES OF CIVIL & HORTICULTURE WORKS AT GILGIT AIRPORT,TENDER NOTICE SERVICE LEVEL AGREEMENT (SLA) FOR REPAIR & MAINTENANCE SERVICES OF CIVIL & HORTICULTURE WORKS AT GILGIT AIRPORT TENDER NOTICE SERVICE LEVEL AGREEMENT (SLA) FOR...,Repair/Maintenance,12532,Pakistan Airports Authority (PAA),Karachi - Pakistan,Published,"Sep 10, 2026","Sep 29, 2026",11:00 AM,https://epms.ppra.gov.pk/public/tenders/tender-details/TS0000013394E,Services,2026-09-29,2026-10-05T06:27:10.880745
1897,TS0000013395E,SSGC/LP/EPADS2/NR/2183291 (Protective Material),"SSGC/LP/EPADS2/NR/2183291 (Protective Material) ♦GLOVES COTTON SIZE: 8 INCH BEST QUALITY,...",Miscellaneous,SSGC/LP/EPADS2/NR/2183291,Ministry of Energy (Petroleum Division),Karachi - Pakistan,Published,"Sep 10, 2026","Sep 29, 2026",03:30 PM,https://epms.ppra.gov.pk/public/tenders/tender-details/TS0000013395E,Goods/Supplies,2026-09-29,2026-10-05T06:27:10.880745
1898,TS0000013398E,INVITATION TO BID FOR PROVISION OF COUNTER CHAIRS AND TENSA BARRIERS AT IIAP ISLAMABAD I.T.No. IIAP/1764-36/04/82/ISSS,INVITATION TO BID FOR PROVISION OF COUNTER CHAIRS AND TENSA BARRIERS AT IIAP ISLAMABAD I.T.No. IIAP/1764-36/04/82/ISSS INVITATION TO BID FOR PROVISION OF COUNTER CHAIRS...,Services,12533,Pakistan Airports Authority (PAA),Karachi - Pakistan,Published,"Sep 10, 2026","Sep 29, 2026",11:00 AM,https://epms.ppra.gov.pk/public/tenders/tender-details/TS0000013398E,IT/Technology,2026-09-29,2026-10-05T06:27:10.880745
1899,TS0000013402E,INVITATION TO BID FOR RECONSTRUCTION / REHABILITATION OF PAA MASJID IN PAA CARPARKING AREA AT FIAP. FAISALABAD,INVITATION TO BID FOR RECONSTRUCTION / REHABILITATION OF PAA MASJID IN PAA CARPARKING AREA AT FIAP. FAISALABAD INVITATION TO BID FOR RECONSTRUCTION /...,Civil Works,12534,Pakistan Airports Authority (PAA),Karachi - Pakistan,Published,"Sep 10, 2026","Sep 29, 2026",11:00 AM,https://epms.ppra.gov.pk/public/tenders/tender-details/TS0000013402E,Construction/Works,2026-09-29,2026-10-05T06:27:10.880745
1900,TS0000013408E,"TENDER NOTICE (REVERSE PROCUREMENT) BUSINESS OPPORTUNITY AT ALLAMA IQBAL INTERNATIONAL AIRPORT, LAHORE PLACEMENT, OPERATIONS AND MAINTENANCE OF FOUR (04) MOBILE AND","LAPTOP CHARGING STANDS IN DOMESTIC AND INTERNATIONAL ARRIVAL LOUNGE AT AIIAP LAHORE TENDER NOTICE (REVERSE PROCUREMENT) BUSINESS OPPORTUNITY AT ALLAMA IQBAL INTERNATIONAL AIRPORT, LAHORE PLACEMENT, OPERATIONS AND MAINTENANCE OF FOUR (04) MOBILE AND LAPTOP CHARGING STANDS IN DOMESTIC AND INTERNATIONAL ARRIVAL LOUNGE AT AIIAP LAHORE TENDER NOTICE (REVERSE PROCUREMENT) BUSINESS...",Electrical Items,12535,Pakistan Airports Authority (PAA),Karachi - Pakistan,Published,"Sep 10, 2026","Sep 29, 2026",11:00 AM,https://epms.ppra.gov.pk/public/tenders/tender-details/TS0000013408E,Energy/Utilities,2026-09-29,2026-10-05T06:27:10.880745
1901,TS0000013410E,TENDER NOTICE (REVERSE PROCUREMENT) BUSINESS OPPORTUNITY AT FAISALABAD INTERNATIONAL AIRPORT ESTABLISHMENT AND OPERATIONS OF E-BUSINESS CENTRE IN CONCOURSE HALL AT FIAP,FAISALABAD TENDER NOTICE (REVERSE PROCUREMENT) BUSINESS OPPORTUNITY AT FAISALABAD INTERNATIONAL AIRPORT ESTABLISHMENT AND OPERATIONS OF E-BUSINESS CENTRE IN CONCOURSE HALL AT FIAP FAISALABAD TENDER NOTICE (REVERSE PROCUREMENT) BUSINESS...,Services,12536,Pakistan Airports Authority (PAA),Karachi - Pakistan,Published,"Sep 10, 2026","Sep 29, 2026",11:00 AM,https://epms.ppra.gov.pk/public/tenders/tender-details/TS0000013410E,Services,2026-09-29,2026-10-05T06:27:10.880745
1902,TS0000013417E,Procurement of Lattice Steel Structure 58-Feet,Invitation for E-Bid Procurement of Lattice Steel Structure 58-Feet,Electrical Items,NCB-S-18/2026,Ministry of Energy (Power Division),Sukkur - Pakistan,Published,"Sep 10, 2026","Sep 29, 2026",12:00 PM,https://epms.ppra.gov.pk/public/tenders/tender-details/TS0000013417E,Energy/Utilities,2026-09-29,2026-10-05T06:27:10.880745
1903,TS0000013418E,T-2054 Single Phase AMR Meters,Procurement of Single Phase AMR Meters,Electrical Items,T-2054 Single Phase AMR Meters,Ministry of Energy (Power Division),Quetta - Pakistan,Published,"Sep 10, 2026","Sep 29, 2026",10:30 AM,https://epms.ppra.gov.pk/public/tenders/tender-details/TS0000013418E,Energy/Utilities,2026-09-29,2026-10-05T06:27:10.880745
1904,TS0000013420E,T-2055 3-Phase AMR TOD Meters (whole current),Procurement of 3-Phase AMR TOD Meters (whole...,Electrical Items,T-2055 3-Phase AMR TOD Meters (whole current),Ministry of Energy (Power Division),Quetta - Pakistan,Published,"Sep 10, 2026","Sep 29, 2026",11:00 AM,https://epms.ppra.gov.pk/public/tenders/tender-details/TS0000013420E,Energy/Utilities,2026-09-29,2026-10-05T06:27:10.880745
1905,TS0000013424E,T-2056 200 kVA Distribution Transformers,Procurement of 200 kVA Distribution Transformers,Electrical Items,T-2056 200 kVA Distribution Transformers,Ministry of Energy (Power Division),Quetta - Pakistan,Published,"Sep 10, 2026","Sep 29, 2026",11:30 AM,https://epms.ppra.gov.pk/public/tenders/tender-details/TS0000013424E,Energy/Utilities,2026-09-29,2026-10-05T06:27:10.880745
1906,TS0000013426E,T-2057 630 kVA Distribution Transformers,Procurement of 630 kVA Distribution Transformer,Electrical Items,T-2057 630 kVA Distribution Transformers,Ministry of Energy (Power Division),Quetta - Pakistan,Published,"Sep 10, 2026","Sep 29, 2026",12:00 PM,https://epms.ppra.gov.pk/public/tenders/tender-details/TS0000013426E,Energy/Utilities,2026-09-29,2026-10-05T06:27:10.880745
1907,TS0000013428E,Procurement of Lattice Steel Structure 45-Feet,Invitation for E-Bid Procurement of Lattice Steel Structure 45-Feet,Electrical Items,NCB-S-19/2026,Ministry of Energy (Power Division),Sukkur - Pakistan,Published,"Sep 10, 2026","Sep 29, 2026",12:30 PM,https://epms.ppra.gov.pk/public/tenders/tender-details/TS0000013428E,Energy/Utilities,2026-09-29,2026-10-05T06:27:10.880745
1908,TS0000013429E,"PROCUREMENT,PLACEMENT OF FIRE PROOF SAFE LARGE SIZE CAD DEPARTMENT REGIONAL OFFICE BANNU","PROCUREMENT,PLACEMENT OF FIRE PROOF SAFE LARGE...",Furniture/Fixture,P116524,National Bank of Pakistan (NBP),Karachi - Pakistan,Published,"Sep 10, 2026","Sep 29, 2026",11:00 AM,https://epms.ppra.gov.pk/public/tenders/tender-details/TS0000013429E,Goods/Supplies,2026-09-29,2026-10-05T06:27:10.880745
1909,TS0000013431E,T-2058 2-Core LT PVC 7/0.052 (10mm)²,procurement of 2-Core LT PVC 7/0.052 (10mm)²,Electrical Items,T-2058 2-Core LT PVC 7/0.052 (10mm)²,Ministry of Energy (Power Division),Quetta - Pakistan,Published,"Sep 10, 2026","Sep 29, 2026",12:30 PM,https://epms.ppra.gov.pk/public/tenders/tender-details/TS0000013431E,Energy/Utilities,2026-09-29,2026-10-05T06:27:10.880745
1910,TS0000013437E,Procurement of ACSR Dog Conductor (Lot-I) and ACCC HTLS Conductor (Lot-II),Invitation for E-Bid Procurement of ACSR Dog Conductor (Lot-I) and...,Electrical Items,NCB-S-20/2026,Ministry of Energy (Power Division),Sukkur - Pakistan,Published,"Sep 10, 2026","Sep 29, 2026",01:00 PM,https://epms.ppra.gov.pk/public/tenders/tender-details/TS0000013437E,Energy/Utilities,2026-09-29,2026-10-05T06:27:10.880745
1911,TS0000013451E,"Procurement of Power Cable 1000-MCM, Power Cable 500-MCM & Ground Conductor 95mmsq","Invitation for E-Bid Procurement of Power Cable 1000-MCM, Power Cable...",Electrical Items,NCB-S-21/2026,Ministry of Energy (Power Division),Sukkur - Pakistan,Published,"Sep 10, 2026","Sep 29, 2026",01:30 PM,https://epms.ppra.gov.pk/public/tenders/tender-details/TS0000013451E,Energy/Utilities,2026-09-29,2026-10-05T06:27:10.880745
1912,TS0000013453E,"Procurement of Fresh Transformer Oil ""A"" Class, SF-6 Gas Cylinder 50-KG each, 3-Phase Cooling Fans for Power Transformer & Termination Kits (NCB-S-22/2026","Lot-I, II, III & IV) Invitation for E-Bid Procurement of Fresh Transformer Oil ""A""...",Electrical Items,NCB-S-22/2026,Ministry of Energy (Power Division),Sukkur - Pakistan,Published,"Sep 10, 2026","Sep 29, 2026",02:00 PM,https://epms.ppra.gov.pk/public/tenders/tender-details/TS0000013453E,Medical/Health,2026-09-29,2026-10-05T06:27:10.880745
1913,TS0000013357E,"Corrigendum: Repair/Maintenance of Split AC's & Other Electronic Equipment at HEC H-9 & H-8 Islamabad Premises, 20262027 Re-Tender",Corrigendum Tender Notice Least Cost Based as per PPRA Rule 36(a) Single...,Repair/Maintenance,HEC-0343,Higher Education Commission (HEC),Islamabad - Pakistan,Published,"Sep 10, 2026","Sep 29, 2026",11:30 AM,https://epms.ppra.gov.pk/public/tenders/tender-details/TS0000013357E,IT/Technology,2026-09-29,2026-10-05T06:27:10.880745
1914,TS0000013359E,"PROCUREMNET OF POLYTHENE BAGS , R-410A REFRIGERANT GAS R-134A & BARREL 60 MM","TE # 0025 & 0034-HVN-LP-57, 0055-HVN-LP-56 Sr# 1 TE # 0025-HVN-LP-57 Dt. 04-09-2026...",Miscellaneous,"TE # 0025 & 0034-HVN-LP-57, 0055-HVN-LP-56",Ministry of Defence Production,Abbottabad - Pakistan,Published,"Sep 10, 2026","Sep 29, 2026",10:00 AM,https://epms.ppra.gov.pk/public/tenders/tender-details/TS0000013359E,Energy/Utilities,2026-09-29,2026-10-05T06:27:10.880745
1915,TS0000013360E,"NCB-259 Extension of 10/13 MVA PTF Bay & Busbar at 132 kV Grid Station Zero Point under cost deposit head ( Rs.16,857,747/- including FST)",NCB-259 Extension of 10/13 MVA PTF Bay &...,Civil Works,"NCB-259 Extension of 10/13 MVA PTF Bay & Busbar at 132 kV Grid Station Zero Point under cost deposit head ( Rs.16,857,747/- including FST)",Islamabad Electric Supply Company (IESCO),Islamabad - Pakistan,Published,"Sep 10, 2026","Sep 28, 2026",11:30 AM,https://epms.ppra.gov.pk/public/tenders/tender-details/TS0000013360E,Construction/Works,2026-09-28,2026-10-05T06:27:10.880745
1916,TS0000012077E,Purchase of Miscellaneous Items,Procurement of Miscellaneous / General items...,Consumable Items,NAB(Sk)/AD/(Admn)/2026,National Accountability Bureau (NAB),Sukkur - Pakistan,Published,"Sep 10, 2026","Sep 28, 2026",10:00 AM,https://epms.ppra.gov.pk/public/tenders/tender-details/TS0000012077E,Goods/Supplies,2026-09-28,2026-10-05T06:27:10.880745
1917,TS0000013367E,Supply of Electrical Items,"REQUEST FOR BIDS PROCUREMENT OF GOODS 1. The Comsats University, Islamabad (Islamabad Campus) (Comsats University, Islamabad) has reserved Funds for the procurement planned for FY 2026-27. The Comsats University, Islamabad (Islamabad Campus) (Comsats University, Islamabad) intends to apply part of the proceeds of this Fund to cover eligible payments under the contract for the ""TN-755 (EFS # 40967) Supply of Electrical Items"" with the reference of ""P90739"" 2. The Comsats University, Islamabad (Islamabad Campus) (Comsats University, Islamabad) invites sealed Bids from eligible Bidders for procurement of goods described in the bidding documents on EPADS v2.0. 3. Single Stage-Two Envelope will be used by adopting Least Cost Based Selection (LCBS) Technique for the subject procurement, in line with the Public Procurement Rules, 2004 and any Regulations, Regulatory Guides, Procurement Guidelines or Instructions issued by the Authority from time to time. 4. All Bids must be accompanied by a Bid Security amounting described in Bid Security Section in Bidding Document in the form of   or all bids must be accompanied by bid securing declaration in the format specified in the Bidding documents 5. E-Bidding documents, containing detailed terms & conditions, specifications and requirements etc. are available on e-Pak Acquisition and Disposal System  (EPADS)  at https://epads.gov.pk/opportunities/federal/procurements/90739 for all the interested bidders registered on EPADS v2.0. Bidders are required to get themselves registered on EPADS v2.0 to participate in Bidding process. 6. The e-bids, prepared in accordance with the instructions in the e-Bidding Documents, must be submitted through EPADS v2.0 on or before Monday, September 28, 2026 11:00 AM. E-bids will be opened using EPADS v2.0  on the same day at Monday, September 28, 2026 11:30 AM. Manual submission of Bids shall not be entertained. Those vendors who have not yet Page 1 of 81 e-Pak Acquisition and Disposal System (EPADS) generated document   © 2026 registered on the new version of EPADS v2.0, may register themselves on https://vendors.epads.gov.pk/. A tutorial to explain the registration process is available at https://www.youtube.com/watch?v=MNW6T38v7tc In terms of Rule 48 of Public Procurement Rules, 2004 Grievance Redressal Committee (GRC) is notified for the subject procurement and notification copy is available on the procuring agency’s website and on Authority’s website at ( www.ppra.org.pk). Comsats University, Islamabad (Islamabad Campus) (Comsats University, Islamabad), Assistant Program Officer Procurement Office, 2nd Floor, Faculty Block-2, Comsats University Islamabad, Park Road., Islamabad Capital Territory +92-336-552-4334 habibullah@comsats.edu.pk REQUEST FOR BIDS PROCUREMENT OF GOODS 1. The...",Electrical Items,TN-755 (EFS # 40967) Supply of Electrical Items,COMSATS University Islamabad,Islamabad - Pakistan,Published,"Sep 10, 2026","Sep 28, 2026",11:00 AM,https://epms.ppra.gov.pk/public/tenders/tender-details/TS0000013367E,Energy/Utilities,2026-09-28,2026-10-05T06:27:10.880745
1918,TS0000013379E,"NCB-258 Extension of 11 kV Control Room at 132 kV Grid Station Rawalakot under cost deposit head (Rs. 6,485,115/- including FST)",NCB-258 Extension of 11 kV Control Room at 132 kV...,Civil Works,"NCB-258 Extension of 11 kV Control Room at 132 kV Grid Station Rawalakot under cost deposit head (Rs. 6,485,115/- including FST)",Islamabad Electric Supply Company (IESCO),Islamabad - Pakistan,Published,"Sep 10, 2026","Sep 28, 2026",11:20 AM,https://epms.ppra.gov.pk/public/tenders/tender-details/TS0000013379E,Construction/Works,2026-09-28,2026-10-05T06:27:10.880745
1919,TS0000013380E,"NCB-260 Construction of Line Bay at 132 kV GSS Tamman (Controlling 2nd Circuit 132 kV Lakarmar to Tamman) under IESCO Multiyear Tariff (Rs. 4,903,713/- including PST)",NCB-260 Construction of Line Bay at 132 kV GSS...,Civil Works,"NCB-260 Construction of Line Bay at 132 kV GSS Tamman (Controlling 2nd Circuit 132 kV Lakarmar to Tamman) under IESCO Multiyear Tariff (Rs. 4,903,713/- including PST)",Islamabad Electric Supply Company (IESCO),Islamabad - Pakistan,Published,"Sep 10, 2026","Sep 28, 2026",11:30 AM,https://epms.ppra.gov.pk/public/tenders/tender-details/TS0000013380E,Construction/Works,2026-09-28,2026-10-05T06:27:10.880745
1920,TS0000013381E,"NCB-257 Construction of 132 kV Lillah Grid Station under IESCO MultiYear Tariff (Rs. 140,965,563/- including PST)",NCB-257 Construction of 132 kV Lillah Grid...,Civil Works,"NCB-257 Construction of 132 kV Lillah Grid Station under IESCO MultiYear Tariff (Rs. 140,965,563/- including PST)",Islamabad Electric Supply Company (IESCO),Islamabad - Pakistan,Published,"Sep 10, 2026","Sep 28, 2026",11:10 AM,https://epms.ppra.gov.pk/public/tenders/tender-details/TS0000013381E,Construction/Works,2026-09-28,2026-10-05T06:27:10.880745
1921,TS0000013383E,"NCB-261 Extension of 132 kV Power Transformer Bay (T-3) at 132 KV Grid Station Kahuta City under IESCO Multiyear Tariff (Rs. 7,600,457/- including PST)",NCB-261 Extension of 132 kV Power Transformer Bay...,Civil Works,"NCB-261 Extension of 132 kV Power Transformer Bay (T-3) at 132 KV Grid Station Kahuta City under IESCO Multiyear Tariff (Rs. 7,600,457/- including PST)",Islamabad Electric Supply Company (IESCO),Islamabad - Pakistan,Published,"Sep 10, 2026","Sep 28, 2026",11:30 AM,https://epms.ppra.gov.pk/public/tenders/tender-details/TS0000013383E,Construction/Works,2026-09-28,2026-10-05T06:27:10.880745
1922,TS0000013386E,"NCB-256 RECONSTRUCTION OF FALLEN / TILTED BOUNDRY WALL & RCC RETAINING WALL AT IESCO REGIONAL STORE NEW WAH UNDER REPAIR & MAINTENANCE HEAD (Rs. 7,672,030 /-",INCLUDING PST) NCB-256 RECONSTRUCTION OF FALLEN / TILTED BOUNDRY... Civil Works,"NCB-256 RECONSTRUCTION OF FALLEN / TILTED BOUNDRY WALL & RCC RETAINING WALL AT IESCO REGIONAL STORE NEW WAH UNDER REPAIR & MAINTENANCE HEAD (Rs. 7,672,030 /-",INCLUDING PST),Islamabad Electric Supply Company (IESCO),Islamabad - Pakistan,Published,"Sep 10, 2026","Sep 28, 2026",11:00 AM,https://epms.ppra.gov.pk/public/tenders/tender-details/TS0000013386E,Construction/Works,2026-09-28,2026-10-05T06:27:10.880745
1923,TS0000013387E,PROVISION OF CONSERVANCY AT NSOTC BIN QASIM,,Services,400/NSOTC/02,Pakistan Navy,Karachi - Pakistan,Published,"Sep 10, 2026","Sep 28, 2026",11:00 AM,https://epms.ppra.gov.pk/public/tenders/tender-details/TS0000013387E,Services,2026-09-28,2026-10-05T06:27:10.880745
1924,TS0000013390E,INVITATION TO BID FOR PROCUREMENT OF ELECTRICAL SPARE PARTS FOR HYUNDAI SERVICE AND PASSENGER ELEVATORS AT IIAP ISLAMABAD I.T No. IIAP/1764-36/13/7621/ISSS,INVITATION TO BID FOR PROCUREMENT OF ELECTRICAL SPARE PARTS FOR HYUNDAI SERVICE AND PASSENGER ELEVATORS AT IIAP ISLAMABAD I.T No. IIAP/1764-36/13/7621/ISSS INVITATION TO BID FOR PROCUREMENT OF ELECTRICAL...,Electrical Items,12531,Pakistan Airports Authority (PAA),Karachi - Pakistan,Published,"Sep 10, 2026","Sep 28, 2026",11:00 AM,https://epms.ppra.gov.pk/public/tenders/tender-details/TS0000013390E,Energy/Utilities,2026-09-28,2026-10-05T06:27:10.880745
1925,TS0000013403E,E-Tender Notice for Hiring of Group Health Insurance for NAFSA Employees,E-Tender Notice for Hiring of Group Health Insurance for NAFSA Employees E-Tender Notice for Hiring of Group Health...,Health/Medicines,PSW/PROC/26-27/HR-595 (P86314),Ministry of Commerce,islamabad - Pakistan,Published,"Sep 10, 2026","Sep 28, 2026",03:00 PM,https://epms.ppra.gov.pk/public/tenders/tender-details/TS0000013403E,Medical/Health,2026-09-28,2026-10-05T06:27:10.880745
1926,TS0000013404E,Purchase of other store items IMCB I-8/3,IMCB I-8/3,Miscellaneous,P116611,Ministry of Federal Education and Professional Training,Islamabad - Pakistan,Published,"Sep 10, 2026","Sep 28, 2026",11:00 AM,https://epms.ppra.gov.pk/public/tenders/tender-details/TS0000013404E,Goods/Supplies,2026-09-28,2026-10-05T06:27:10.880745
1927,TS0000013406E,Appointment/Prequalification of Advertising Agencies,Appointment/Prequalification of Advertising Agencies The House Building Finance Company Limited...,Services,EOI No. HBFC/HOK/GSD/2026/08,Ministry of Finance,Karachi - Pakistan,Published,"Sep 10, 2026","Sep 28, 2026",11:00 AM,https://epms.ppra.gov.pk/public/tenders/tender-details/TS0000013406E,Services,2026-09-28,2026-10-05T06:27:10.880745
1928,TS0000012890E,PRE-QUALIFICATION OF REPAIR & MAINTENANCE FOR VEHICLES,,Services,P111103,Ministry of Federal Education and Professional Training,Islamabad - Pakistan,PublishedCorrigendum,"Sep 10, 2026","Sep 28, 2026",11:00 AM,https://epms.ppra.gov.pk/public/tenders/tender-details/TS0000012890E,Services,2026-09-28,2026-10-05T06:27:10.880745
1929,TS0000012891E,PRE-QUALIFICATION OF REPAIR & MAINTENANCE FOR HARDWARE,,Services,P111139,Ministry of Federal Education and Professional Training,Islamabad - Pakistan,PublishedCorrigendum,"Sep 10, 2026","Sep 28, 2026",11:00 AM,https://epms.ppra.gov.pk/public/tenders/tender-details/TS0000012891E,Services,2026-09-28,2026-10-05T06:27:10.880745
1930,TS0000012892E,PRE-QUALIFICATION OF REPAIR & MAINTENANCE FOR Furniture & Fixture,,Services,P111160,Ministry of Federal Education and Professional Training,Islamabad - Pakistan,PublishedCorrigendum,"Sep 10, 2026","Sep 28, 2026",11:00 AM,https://epms.ppra.gov.pk/public/tenders/tender-details/TS0000012892E,Services,2026-09-28,2026-10-05T06:27:10.880745
1931,TS0000012893E,PRE-QUALIFICATION OF REPAIR & MAINTENANCE FOR Machinery & Equipment,,Services,P111169,Ministry of Federal Education and Professional Training,Islamabad - Pakistan,PublishedCorrigendum,"Sep 10, 2026","Sep 28, 2026",11:00 AM,https://epms.ppra.gov.pk/public/tenders/tender-details/TS0000012893E,Services,2026-09-28,2026-10-05T06:27:10.880745
1932,TS0000013416E,Procurement of System Protection Relays,Invitation for E-Bid Procurement of System Protection Relays,Electrical Items,"NCB-S-10/2026 (Lot-I, II, III & IV)",Ministry of Energy (Power Division),Sukkur - Pakistan,Published,"Sep 10, 2026","Sep 28, 2026",02:30 PM,https://epms.ppra.gov.pk/public/tenders/tender-details/TS0000013416E,IT/Technology,2026-09-28,2026-10-05T06:27:10.880745
1933,TS0000013422E,Procurement of Network Racks/ Cabinets,,Info and Comm Tech,P117736 (IFB No. 6/2026-27),Higher Education Commission (HEC),Islamabad - Pakistan,Published,"Sep 10, 2026","Sep 28, 2026",10:30 AM,https://epms.ppra.gov.pk/public/tenders/tender-details/TS0000013422E,IT/Technology,2026-09-28,2026-10-05T06:27:10.880745
1934,TS0000013423E,Notice of Tenders,"Notice of Tenders Re-Upholstery, Repairing, Re-Painting of Wooden...",Civil Works,6018-DP/02/E-6 dated 10 Sep 2026,Ministry of Defence,Rawalpindi - Pakistan,Published,"Sep 10, 2026","Sep 28, 2026",11:30 AM,https://epms.ppra.gov.pk/public/tenders/tender-details/TS0000013423E,Construction/Works,2026-09-28,2026-10-05T06:27:10.880745
1935,TS0000013427E,Provision of Repair & Maintenance Services of ACs with Parts at RHO NADRA Lahore & Its Offices,Provision of Repair & Maintenance Services of ACs with Parts at RHO NADRA Lahore & Its Offices The RHO NADRA LAHORE has sufficient funds from HQ...,Repair/Maintenance,NADRA-RHO LHR-IFP/2026/R&M-ACs,Ministry of Interior and Narcotics Control,Lahore - Pakistan,Published,"Sep 10, 2026","Sep 28, 2026",11:00 AM,https://epms.ppra.gov.pk/public/tenders/tender-details/TS0000013427E,Services,2026-09-28,2026-10-05T06:27:10.880745
1936,TS0000013430E,Purchase of stationary IMCB I-8/3,IMCB I-8/3,Stationery,P115819,Ministry of Federal Education and Professional Training,Islamabad - Pakistan,Published,"Sep 10, 2026","Sep 28, 2026",11:00 AM,https://epms.ppra.gov.pk/public/tenders/tender-details/TS0000013430E,Goods/Supplies,2026-09-28,2026-10-05T06:27:10.880745
1937,TS0000013434E,Pro-Qualification of Automobile Workshops/ Dealerships/ Firms for Repair & Maintenance of Operational Vehicles during FY 2026-27,Pro-Qualification of Automobile Workshops/ Dealerships/ Firms for Repair & Maintenance of Operational Vehicles during FY 2026-27 Pro-Qualification of Automobile Workshops/...,Repair/Maintenance,No.Estt./CC(Airports)-Tender/42/2026-27/1189,Ministry of Finance,Islamabad - Pakistan,Published,"Sep 10, 2026","Sep 28, 2026",12:00 PM,https://epms.ppra.gov.pk/public/tenders/tender-details/TS0000013434E,Services,2026-09-28,2026-10-05T06:27:10.880745
1938,TS0000013440E,"Pre-Qualification of Firms/ Dealerships/ Workshops for Repair & Maintenance of Machinery, Furniture, Hardware & IT Equipment during FY 2026-27","Pre-Qualification of Firms/ Dealerships/ Workshops for Repair & Maintenance of Machinery, Furniture, Hardware & IT Equipment during FY 2026-27 Pre-Qualification of Firms/ Dealerships/...",Repair/Maintenance,No.Estt./CC(Airports)-Tender/42/2026-27/1191,Ministry of Finance,Islamabad - Pakistan,Published,"Sep 10, 2026","Sep 28, 2026",12:00 PM,https://epms.ppra.gov.pk/public/tenders/tender-details/TS0000013440E,IT/Technology,2026-09-28,2026-10-05T06:27:10.880745
1939,TS0000013442E,Procurement Of Industrial Heat Blower,,Mechanical/Machinery,121/2026-27,Ministry of Energy (Power Division),Multan - Pakistan,Published,"Sep 10, 2026","Sep 28, 2026",11:15 AM,https://epms.ppra.gov.pk/public/tenders/tender-details/TS0000013442E,Goods/Supplies,2026-09-28,2026-10-05T06:27:10.880745
1940,TS0000013320E,"MAINTENANCE SERVICES FOR GROUND AND ALLIED EQUIPMENTS AT SPORTS COMPLEX, STATE BANK OF PAKISTAN BANKING SERVICES CORPORATION, NORTH NAZIMABAD OFFICE, KARACHI",,Services,P80995,State Bank of Pakistan (SBP),Karachi - Pakistan,Published,"Sep 10, 2026","Sep 28, 2026",11:00 AM,https://epms.ppra.gov.pk/public/tenders/tender-details/TS0000013320E,Services,2026-09-28,2026-10-05T06:27:10.880745
1941,TS0000013411E,2ND FP BDE TENDER,,Services,2nd FP/03,Pakistan Navy,Karachi - Pakistan,Published,"Sep 10, 2026","Sep 26, 2026",12:30 PM,https://epms.ppra.gov.pk/public/tenders/tender-details/TS0000013411E,Services,2026-09-26,2026-10-05T06:27:10.880745
1942,TS0000013447E,Misc Works at AOR of GE (A) PEMH,Repair/Maint Works at PEMH AOR Misc repair maint works at GE (A) PEMH RWP,Repair/Maintenance,6008-Adv/29 E-6 dt 03 Sep 2026,Ministry of Defence,Rawalpindi - Pakistan,Published,"Sep 10, 2026","Sep 26, 2026",12:00 PM,https://epms.ppra.gov.pk/public/tenders/tender-details/TS0000013447E,Services,2026-09-26,2026-10-05T06:27:10.880745
1943,TS0000013369E,PROCUREMENT OF GROUP HEALTH INSURANCE FOR PIA HOLDING COMPANY LIMITED (PIAHCL),The PIA Holding Company Limited (PIA Holding...,Services,P113197,Pakistan International Airlines (PIA),Islamabad - Pakistan,Published,"Sep 10, 2026","Sep 25, 2026",03:00 PM,https://epms.ppra.gov.pk/public/tenders/tender-details/TS0000013369E,Medical/Health,2026-09-25,2026-10-05T06:27:10.880745
1944,TS0000013378E,Procurement of The Next Generation Firewall,Pakistan Tobacco Board (PTB) invites electronic...,Info and Comm Tech,P112570,Ministry of National Food Security & Research (MNFSR),Peshawar - Pakistan,Published,"Sep 10, 2026","Sep 25, 2026",02:00 PM,https://epms.ppra.gov.pk/public/tenders/tender-details/TS0000013378E,Construction/Works,2026-09-25,2026-10-05T06:27:10.880745
1945,TS0000013382E,Supply and Provision of Stationary and other miscellaneous office items,and Miscellaneous items Pakistan Tobacco Board...,Stationery,P113791,Ministry of National Food Security & Research (MNFSR),Peshawar - Pakistan,Published,"Sep 10, 2026","Sep 25, 2026",02:10 PM,https://epms.ppra.gov.pk/public/tenders/tender-details/TS0000013382E,Goods/Supplies,2026-09-25,2026-10-05T06:27:10.880745
1946,TS0000013391E,OP20000-NZ-Bi-Annual Inspection Services for Fall Arrest System at PSO Tarujabba Depot in Accordance with Applicable Safety Standards and Regulations,"SPECIAL INSTRUCTIONS:  Any party interested to participate in any of the tender(s) may send its request for tender documents through SAP Ariba Portal in the following manner:  1.	Scanned copy of the duly signed and stamped request on official letterhead of the bidder shall be uploaded on SAP Ariba Portal. In the subject request letter, please mention “Tender Documents Collection Request – Tender No.______”. 2.	Request shall be accompanied by scanned copies of the following: a.	Valid NTN, GST/PST certificates, CNIC of owner/ authorized representative. Vendor should be an active tax payer. OP20000-NZ-Bi-Annual Inspection Services for Fall...",Services,OP20000-NZ-Bi-Annual Inspection Services for Fall Arrest System at PSO Tarujabba Depot in Accordance with Applicable Safety Standards and Regulations,Pakistan State Oil (PSO),Karachi - Pakistan,Published,"Sep 10, 2026","Sep 25, 2026",02:15 PM,https://epms.ppra.gov.pk/public/tenders/tender-details/TS0000013391E,IT/Technology,2026-09-25,2026-10-05T06:27:10.880745
1947,TS0000013393E,CAFETERIA SERVICES AT NESPAK HOUSE LAHORE,The details are attached.,Miscellaneous,Nespak037,Cabinet Division,Lahore - Pakistan,Published,"Sep 10, 2026","Sep 25, 2026",11:00 AM,https://epms.ppra.gov.pk/public/tenders/tender-details/TS0000013393E,Services,2026-09-25,2026-10-05T06:27:10.880745
1948,TS0000013409E,Procurement of Stationery Items,5647/RT-03/Dev/AR Procurement of Stationery Items,Stationery,5647/RT-03/Dev/AR,Ministry of Defence Production,Taxila - Pakistan,Published,"Sep 10, 2026","Sep 25, 2026",10:30 AM,https://epms.ppra.gov.pk/public/tenders/tender-details/TS0000013409E,Goods/Supplies,2026-09-25,2026-10-05T06:27:10.880745
1949,TS0000013412E,"4731-31287-Civil Work, Plumbing and Sanitary Work and Electric Work for Establishment of BIC at IRCBM, CUI-Lahore Campus",,Civil Works,CUI-LHR-TN-26-1935,COMSATS University Islamabad,lahore - Pakistan,Published,"Sep 10, 2026","Sep 25, 2026",11:00 AM,https://epms.ppra.gov.pk/public/tenders/tender-details/TS0000013412E,Construction/Works,2026-09-25,2026-10-05T06:27:10.880745
1950,TS0000013419E,IT No 20 Spec Veh FY 2026-27,,Miscellaneous,IT No 20 Spec Veh FY 2026-27,Pakistan Army,Lahore - Pakistan,Published,"Sep 10, 2026","Sep 25, 2026",11:00 AM,https://epms.ppra.gov.pk/public/tenders/tender-details/TS0000013419E,Other,2026-09-25,2026-10-05T06:27:10.880745
1951,TS0000013421E,IT No 21 A Veh FY 2026-27,,Miscellaneous,IT No 21 A Veh FY 2026-27,Pakistan Army,Lahore - Pakistan,Published,"Sep 10, 2026","Sep 25, 2026",11:00 AM,https://epms.ppra.gov.pk/public/tenders/tender-details/TS0000013421E,Other,2026-09-25,2026-10-05T06:27:10.880745
1952,TS0000013425E,IT No 22 B Veh FY 2026-27,,Miscellaneous,IT No 22 B Veh FY 2026-27,Pakistan Army,Lahore - Pakistan,Published,"Sep 10, 2026","Sep 25, 2026",11:00 AM,https://epms.ppra.gov.pk/public/tenders/tender-details/TS0000013425E,Other,2026-09-25,2026-10-05T06:27:10.880745
1953,TS0000013433E,CONSTRUCTION OF PORTA CABIN FOUNDATION AT PSO AVIATION STATION NAWABSHAH.,- CONSTRUCTION OF PORTA CABIN FOUNDATION AT PSO...,Appliances,AM-19422-AMR,Pakistan State Oil (PSO),Karachi - Pakistan,Published,"Sep 10, 2026","Sep 25, 2026",02:15 PM,https://epms.ppra.gov.pk/public/tenders/tender-details/TS0000013433E,Construction/Works,2026-09-25,2026-10-05T06:27:10.880745
1954,TS0000013435E,Hiring of Janitorial staff,Hiring of janitorial staff non c0sultancy service,Services,p115360,Federal Investigation Agency,Kohat - Pakistan,PublishedCorrigendum,"Sep 10, 2026","Sep 25, 2026",11:30 AM,https://epms.ppra.gov.pk/public/tenders/tender-details/TS0000013435E,Services,2026-09-25,2026-10-05T06:27:10.880745
1955,TS0000013439E,Walk Through Metal Detector Gate for Security,,Electrical Items,120/2026-27,Ministry of Energy (Power Division),Multan - Pakistan,Published,"Sep 10, 2026","Sep 25, 2026",10:30 AM,https://epms.ppra.gov.pk/public/tenders/tender-details/TS0000013439E,Energy/Utilities,2026-09-25,2026-10-05T06:27:10.880745
1956,TS0000013441E,Purchase of Land/Plots at Industrial Area Rawat District Rawalpindi,Purchase of Land/Plots at Industrial Area Rawat District Rawalpindi GOVERNMENT OF PAKISTAN MINISTRY OF INTERIOR &...,Civil Goods,NADRA-HQ-RFB-108/2026,National Database and Registration Authority (NADRA),Islamabad - Pakistan,Published,"Sep 10, 2026","Sep 25, 2026",11:00 AM,https://epms.ppra.gov.pk/public/tenders/tender-details/TS0000013441E,Goods/Supplies,2026-09-25,2026-10-05T06:27:10.880745
1957,TS0000013443E,Hiring of Machinery for Leveling of Land and removal of garbage from Rawalpindi Cantonment Board located at Bhatta Chowk,Hiring of Machinery for Leveling of Land and removal of garbage from Rawalpindi Cantonment Board located at Bhatta Chowk Hiring of Machinery for Leveling of Land and...,Civil Goods,P98560,Ministry of Defence,Rawalpindi - Pakistan,Published,"Sep 10, 2026","Sep 25, 2026",11:00 AM,https://epms.ppra.gov.pk/public/tenders/tender-details/TS0000013443E,Auction/Land,2026-09-25,2026-10-05T06:27:10.880745
1958,TS0000013290E,Procurement of Non-Core Services (Non-Consultancy Services),,Services,P112618,Federal Investigation Agency,Lahore - Pakistan,Published,"Sep 10, 2026","Sep 25, 2026",11:30 AM,https://epms.ppra.gov.pk/public/tenders/tender-details/TS0000013290E,Services,2026-09-25,2026-10-05T06:27:10.880745
1959,TS0000013051E,Supply of MT Spares,,Miscellaneous,SS/MT/ST/PPRA/68,Ministry of Defence,Karachi - Pakistan,Published,"Sep 10, 2026","Sep 25, 2026",10:00 AM,https://epms.ppra.gov.pk/public/tenders/tender-details/TS0000013051E,Goods/Supplies,2026-09-25,2026-10-05T06:27:10.880745
1960,TS0000013338E,"Tender for Up-Gradation of Lifts, Hiring of Consultant and Procurement of AI Managment System",Bids are invited from reputable and experienced...,Services,TENDER NO. HOC/2026/HCP-9,Ministry of Foreign Affairs,London - Pakistan,Published,"Sep 10, 2026","Sep 25, 2026",10:00 AM,https://epms.ppra.gov.pk/public/tenders/tender-details/TS0000013338E,IT/Technology,2026-09-25,2026-10-05T06:27:10.880745
1961,TS0000013356E,Supply of Gantry Fall Arrest Self-Retracting Lifelines and Full Body Harness Required at PSO Keamari Terminal A,"SPECIAL INSTRUCTIONS:  Any party interested to participate in any of the tender(s) may send its request for tender documents through SAP Ariba Portal in the following manner: 1.	Scanned copy of the duly signed and stamped request on official letterhead of the bidder shall be uploaded on SAP Ariba Portal. In the subject request letter, please mention “Tender Documents Collection Request – Tender No. ________”. 2.	Request shall be accompanied by scanned copies of the following: a.	Valid NTN b.	GST Certificate c.	Provincial Sales Tax Certificates (where applicable), d.	CNIC of owner/ authorized representative e.	Vendor should be an active tax payer. Supply of Gantry Fall Arrest Self-Retracting...",Equipments,OP-19997-MS,Pakistan State Oil (PSO),Karachi - Pakistan,Published,"Sep 10, 2026","Sep 25, 2026",02:15 PM,https://epms.ppra.gov.pk/public/tenders/tender-details/TS0000013356E,Goods/Supplies,2026-09-25,2026-10-05T06:27:10.880745
1962,TS0000013295E,HIRING OF ON VEHICLES ON RENT BASIS,Hiring of Vehicles on Rent basis Hiring of vehicles on rent basis for operational...,Services,Admin:Guj:11.5/004,Sui Northern Gas Pipelines Limited (SNGPL),Gujranwala - Pakistan,Published,"Sep 09, 2026","Oct 26, 2026",11:40 AM,https://epms.ppra.gov.pk/public/tenders/tender-details/TS0000013295E,Services,2026-10-26,2026-10-05T06:27:10.880745
1963,TS0000010792E,Calcined Petroleum Coke,"Calcined Petroleum Coke, Qty 254,000 Kgs",Miscellaneous,SNT-2319/26,Sui Northern Gas Pipelines Limited (SNGPL),Islamabad - Pakistan,PublishedCorrigendum,"Sep 09, 2026","Oct 20, 2026",02:30 PM,https://epms.ppra.gov.pk/public/tenders/tender-details/TS0000010792E,Energy/Utilities,2026-10-20,2026-10-05T06:27:10.880745
1964,TS0000013280E,procurement of Standard Ammo,ammunition Standard Ammo,Ammunition,"0054/FP/P-782/P-WIL/55,",Wah Industries Limited,Wah Cantt - Pakistan,Published,"Sep 09, 2026","Oct 15, 2026",11:00 AM,https://epms.ppra.gov.pk/public/tenders/tender-details/TS0000013280E,Defence/Military,2026-10-15,2026-10-05T06:27:10.880745
1965,TS0000013282E,procurement of 12.7 x 99mm Proofing Standard Round,ammunition 12.7 x 99mm Proofing Standard Round,Ammunition,0021/FP/P-782/P-WIL/55,Wah Industries Limited,Wah Cantt - Pakistan,Published,"Sep 09, 2026","Oct 15, 2026",11:00 AM,https://epms.ppra.gov.pk/public/tenders/tender-details/TS0000013282E,Defence/Military,2026-10-15,2026-10-05T06:27:10.880745
1966,TS0000013317E,"Procurement of Drilling Tools for 105MM & 125MM alongwith Accessories for CNC Deep Hole Boring Machine ML 700- 1-32500, Germany (TBT)",5126/IT-5706/2026-27/FOB/GF/SCM dated 08 Sep 2026 Procurement of Drilling Tools for 105MM &...,Miscellaneous,5126/IT-5706/2026-27/FOB/GF/SCM dated 08 Sep 2026,Ministry of Defence Production,Taxila - Pakistan,Published,"Sep 09, 2026","Oct 13, 2026",10:30 AM,https://epms.ppra.gov.pk/public/tenders/tender-details/TS0000013317E,Goods/Supplies,2026-10-13,2026-10-05T06:27:10.880745
1967,TS0000013259E,OSR - 10384 MISC REPAIR & MAINTENANCE WORKS,OSR - 10384 MISC REPAIR & MAINTENANCE WORKS,Miscellaneous,SRD/I&C/PN SV BEHR PAIMA/OSR-10384/202,Karachi Shipyard and Engineering Works Ltd,Karachi - Pakistan,Published,"Sep 09, 2026","Oct 09, 2026",11:00 AM,https://epms.ppra.gov.pk/public/tenders/tender-details/TS0000013259E,Services,2026-10-09,2026-10-05T06:27:10.880745
1968,TS0000013264E,OSR-10383 - Misc. Repair & maintenance work,OSR-10383 - Misc. Repair & maintenance work,Miscellaneous,SRD/I&C/PNS TABUK/OSR-10383/2026,Karachi Shipyard and Engineering Works Ltd,Karachi - Pakistan,Published,"Sep 09, 2026","Oct 09, 2026",11:00 AM,https://epms.ppra.gov.pk/public/tenders/tender-details/TS0000013264E,Services,2026-10-09,2026-10-05T06:27:10.880745
1969,TS0000013312E,Invitation to Tender and General Instruction,Good,Miscellaneous,DSN/10934,Ministry of Defence Production (DGDP),London - Pakistan,Published,"Sep 09, 2026","Oct 09, 2026",11:30 AM,https://epms.ppra.gov.pk/public/tenders/tender-details/TS0000013312E,Other,2026-10-09,2026-10-05T06:27:10.880745
1970,TS0000013228E,MAJOR RENOVATION & REFURBISHMENT WORKS OF NBP CITY BRANCH ABBOTTABAD (0591) RO ABBOTTABAD,MAJOR RENOVATION & REFURBISHMENT WORKS OF NBP...,Civil Works,P115183,National Bank of Pakistan (NBP),Karachi - Pakistan,Published,"Sep 09, 2026","Oct 08, 2026",11:00 AM,https://epms.ppra.gov.pk/public/tenders/tender-details/TS0000013228E,Construction/Works,2026-10-08,2026-10-05T06:27:10.880745
1971,TS0000013229E,MAJOR RENOVATION & REFURBISHMENT WORKS OF NBP MAIN BRANCH ATTOCK (0315) RO MARDAN,MAJOR RENOVATION & REFURBISHMENT WORKS OF NBP...,Civil Works,P1151088,National Bank of Pakistan (NBP),Karachi - Pakistan,Published,"Sep 09, 2026","Oct 08, 2026",11:00 AM,https://epms.ppra.gov.pk/public/tenders/tender-details/TS0000013229E,Construction/Works,2026-10-08,2026-10-05T06:27:10.880745
1972,TS0000013230E,MAJOR RENOVATION & REFURBISHMENT WORKS OF NBP KARAK CITY BRANCH (0451) RO BANNU,MAJOR RENOVATION & REFURBISHMENT WORKS OF NBP...,Civil Works,P114955,National Bank of Pakistan (NBP),Karachi - Pakistan,Published,"Sep 09, 2026","Oct 08, 2026",11:00 AM,https://epms.ppra.gov.pk/public/tenders/tender-details/TS0000013230E,Construction/Works,2026-10-08,2026-10-05T06:27:10.880745
1973,TS0000013232E,MAJOR RENOVATION & REFURBISHMENT WORKS OF NBP ALPURI BRANCH (1934) RO SWAT,MAJOR RENOVATION & REFURBISHMENT WORKS OF NBP...,Civil Works,P114754,National Bank of Pakistan (NBP),Karachi - Pakistan,Published,"Sep 09, 2026","Oct 08, 2026",11:00 AM,https://epms.ppra.gov.pk/public/tenders/tender-details/TS0000013232E,Construction/Works,2026-10-08,2026-10-05T06:27:10.880745
1974,TS0000013233E,RENOVATION & REFURBISHMENT WORKS OF NBP IBB ARJA BRANCH (2082) DISTT. BAGH AK FEDC REGION,RENOVATION & REFURBISHMENT WORKS OF NBP IBB...,Civil Works,P114685,National Bank of Pakistan (NBP),Karachi - Pakistan,Published,"Sep 09, 2026","Oct 08, 2026",11:00 AM,https://epms.ppra.gov.pk/public/tenders/tender-details/TS0000013233E,Construction/Works,2026-10-08,2026-10-05T06:27:10.880745
1975,TS0000013234E,WAPDA DBDC PRD NO. 068,DIAMER BASHA DAM PROCUREMENT OF MISC. EQUIPMENT FOR 10-BED ICU AT...,Equipments,PRD(L)/WAPDA/068(2026-27),Water and Power Development Authority (WAPDA),Lahore - Pakistan,Published,"Sep 09, 2026","Oct 08, 2026",11:00 AM,https://epms.ppra.gov.pk/public/tenders/tender-details/TS0000013234E,Goods/Supplies,2026-10-08,2026-10-05T06:27:10.880745
1976,TS0000013235E,RENOVATION & REFURBISHMENT WORKS OF NBP IBB C-2 MIRPUR BRANCH (2053) AK FEDC REGION,RENOVATION & REFURBISHMENT WORKS OF NBP IBB...,Civil Works,P114577,National Bank of Pakistan (NBP),Karachi - Pakistan,Published,"Sep 09, 2026","Oct 08, 2026",11:00 AM,https://epms.ppra.gov.pk/public/tenders/tender-details/TS0000013235E,Construction/Works,2026-10-08,2026-10-05T06:27:10.880745
1977,TS0000013236E,RENOVATION & REFURBISHMENT WORKS OF NBP IBB BARHING BRANCH (1671) AK FEDC REGION,RENOVATION & REFURBISHMENT WORKS OF NBP IBB...,Civil Works,P114517,National Bank of Pakistan (NBP),Karachi - Pakistan,Published,"Sep 09, 2026","Oct 08, 2026",11:00 AM,https://epms.ppra.gov.pk/public/tenders/tender-details/TS0000013236E,Construction/Works,2026-10-08,2026-10-05T06:27:10.880745
1978,TS0000013237E,RENOVATION & REFURBISHMENT WORKS OF NBP IBB RAKHMANDHRA BRANCH (1675) KPK REGION,RENOVATION & REFURBISHMENT WORKS OF NBP IBB...,Civil Works,P113296,National Bank of Pakistan (NBP),Karachi - Pakistan,Published,"Sep 09, 2026","Oct 08, 2026",11:00 AM,https://epms.ppra.gov.pk/public/tenders/tender-details/TS0000013237E,Construction/Works,2026-10-08,2026-10-05T06:27:10.880745
1979,TS0000013239E,RENOVATION & REFURBISHMENT WORKS OF NBP IBB AMLOK DARA BRANCH (1869) KPK REGION,RENOVATION & REFURBISHMENT WORKS OF NBP IBB...,Civil Works,P113230,National Bank of Pakistan (NBP),Karachi - Pakistan,Published,"Sep 09, 2026","Oct 08, 2026",11:00 AM,https://epms.ppra.gov.pk/public/tenders/tender-details/TS0000013239E,Construction/Works,2026-10-08,2026-10-05T06:27:10.880745
1980,TS0000013242E,RENOVATION & REFURBISHMENT WORKS OF NBP IBB DARSAMAND BRANCH (1661) KPK REGION,RENOVATION & REFURBISHMENT WORKS OF NBP IBB...,Civil Works,P113158,National Bank of Pakistan (NBP),Karachi - Pakistan,Published,"Sep 09, 2026","Oct 08, 2026",11:00 AM,https://epms.ppra.gov.pk/public/tenders/tender-details/TS0000013242E,Construction/Works,2026-10-08,2026-10-05T06:27:10.880745
1981,TS0000013244E,RENOVATION & REFURBISHMENT WORKS OF NBP IBB UDIGRAM BRANCH (1363) KPK REGION,RENOVATION & REFURBISHMENT WORKS OF NBP IBB...,Civil Works,P113083,National Bank of Pakistan (NBP),Karachi - Pakistan,Published,"Sep 09, 2026","Oct 08, 2026",11:00 AM,https://epms.ppra.gov.pk/public/tenders/tender-details/TS0000013244E,Construction/Works,2026-10-08,2026-10-05T06:27:10.880745
1982,TS0000013245E,RENOVATION & REFURBISHMENT WORKS OF NBP IBB JAMRUD BRANCH (0912) KPK REGION,RENOVATION & REFURBISHMENT WORKS OF NBP IBB...,Civil Works,P111862,National Bank of Pakistan (NBP),Karachi - Pakistan,Published,"Sep 09, 2026","Oct 08, 2026",11:00 AM,https://epms.ppra.gov.pk/public/tenders/tender-details/TS0000013245E,Construction/Works,2026-10-08,2026-10-05T06:27:10.880745
1983,TS0000013247E,RENOVATION & REFURBISHMENT WORKS OF NBP MAHUTA MOHRA BRANCH (1926) RO JHELUM,RENOVATION & REFURBISHMENT WORKS OF NBP...,Civil Works,P111763,National Bank of Pakistan (NBP),Karachi - Pakistan,Published,"Sep 09, 2026","Oct 08, 2026",11:00 AM,https://epms.ppra.gov.pk/public/tenders/tender-details/TS0000013247E,Construction/Works,2026-10-08,2026-10-05T06:27:10.880745
1984,TS0000013248E,RENOVATION & REFURBISHMENT WORKS OF NBP MEHLU BALOT BRANCH (0804) RO JHELUM,RENOVATION & REFURBISHMENT WORKS OF NBP MEHLU...,Civil Works,P111217,National Bank of Pakistan (NBP),Karachi - Pakistan,Published,"Sep 09, 2026","Oct 08, 2026",11:00 AM,https://epms.ppra.gov.pk/public/tenders/tender-details/TS0000013248E,Construction/Works,2026-10-08,2026-10-05T06:27:10.880745
1985,TS0000013251E,RENOVATION & REFURBISHMENT WORKS OF NBP DHUDIAL BRANCH (1615) RO JHELUM,RENOVATION & REFURBISHMENT WORKS OF NBP...,Civil Works,P111067,National Bank of Pakistan (NBP),Karachi - Pakistan,Published,"Sep 09, 2026","Oct 08, 2026",11:00 AM,https://epms.ppra.gov.pk/public/tenders/tender-details/TS0000013251E,Construction/Works,2026-10-08,2026-10-05T06:27:10.880745
1986,TS0000013253E,Renovation & Refurbishment works of NBP IBB Akora Khatak Branch KPK,Renovation & Refurbishment works of NBP IBB...,Civil Works,P113743,National Bank of Pakistan (NBP),Karachi - Pakistan,Published,"Sep 09, 2026","Oct 08, 2026",11:00 AM,https://epms.ppra.gov.pk/public/tenders/tender-details/TS0000013253E,Construction/Works,2026-10-08,2026-10-05T06:27:10.880745
1987,TS0000013214E,Small & Lrge Ctns,,Consumable Items,01-LP-Small & Large Ctns-WIL-PUR-SGAF-2026-27 dt.27-8-2026,Wah Industries Limited,Wah Cantt - Pakistan,Published,"Sep 09, 2026","Oct 07, 2026",11:30 AM,https://epms.ppra.gov.pk/public/tenders/tender-details/TS0000013214E,Other,2026-10-07,2026-10-05T06:27:10.880745
1988,TS0000013270E,Procurement of Safety Items & Uniforms,Procurement of Safety Items & Uniforms Procurement of Safety Items & Uniforms,Clothing/Uniform,11-LP-SAFETY ITEMS & UNIFORMS-PUR-WBM-2026-27,Wah Industries Limited,Wah Cantt - Pakistan,Published,"Sep 09, 2026","Oct 07, 2026",11:00 AM,https://epms.ppra.gov.pk/public/tenders/tender-details/TS0000013270E,Goods/Supplies,2026-10-07,2026-10-05T06:27:10.880745
1989,TS0000013274E,"Procurement of Thermocouple Tip S-Type - Length 15""","Procurement of Thermocouple Tip S-Type - Length 15"" Procurement of Thermocouple Tip S-Type - Length...",Consumable Items,10-LP-THERMOCOUPLE TIP S-TYPE-PUR-WBM-2026-27,Wah Industries Limited,Wah Cantt - Pakistan,Published,"Sep 09, 2026","Oct 07, 2026",11:00 AM,https://epms.ppra.gov.pk/public/tenders/tender-details/TS0000013274E,Goods/Supplies,2026-10-07,2026-10-05T06:27:10.880745
1990,TS0000013277E,"Procurement of Sieves, Crucible 360 No & Refractory Items","Procurement of Sieves, Crucible 360 No & Refractory Items Procurement of Sieves, Crucible 360 No &...",Miscellaneous,"09-LP-SIEVES, CRUCIBLE 360 NO & REFRACTORY ITEMS -PUR-WBM-2026-27",Wah Industries Limited,Wah Cantt - Pakistan,Published,"Sep 09, 2026","Oct 07, 2026",11:00 AM,https://epms.ppra.gov.pk/public/tenders/tender-details/TS0000013277E,Goods/Supplies,2026-10-07,2026-10-05T06:27:10.880745
1991,TS0000013267E,Annual Tender 2026-27 for Dental Material and Instruments/OT Medicines/Lab Equipment/Miscellaneous Hospital Items and Queue Management System,,Health/Medicines,P108739,Shaheed Zulfiqar Ali Bhutto Medical University,Islamabad - Pakistan,Published,"Sep 09, 2026","Oct 05, 2026",11:00 AM,https://epms.ppra.gov.pk/public/tenders/tender-details/TS0000013267E,Medical/Health,2026-10-05,2026-10-05T06:27:10.880745
1992,TS0000013316E,Notice of Tender,Provn of Fur - Gar HQ Rwp,Furniture/Fixture,414/598-604/QF,Ministry of Defence,Rawalpindi - Pakistan,Published,"Sep 09, 2026","Oct 05, 2026",11:30 AM,https://epms.ppra.gov.pk/public/tenders/tender-details/TS0000013316E,Other,2026-10-05,2026-10-05T06:27:10.880745
1993,TS0000013212E,PROCUREMENT OF OFFCIE FURNITURE AT NBP MAIN BRANCH RAWALPINDI RO RAWALPINDI,PROCUREMENT OF OFFCIE FURNITURE AT NBP MAIN...,Furniture/Fixture,P111385,National Bank of Pakistan (NBP),Karachi - Pakistan,Published,"Sep 09, 2026","Oct 01, 2026",11:00 AM,https://epms.ppra.gov.pk/public/tenders/tender-details/TS0000013212E,Goods/Supplies,2026-10-01,2026-10-05T06:27:10.880745
1994,TS0000013265E,procurement of Industrial Chemical / Gases,chemical items Industrial Chemical / Gases,Chemical Items,0031/LP/P-782/P-WIL/55,Wah Industries Limited,Wah Cantt - Pakistan,Published,"Sep 09, 2026","Oct 01, 2026",11:00 AM,https://epms.ppra.gov.pk/public/tenders/tender-details/TS0000013265E,Energy/Utilities,2026-10-01,2026-10-05T06:27:10.880745
1995,TS0000013266E,procurement of Paints & Varnishes,chemical items Paints & Varnishes,Chemical Items,0034/LP/P-782/P-WIL/55,Wah Industries Limited,Wah Cantt - Pakistan,Published,"Sep 09, 2026","Oct 01, 2026",11:00 AM,https://epms.ppra.gov.pk/public/tenders/tender-details/TS0000013266E,Goods/Supplies,2026-10-01,2026-10-05T06:27:10.880745
1996,TS0000013268E,procurement of Industrial Chemical / Gases,chemical items Industrial Chemical / Gases,Chemical Items,0027/LP/P-782/P-WIL/55,Wah Industries Limited,Wah Cantt - Pakistan,Published,"Sep 09, 2026","Oct 01, 2026",11:00 AM,https://epms.ppra.gov.pk/public/tenders/tender-details/TS0000013268E,Energy/Utilities,2026-10-01,2026-10-05T06:27:10.880745
1997,TS0000013272E,procurement of Miscellaneous Items,miscellaneous Miscellaneous Items,Miscellaneous,0038/LP/P-782/P-WIL/55,Wah Industries Limited,Wah Cantt - Pakistan,Published,"Sep 09, 2026","Oct 01, 2026",11:00 AM,https://epms.ppra.gov.pk/public/tenders/tender-details/TS0000013272E,Goods/Supplies,2026-10-01,2026-10-05T06:27:10.880745
1998,TS0000013275E,procurement of Industrial Chemical / Gases,chemical items Industrial Chemical / Gases,Chemical Items,0018/LP/P-782/P-WIL/55,Wah Industries Limited,Wah Cantt - Pakistan,Published,"Sep 09, 2026","Oct 01, 2026",11:00 AM,https://epms.ppra.gov.pk/public/tenders/tender-details/TS0000013275E,Energy/Utilities,2026-10-01,2026-10-05T06:27:10.880745
1999,TS0000013238E,"INVITATION OF PROPOSAL FOR INVESTMENT OF RS. 10,741 MILLION OF IESCO EMPLOYEES PENSION FUND TRUST IN TERM DEPOSIT RECEIPT (TDR) & T-BILLS",INVITATION OF PROPOSAL FOR INVESTMENT OF RS....,Miscellaneous,Tender No. 3/FD/IESCO,Islamabad Electric Supply Company (IESCO),Islamabad - Pakistan,Published,"Sep 09, 2026","Sep 30, 2026",10:30 AM,https://epms.ppra.gov.pk/public/tenders/tender-details/TS0000013238E,Other,2026-09-30,2026-10-05T06:27:10.880745
2000,TS0000013241E,"INVITATION OF PROPOSAL FOR INVESTMENT OF RS.9,746 MILLION OF IESCO CONSUMER SECURITY ACCOUNT IN TERM DEPOSIT RECEIPT (TDR) & T-BILLS","INVITATION OF PROPOSAL FOR INVESTMENT OF RS.9,746...",Miscellaneous,Tender No. 4/FD/IESCO,Islamabad Electric Supply Company (IESCO),Islamabad - Pakistan,Published,"Sep 09, 2026","Sep 30, 2026",10:30 AM,https://epms.ppra.gov.pk/public/tenders/tender-details/TS0000013241E,Services,2026-09-30,2026-10-05T06:27:10.880745
2001,TS0000013297E,PRE QUALIFICATION FOR REPAIR OF OPERATIONAL VEHICLES,PRE QUALIFICATION FOR REPAIR OF OPERATIONAL VEHICLES PRE QUALIFICATION FOR REPAIR OF OPERATIONAL...,Repair/Maintenance,C.NO/IIAP/TO/TENDER/2026-27,Federal Board of Revenue (FBR),Islamabad - Pakistan,Published,"Sep 09, 2026","Sep 30, 2026",12:00 PM,https://epms.ppra.gov.pk/public/tenders/tender-details/TS0000013297E,Services,2026-09-30,2026-10-05T06:27:10.880745
2002,TS0000013298E,PROCUREMENT OF 3RD PARTY SERVICES FOR SECURITY ASSESSMENTS,,Services,P113446,National Bank of Pakistan (NBP),Karachi - Pakistan,Published,"Sep 09, 2026","Sep 30, 2026",11:00 AM,https://epms.ppra.gov.pk/public/tenders/tender-details/TS0000013298E,Services,2026-09-30,2026-10-05T06:27:10.880745
2003,TS0000013301E,PROCUREMENT OF PROFESSIONAL SERVICES FOR CONTINUOUS VAPT,,Services,P113089,National Bank of Pakistan (NBP),Karachi - Pakistan,Published,"Sep 09, 2026","Sep 30, 2026",11:00 AM,https://epms.ppra.gov.pk/public/tenders/tender-details/TS0000013301E,Services,2026-09-30,2026-10-05T06:27:10.880745
2004,TS0000013302E,TENDER FOR HIRING THE SERVICES OF CONTRACTUAL SMEs,,Services,PID(L)642/26,Pakistan Post Office,Lahore - Pakistan,Published,"Sep 09, 2026","Sep 30, 2026",10:45 AM,https://epms.ppra.gov.pk/public/tenders/tender-details/TS0000013302E,Services,2026-09-30,2026-10-05T06:27:10.880745
2005,TS0000013324E,Replacement of OPGW Span on 220kV Sheikhupura-Ravi Transmission Line,Replacement of OPGW Span on 220kV...,Electrical Items,T-01/2026-27/DFO/Lhr-1,Ministry of Energy (Power Division),Lahore - Pakistan,Published,"Sep 09, 2026","Sep 30, 2026",12:00 PM,https://epms.ppra.gov.pk/public/tenders/tender-details/TS0000013324E,Energy/Utilities,2026-09-30,2026-10-05T06:27:10.880745
2006,TS0000013287E,Pre-Qualification of workshops for official vehicles M-4 Sector-I and Sub Sector,Pre-Qualification of workshops for official...,Repair/Maintenance,FFW9700,Ministry of Communications,Toba Tek Singh - Pakistan,Published,"Sep 09, 2026","Sep 29, 2026",11:00 AM,https://epms.ppra.gov.pk/public/tenders/tender-details/TS0000013287E,Services,2026-09-29,2026-10-05T06:27:10.880745
2007,TS0000013292E,Pre-Qualification of firms for supply of spare parts to M-4 Sector-I and Sub Sector,Pre-Qualification of firms for supply of Spare...,Civil Goods,FFW9613,Ministry of Communications,Toba Tek Singh - Pakistan,Published,"Sep 09, 2026","Sep 29, 2026",11:00 AM,https://epms.ppra.gov.pk/public/tenders/tender-details/TS0000013292E,Goods/Supplies,2026-09-29,2026-10-05T06:27:10.880745
2008,TS0000013293E,INVITATION TO BID PROCUREMENT OF FURNITURE FOR NDB STATION CHHOR AND LOUNGE FURNITURE FOR BNB SUKKUR AIRPORT I.T.No.HQPAA/1984/398/XXLA,INVITATION TO BID PROCUREMENT OF FURNITURE FOR NDB STATION CHHOR AND LOUNGE FURNITURE FOR BNB SUKKUR AIRPORT I.T.No.HQPAA/1984/398/XXLA INVITATION TO BID PROCUREMENT OF FURNITURE FOR...,Furniture/Fixture,12529,Pakistan Airports Authority (PAA),Karachi - Pakistan,Published,"Sep 09, 2026","Sep 29, 2026",11:00 AM,https://epms.ppra.gov.pk/public/tenders/tender-details/TS0000013293E,IT/Technology,2026-09-29,2026-10-05T06:27:10.880745
2009,TS0000013296E,"CONSTRUCTION OF AUDITORIUM HALL AND LECTURE THEATERS BUILDING AT TSG TRAINING CENTRE LAHORE ON ENGINEERING, PROCUREMENT & CONSTRUCTION (EPC) MODE",TENDER NO. DG/C&SENGG/NGC/48/2026-27:...,Civil Works,TENDER NO. DG/C&SENGG/NGC/48/2026-27,Ministry of Energy (Power Division),Lahore - Pakistan,Published,"Sep 09, 2026","Sep 29, 2026",11:00 AM,https://epms.ppra.gov.pk/public/tenders/tender-details/TS0000013296E,Construction/Works,2026-09-29,2026-10-05T06:27:10.880745
2010,TS0000013323E,Pre-Qualification of firms for purchase of goods related to store Heads for M-4 Sector-I and Sub Sector,Pre-Qualification of firms for purchase of goods...,Civil Goods,FFW9709,Ministry of Communications,Toba Tek Singh - Pakistan,Published,"Sep 09, 2026","Sep 29, 2026",11:00 AM,https://epms.ppra.gov.pk/public/tenders/tender-details/TS0000013323E,Goods/Supplies,2026-09-29,2026-10-05T06:27:10.880745
2011,TS0000013332E,Pre-Qualification of firms regarding repair of goods related to Store Heads for M-4 Sector-I and Sub Sector,Pre-Qualification of firms regarding repair of...,Repair/Maintenance,FFW9727,Ministry of Communications,Toba Tek Singh - Pakistan,Published,"Sep 09, 2026","Sep 29, 2026",11:00 AM,https://epms.ppra.gov.pk/public/tenders/tender-details/TS0000013332E,Services,2026-09-29,2026-10-05T06:27:10.880745
2012,TS0000013350E,Procurement of RTV Coated 100-KN Disc Insulator (Ball & Socket type),Invitation for E-Bid Procurement of RTV Coated 100-KN Disc Insulator...,Electrical Items,NCB-S-14/2026,Ministry of Energy (Power Division),Sukkur - Pakistan,Published,"Sep 09, 2026","Sep 29, 2026",10:00 AM,https://epms.ppra.gov.pk/public/tenders/tender-details/TS0000013350E,Energy/Utilities,2026-09-29,2026-10-05T06:27:10.880745
2013,TS0000013351E,Procurement of Transmission Line Hardware,Invitation for E-Bid Procurement of Transmission Line Hardware,Electrical Items,NCB-S-15/2026,Ministry of Energy (Power Division),Sukkur - Pakistan,Published,"Sep 09, 2026","Sep 29, 2026",10:30 AM,https://epms.ppra.gov.pk/public/tenders/tender-details/TS0000013351E,Energy/Utilities,2026-09-29,2026-10-05T06:27:10.880745
2014,TS0000013352E,Procurement of Transmission Line Hardware,Invitation for E-Bid Procurement of Transmission Line Hardware,Electrical Items,NCB-S-16/2026,Ministry of Energy (Power Division),Sukkur - Pakistan,Published,"Sep 09, 2026","Sep 29, 2026",11:00 AM,https://epms.ppra.gov.pk/public/tenders/tender-details/TS0000013352E,Energy/Utilities,2026-09-29,2026-10-05T06:27:10.880745
2015,TS0000013354E,Procurement of Iron Cross Arm 21-Feet (Galvanized),Invitation for E-Bid Procurement of Iron Cross Arm 21-Feet (Galvanized),Electrical Items,NCB-S-17/2026,Ministry of Energy (Power Division),Sukkur - Pakistan,Published,"Sep 09, 2026","Sep 29, 2026",11:30 AM,https://epms.ppra.gov.pk/public/tenders/tender-details/TS0000013354E,Energy/Utilities,2026-09-29,2026-10-05T06:27:10.880745
2016,TS0000013210E,expansion in management nodes for orchestration software of existing AirGap on-premises cloud,expansion in management nodes for orchestration software of existing AirGap on-premises cloud GOVERNMENT OF PAKISTAN MINISTRY OF INTERIOR &...,Equipments,NADRA-HQ-RFB-107/2026,National Database and Registration Authority (NADRA),Islamabad - Pakistan,Published,"Sep 09, 2026","Sep 28, 2026",11:00 AM,https://epms.ppra.gov.pk/public/tenders/tender-details/TS0000013210E,IT/Technology,2026-09-28,2026-10-05T06:27:10.880745
2017,TS0000013257E,Upgradation of Passenger platform No.1,"Upgradation of Passenger platform No.1, provision...",Civil Works,P-108166,Pakistan Railways,Lahore - Pakistan,Published,"Sep 09, 2026","Sep 28, 2026",12:00 PM,https://epms.ppra.gov.pk/public/tenders/tender-details/TS0000013257E,Construction/Works,2026-09-28,2026-10-05T06:27:10.880745
2018,TS0000013288E,Repair and Renovation of Residential Building,,Civil Works,P114985,Ministry of Finance,Hyderabad - Pakistan,Published,"Sep 09, 2026","Sep 28, 2026",02:00 PM,https://epms.ppra.gov.pk/public/tenders/tender-details/TS0000013288E,Construction/Works,2026-09-28,2026-10-05T06:27:10.880745
2019,TS0000013294E,"Purchase/ Supply, Installation, Configuration & Testing of office equipment for office use",,Equipments,SLIC/H&AI/RO/ISB/RPD/TEN/OEQ/01/2026,State Life Insurance Corporation of Pakistan,Islamabad - Pakistan,Published,"Sep 09, 2026","Sep 28, 2026",11:00 AM,https://epms.ppra.gov.pk/public/tenders/tender-details/TS0000013294E,Goods/Supplies,2026-09-28,2026-10-05T06:27:10.880745
2020,TS0000013299E,SPLIT AIR CONDITIONERS 1.5 TON,,Appliances,02/LARKANA/2026,State Life Insurance Corporation of Pakistan,Larkana - Pakistan,Published,"Sep 09, 2026","Sep 28, 2026",12:30 PM,https://epms.ppra.gov.pk/public/tenders/tender-details/TS0000013299E,Other,2026-09-28,2026-10-05T06:27:10.880745
2021,TS0000013303E,RECLAMATION OF 25-KVA DAMAGED DISTRIBUTION TRANSFORMERS (REPAIRABLE),,Electrical Items,TENDER NO. 1395/26,Ministry of Energy (Power Division),Sukkur - Pakistan,Published,"Sep 09, 2026","Sep 28, 2026",10:30 AM,https://epms.ppra.gov.pk/public/tenders/tender-details/TS0000013303E,Energy/Utilities,2026-09-28,2026-10-05T06:27:10.880745
2022,TS0000013304E,RECLAMATION OF 50-KVA DAMAGED DISTRIBUTION TRANSFORMERS (REPAIRABLE),,Electrical Items,TENDER NO. 1396/26,Ministry of Energy (Power Division),Sukkur - Pakistan,Published,"Sep 09, 2026","Sep 28, 2026",10:30 AM,https://epms.ppra.gov.pk/public/tenders/tender-details/TS0000013304E,Energy/Utilities,2026-09-28,2026-10-05T06:27:10.880745
2023,TS0000013305E,RECLAMATION OF 100-KVA DAMAGED DISTRIBUTION TRANSFORMERS (REPAIRABLE),,Electrical Items,TENDER NO. 1397/26,Ministry of Energy (Power Division),Sukkur - Pakistan,Published,"Sep 09, 2026","Sep 28, 2026",10:30 AM,https://epms.ppra.gov.pk/public/tenders/tender-details/TS0000013305E,Energy/Utilities,2026-09-28,2026-10-05T06:27:10.880745
2024,TS0000013306E,RECLAMATION OF 200-KVA DAMAGED DISTRIBUTION TRANSFORMERS (REPAIRABLE),,Electrical Items,TENDER NO. 1398/26,Ministry of Energy (Power Division),Sukkur - Pakistan,Published,"Sep 09, 2026","Sep 28, 2026",10:30 AM,https://epms.ppra.gov.pk/public/tenders/tender-details/TS0000013306E,Energy/Utilities,2026-09-28,2026-10-05T06:27:10.880745
2025,TS0000013315E,"TENDER NOTICE FOR PROVIDING AND INSTALLATION OF PREFABRICATED TICKETING BOOTH AT OLD CAR PARK ENTRANCE AT AIIAP, LAHORE","TENDER NOTICE FOR PROVIDING AND INSTALLATION OF PREFABRICATED TICKETING BOOTH AT OLD CAR PARK ENTRANCE AT AIIAP, LAHORE TENDER NOTICE FOR PROVIDING AND INSTALLATION OF...",Civil Works,12530,Pakistan Airports Authority (PAA),Karachi - Pakistan,Published,"Sep 09, 2026","Sep 28, 2026",10:00 AM,https://epms.ppra.gov.pk/public/tenders/tender-details/TS0000013315E,Construction/Works,2026-09-28,2026-10-05T06:27:10.880745
2026,TS0000013322E,"SUPPLY OF SPORTS GROUND MAINTENANCE EQUIPMENT AND ACCESSORIES FOR SBP SPORTS COMPLEX, NORTH NAZIMABAD, KARACHI",,Mechanical/Machinery,P88753,State Bank of Pakistan (SBP),Karachi - Pakistan,Published,"Sep 09, 2026","Sep 28, 2026",11:15 AM,https://epms.ppra.gov.pk/public/tenders/tender-details/TS0000013322E,Services,2026-09-28,2026-10-05T06:27:10.880745
2027,TS0000013325E,PROCUREMENT OF LAPTOPS AND PRINTERS FOR NEWLY INDUCTED CONTRACT EMPLOYEES OF JPCL JAMSHORO,PROCUREMENT OF LAPTOPS AND PRINTERS FOR NEWLY INDUCTED CONTRACT EMPLOYEES OF JPCL JAMSHORO PROCUREMENT OF LAPTOPS AND PRINTERS FOR NEWLY...,Equipments,TENDER NO.T-872,Ministry of Energy (Power Division),Jamshoro - Pakistan,Published,"Sep 09, 2026","Sep 28, 2026",11:30 AM,https://epms.ppra.gov.pk/public/tenders/tender-details/TS0000013325E,Services,2026-09-28,2026-10-05T06:27:10.880745
2028,TS0000013329E,"Procurement of 132/11.5kV, 31.5/40MVA Power Transformer with all allied accessories","Invitation for E-Bid Procurement of 132/11.5kV, 31.5/40MVA Power...",Electrical Items,NCB-S-01/2026,Ministry of Energy (Power Division),Sukkur - Pakistan,Published,"Sep 09, 2026","Sep 28, 2026",10:00 AM,https://epms.ppra.gov.pk/public/tenders/tender-details/TS0000013329E,Energy/Utilities,2026-09-28,2026-10-05T06:27:10.880745
2029,TS0000013331E,"Procurement of 145kV, 40kA, 2000A SF-6 Circuit Breaker with SSS","Invitation for E-Bid Procurement of 145kV, 40kA, 2000A SF-6 Circuit...",Electrical Items,NCB-S-02/2026,Ministry of Energy (Power Division),Sukkur - Pakistan,Published,"Sep 09, 2026","Sep 28, 2026",10:30 AM,https://epms.ppra.gov.pk/public/tenders/tender-details/TS0000013331E,Energy/Utilities,2026-09-28,2026-10-05T06:27:10.880745
2030,TS0000013336E,Procurement of 132kV Line C.T 1200/600/300/5A with SSS,Invitation for E-Bid Procurement of 132kV Line C.T 1200/600/300/5A...,Electrical Items,NCB-S-03/2026,Ministry of Energy (Power Division),Sukkur - Pakistan,Published,"Sep 09, 2026","Sep 28, 2026",11:00 AM,https://epms.ppra.gov.pk/public/tenders/tender-details/TS0000013336E,Energy/Utilities,2026-09-28,2026-10-05T06:27:10.880745
2031,TS0000013337E,"Procurement of 145kV, 40kA, 2000A, Bus Isolator with SSS","Invitation for E-Bid Procurement of 145kV, 40kA, 2000A, Bus Isolator...",Electrical Items,NCB-S-04/2026,Ministry of Energy (Power Division),Sukkur - Pakistan,Published,"Sep 09, 2026","Sep 28, 2026",11:30 AM,https://epms.ppra.gov.pk/public/tenders/tender-details/TS0000013337E,Energy/Utilities,2026-09-28,2026-10-05T06:27:10.880745
2032,TS0000013339E,Procurement of 11kV Capacitor Cell 200kVAR,Invitation for E-Bid Procurement of 11kV Capacitor Cell 200kVAR,Electrical Items,NCB-S-05/2026,Ministry of Energy (Power Division),Sukkur - Pakistan,Published,"Sep 09, 2026","Sep 28, 2026",12:00 PM,https://epms.ppra.gov.pk/public/tenders/tender-details/TS0000013339E,Energy/Utilities,2026-09-28,2026-10-05T06:27:10.880745
2033,TS0000013340E,Procurement of Lightning Arrestors,Invitation for E-Bid Procurement of Lightning Arrestors,Electrical Items,NCB-S-06/2026,Ministry of Energy (Power Division),Sukkur - Pakistan,Published,"Sep 09, 2026","Sep 28, 2026",12:30 PM,https://epms.ppra.gov.pk/public/tenders/tender-details/TS0000013340E,Energy/Utilities,2026-09-28,2026-10-05T06:27:10.880745
2034,TS0000013342E,Procurement of 11kV Outgoing Panel 25kA,Invitation for E-Bid Procurement of 11kV Outgoing Panel 25kA,Electrical Items,NCB-S-07/2026,Ministry of Energy (Power Division),Sukkur - Pakistan,Published,"Sep 09, 2026","Sep 28, 2026",01:00 PM,https://epms.ppra.gov.pk/public/tenders/tender-details/TS0000013342E,Energy/Utilities,2026-09-28,2026-10-05T06:27:10.880745
2035,TS0000013343E,Procurement of 11kV Incoming Panel 2400/1200/5A,Invitation for E-Bid Procurement of 11kV Incoming Panel 2400/1200/5A,Electrical Items,NCB-S-08/2026,Ministry of Energy (Power Division),Sukkur - Pakistan,Published,"Sep 09, 2026","Sep 28, 2026",01:30 PM,https://epms.ppra.gov.pk/public/tenders/tender-details/TS0000013343E,Energy/Utilities,2026-09-28,2026-10-05T06:27:10.880745
2036,TS0000013344E,Procurement of 110V DC Battery Charger,Invitation for E-Bid Procurement of 110V DC Battery Charger,Electrical Items,NCB-S-09/2026,Ministry of Energy (Power Division),Sukkur - Pakistan,Published,"Sep 09, 2026","Sep 28, 2026",02:00 PM,https://epms.ppra.gov.pk/public/tenders/tender-details/TS0000013344E,Energy/Utilities,2026-09-28,2026-10-05T06:27:10.880745
2037,TS0000013347E,Procurement of Grid Station Hardware,Invitation for E-Bid Procurement of Grid Station Hardware,Electrical Items,NCB-S-11/2026,Ministry of Energy (Power Division),Sukkur - Pakistan,Published,"Sep 09, 2026","Sep 28, 2026",03:00 PM,https://epms.ppra.gov.pk/public/tenders/tender-details/TS0000013347E,Energy/Utilities,2026-09-28,2026-10-05T06:27:10.880745
2038,TS0000013348E,Procurement of Disc Insulator 80-KN Fog Type,Procurement of Disc Insulator 80-KN Fog Type,Electrical Items,NCB-S-12/2026,Ministry of Energy (Power Division),Sukkur - Pakistan,Published,"Sep 09, 2026","Sep 28, 2026",03:30 PM,https://epms.ppra.gov.pk/public/tenders/tender-details/TS0000013348E,Energy/Utilities,2026-09-28,2026-10-05T06:27:10.880745
2039,TS0000013213E,Offset Printing Paper Reams for all over PSO Location.,"SPECIAL INSTRUCTIONS:  Any party interested to participate in any of the tender(s) may send its request for tender documents through SAP Ariba Portal in the following manner: 1.	Scanned copy of the duly signed and stamped request on official letterhead of the bidder shall be uploaded on SAP Ariba Portal. In the subject request letter, please mention “Tender Documents Collection Request – Tender No. ________”. 2.	Request shall be accompanied by scanned copies of the following: a.	Valid NTN b.	GST Certificate c.	Provincial Sales Tax Certificates (where applicable), d.	CNIC of owner/ authorized representative e.	Vendor should be an active tax payer. Offset Printing Paper Reams for all over PSO...",Stationery,AD-19998-MS,Pakistan State Oil (PSO),Karachi - Pakistan,Published,"Sep 09, 2026","Sep 25, 2026",02:15 PM,https://epms.ppra.gov.pk/public/tenders/tender-details/TS0000013213E,Goods/Supplies,2026-09-25,2026-10-05T06:27:10.880745
2040,TS0000013217E,Repair and Maintenance of office Machinery & Equipment and Hardware,Repair and Maintenance of office Machinery & Equipment and Hardware through open frame agreement The Accountant General Pakistan Revenues (AGPR)...,Repair/Maintenance,FFW9667,Controller General of Accounts,Islamabad - Pakistan,Published,"Sep 09, 2026","Sep 25, 2026",11:00 AM,https://epms.ppra.gov.pk/public/tenders/tender-details/TS0000013217E,Services,2026-09-25,2026-10-05T06:27:10.880745
2041,TS0000013219E,"Supply of Plastic Pallets for Palletized Handling of Cartons and Drums at PSO Lubricant Warehouse Kotlakhpat, Lahore.",,Miscellaneous,LT-19985-IA,Pakistan State Oil (PSO),Karachi - Pakistan,Published,"Sep 09, 2026","Sep 25, 2026",02:15 PM,https://epms.ppra.gov.pk/public/tenders/tender-details/TS0000013219E,Goods/Supplies,2026-09-25,2026-10-05T06:27:10.880745
2042,TS0000013220E,Supply of DG Sets for PSO Retail Outlets at Central Store KTB.,,Mechanical/Machinery,RC-19986-IA,Pakistan State Oil (PSO),Karachi - Pakistan,Published,"Sep 09, 2026","Sep 25, 2026",02:15 PM,https://epms.ppra.gov.pk/public/tenders/tender-details/TS0000013220E,Goods/Supplies,2026-09-25,2026-10-05T06:27:10.880745
2043,TS0000013222E,"Supply, Installation and Commissioning of Rotary Screw Air Compressor and Dryers at PSO LMPA.",,Mechanical/Machinery,LT-19987-IA,Pakistan State Oil (PSO),Karachi - Pakistan,Published,"Sep 09, 2026","Sep 25, 2026",02:15 PM,https://epms.ppra.gov.pk/public/tenders/tender-details/TS0000013222E,Goods/Supplies,2026-09-25,2026-10-05T06:27:10.880745
2044,TS0000013243E,Tender No 1 JCP (Procurement of Electric and IT Equipment),,Equipments,P102766,Judicial Commission of Pakistan,Islamabad - Pakistan,Published,"Sep 09, 2026","Sep 25, 2026",11:00 AM,https://epms.ppra.gov.pk/public/tenders/tender-details/TS0000013243E,IT/Technology,2026-09-25,2026-10-05T06:27:10.880745
2045,TS0000013249E,Procurement of Maintenance Services for Fire Fighting System at Karachi,"The SBP BSC Head Office, Karachi (General Services Department) has reserved Funds  for the procurement planned for FY 2026-27. The SBP BSC Head Office, Karachi (General  Services Department) intends to apply part of the proceeds of this Fund to cover eligible  payments under the contract for the “Procurement of Maintenance Services for Fire  Fighting System at Karachi” with the reference of ""P79843"" The SBP BSC Head Office, Karachi (General...",Services,P79843,Ministry of Finance,Karachi - Pakistan,Published,"Sep 09, 2026","Sep 25, 2026",11:00 AM,https://epms.ppra.gov.pk/public/tenders/tender-details/TS0000013249E,IT/Technology,2026-09-25,2026-10-05T06:27:10.880745
2046,TS0000013252E,INVITATION TO BID FOR PROCUREMENT OF VIDEO CONFERENCING SYSTEM SOLUTION ALONGWITH SMART LED SCREEN & ALLIED ACCESSORIES FOR DG PAA MAIN CONFERENCE,I.T.NO.HQPAA/1984/401/XXLA INVITATION TO BID FOR PROCUREMENT OF VIDEO CONFERENCING SYSTEM SOLUTION ALONGWITH SMART LED SCREEN & ALLIED ACCESSORIES FOR DG PAA MAIN CONFERENCE I.T.NO.HQPAA/1984/401/XXLA INVITATION TO BID FOR PROCUREMENT OF VIDEO...,Info and Comm Tech,12526,Pakistan Airports Authority (PAA),Karachi - Pakistan,Published,"Sep 09, 2026","Sep 25, 2026",11:00 AM,https://epms.ppra.gov.pk/public/tenders/tender-details/TS0000013252E,IT/Technology,2026-09-25,2026-10-05T06:27:10.880745
2047,TS0000013254E,Tender No.20 & 21 for Construction of Pile Foundations upraising 132KV T/L within the Metro Bus Project Corridor Jaranwala Road,,Civil Works,Tender No.21 & 21 Construction of Pile Foundations upraising Metro Bus Project Corridor,Faisalabad Electric Supply Company (FESCO),Faisalabad - Pakistan,Published,"Sep 09, 2026","Sep 25, 2026",11:30 AM,https://epms.ppra.gov.pk/public/tenders/tender-details/TS0000013254E,Construction/Works,2026-09-25,2026-10-05T06:27:10.880745
2048,TS0000013262E,M.S Bar,M.S Bar,Miscellaneous,FCS/SDQ/TE/031/26,Sui Northern Gas Pipelines Limited (SNGPL),Sadiqabad - Pakistan,Published,"Sep 09, 2026","Sep 25, 2026",03:00 PM,https://epms.ppra.gov.pk/public/tenders/tender-details/TS0000013262E,Other,2026-09-25,2026-10-05T06:27:10.880745
2049,TS0000013271E,"EXPRESSION OF INTEREST PROCUREMENT OF CONSULTANCY SERVICES FOR PLANNING, DESIGN AND CONSTRUCTION SUPERVISION FOR THE NEW DEPARTURE LEVEL BRIDGE, EXTENSION OF CONCOURSES","AND ALLIED WORKS AT ALLAMA IQBAL INTERNATIONAL AIRPORT (AIIAP), LAHORE EXPRESSION OF INTEREST PROCUREMENT OF CONSULTANCY SERVICES FOR PLANNING, DESIGN AND CONSTRUCTION SUPERVISION FOR THE NEW DEPARTURE LEVEL BRIDGE, EXTENSION OF CONCOURSES AND ALLIED WORKS AT ALLAMA IQBAL INTERNATIONAL AIRPORT (AIIAP), LAHORE EXPRESSION OF INTEREST PROCUREMENT OF CONSULTANCY...",Services,12527,Pakistan Airports Authority (PAA),Karachi - Pakistan,Published,"Sep 09, 2026","Sep 25, 2026",11:00 AM,https://epms.ppra.gov.pk/public/tenders/tender-details/TS0000013271E,Construction/Works,2026-09-25,2026-10-05T06:27:10.880745
2050,TS0000013278E,"""Rehabilitation and Upgradation of the Regional Office Building, National Archives of Pakistan, Karachi - Civil and Electrical Works","The National Archives of Pakistan (NAP) (National Archives of Pakistan (NAP)) has reserved  Funds for the procurement planned for FY 2026-27. The National Archives of Pakistan (NAP)  (National Archives of Pakistan (NAP)) intends to apply part of the proceeds of this Fund to cover eligible  payments under the contract for the ""Rehabilitation and Upgradation of the Regional Office Building,  National Archives of Pakistan, Karachi - Civil and Electrical Works"" with the reference of ""P106864"". The e-bids, prepared in accordance with the...",Civil Works,P106864,National Archives of Pakistan,Islamabad - Pakistan,Published,"Sep 09, 2026","Sep 25, 2026",11:00 AM,https://epms.ppra.gov.pk/public/tenders/tender-details/TS0000013278E,Construction/Works,2026-09-25,2026-10-05T06:27:10.880745
2051,TS0000013279E,PROVISION OF FRESH WATER at NSOTC Bin Qasim,,Services,400/NSOTC/01,Pakistan Navy,Karachi - Pakistan,Published,"Sep 09, 2026","Sep 25, 2026",11:00 AM,https://epms.ppra.gov.pk/public/tenders/tender-details/TS0000013279E,Services,2026-09-25,2026-10-05T06:27:10.880745
2052,TS0000013284E,RE-TENDER NOTICE FOR PROVISION AND INSTALLATION OF SOLAR POWERED TUBE WELL AT GILGIT AIRPORT,RE-TENDER NOTICE FOR PROVISION AND INSTALLATION OF SOLAR POWERED TUBE WELL AT GILGIT AIRPORT RE-TENDER NOTICE FOR PROVISION AND INSTALLATION...,Civil Works,12528,Pakistan Airports Authority (PAA),Karachi - Pakistan,Published,"Sep 09, 2026","Sep 25, 2026",09:30 AM,https://epms.ppra.gov.pk/public/tenders/tender-details/TS0000013284E,Construction/Works,2026-09-25,2026-10-05T06:27:10.880745
2053,TS0000013285E,Repair and Renovation of Office Building,,Civil Works,P115051,Ministry of Finance,Hyderabad - Pakistan,Published,"Sep 09, 2026","Sep 25, 2026",02:00 PM,https://epms.ppra.gov.pk/public/tenders/tender-details/TS0000013285E,Construction/Works,2026-09-25,2026-10-05T06:27:10.880745
2054,TS0000013307E,OP-19994-YP - Procurement of Walkie Talkies for Various Operations locations.,OP-19994-YP - Procurement of Walkie Talkies for...,Electrical Items,OP-19994-YP,Pakistan State Oil (PSO),Karachi - Pakistan,Published,"Sep 09, 2026","Sep 25, 2026",02:15 PM,https://epms.ppra.gov.pk/public/tenders/tender-details/TS0000013307E,Energy/Utilities,2026-09-25,2026-10-05T06:27:10.880745
2055,TS0000013308E,Remodeling & Modification Works in Existing 2nd Floor of TMA Building Including Partitions & Construction of New Toilet Block for HAZECO Offices Abbottabad,,Civil Works,TENDER NO. DM (CIVIL) / HAZECO/ NCB-05/2026-27,Ministry of Energy (Power Division),Abbottabad - Pakistan,Published,"Sep 09, 2026","Sep 25, 2026",11:00 AM,https://epms.ppra.gov.pk/public/tenders/tender-details/TS0000013308E,Construction/Works,2026-09-25,2026-10-05T06:27:10.880745
2056,TS0000013318E,"T-4206-FA-REQ-0826-1-00072 - Supply and Services (Fabrication, Assembly & Fixation) of Acrylic Plate Documents/Certificates in Acrylic Sheets (COMPLETE WORK AS PER",BOQ/TORS) T-4206-FA-REQ-0826-1-00072 Miscellaneous,"T-4206-FA-REQ-0826-1-00072 - Supply and Services (Fabrication, Assembly & Fixation) of Acrylic Plate Documents/Certificates in Acrylic Sheets (COMPLETE WORK AS PER",BOQ/TORS),Pakistan Security Printing Corporaion (PSPC),Islamabad - Pakistan,Published,"Sep 09, 2026","Sep 25, 2026",11:00 AM,https://epms.ppra.gov.pk/public/tenders/tender-details/TS0000013318E,Services,2026-09-25,2026-10-05T06:27:10.880745
2057,TS0000013172E,Procurement of DBS Spiral Roller Brush CO8 for Pickling / Brushing Section,Procurement of DBS Spiral Roller Brush CO8 for Pickling / Brushing Section Procurement of DBS Spiral Roller Brush CO8 for...,Miscellaneous,08-FP-SPIRAL ROLLER BRUSH-PUR-WBM-2026-27,Wah Industries Limited,Wah Cantt - Pakistan,Published,"Sep 08, 2026","Oct 14, 2026",11:00 AM,https://epms.ppra.gov.pk/public/tenders/tender-details/TS0000013172E,Goods/Supplies,2026-10-14,2026-10-05T06:27:10.880745
2058,TS0000013146E,Invitation to E-Bid,Through SAP Ariba Discovery Invitation to E-Bid Through SAP Ariba Discovery,Miscellaneous,OGDC-SCM-SERVICES-CB-RM-4405-333421213-2026,Oil and Gas Development Company Limited (OGDCL),Islamabad - Pakistan,Published,"Sep 08, 2026","Oct 12, 2026",11:30 AM,https://epms.ppra.gov.pk/public/tenders/tender-details/TS0000013146E,Other,2026-10-12,2026-10-05T06:27:10.880745
2059,TS0000013154E,Publication of tender notice,"Repair /Maintenance of certain buildings & Lavatory blocks, Repair /Maintenance of transformers,breakers, earthing, & Flame proof wiring at certain location, Bazar supply B&R /E&M items. TC Internal&External electric/Water supply at various loc under AOR of CMES (A) Malir Miscellaneous works",Civil Works,6010/01/E6,Ministry of Defence,Karachi - Pakistan,PublishedCorrigendum,"Sep 08, 2026","Oct 02, 2026",11:30 AM,https://epms.ppra.gov.pk/public/tenders/tender-details/TS0000013154E,Construction/Works,2026-10-02,2026-10-05T06:27:10.880745
2060,TS0000013150E,"1. PROCUREMENT OF SOLID STATE ,MILD STEEL & MECHANICAL AND ENGINEERING MATERIALS & CONSUMABLES FOR MANUFACTURING OF SHOP MADE ITEMS FOR THAR RAIL CONNECTIVITY","PROJECT (TRCP) (EPAD 2.0 Ref No. P102976) 2. PROCUREMENT OF RAW MATERIAL FOR MANUFACTURING OF SHOP MADE ITEMS FOR REPLACEMENT OF OLD AND OBSOLETE SIGNAL GEAR PROJECT (LON-SDR) (EPAD 2.0 Ref No. P102985) 1. PROCUREMENT OF SOLID STATE ,MILD STEEL &...",Miscellaneous,P102976 & P102985,Pakistan Railways,Lahore - Pakistan,Published,"Sep 08, 2026","Oct 01, 2026",11:30 AM,https://epms.ppra.gov.pk/public/tenders/tender-details/TS0000013150E,Goods/Supplies,2026-10-01,2026-10-05T06:27:10.880745
2061,TS0000013142E,Purchase of Vehicles Under NCRE Project,Tender Notice For details please download the bidding documents,Vehicles,I&P/Vehicles/NCRE/25-26,Pakistan Meteorological Department,Islamabad - Pakistan,Published,"Sep 08, 2026","Sep 30, 2026",10:30 AM,https://epms.ppra.gov.pk/public/tenders/tender-details/TS0000013142E,Goods/Supplies,2026-09-30,2026-10-05T06:27:10.880745
2062,TS0000013153E,Heavy Mechanical Complex-3 (P-08),P-08 1 Copper Beryllium Finger Stock Clean & Wire...,Miscellaneous,HMC-3 P-08/2026,Heavy Mechanical Complex,Taxila - Pakistan,Published,"Sep 08, 2026","Sep 30, 2026",02:00 PM,https://epms.ppra.gov.pk/public/tenders/tender-details/TS0000013153E,Other,2026-09-30,2026-10-05T06:27:10.880745
2063,TS0000013174E,TIMBER CHIR SLEEPER CLASS-II WEL SEASONED LOCAL ORIGIN,TIMBER CHIR SLEEPER CLASS-II WEL SEASONED LOCAL...,Miscellaneous,2601039/R-2609/340083,Directorate of Procurement (Navy),Islamabad - Pakistan,Published,"Sep 08, 2026","Sep 30, 2026",10:30 AM,https://epms.ppra.gov.pk/public/tenders/tender-details/TS0000013174E,Other,2026-09-30,2026-10-05T06:27:10.880745
2064,TS0000011846E,Heat Shrinkable Sleeves,supply of Heat Shrinkable Sleeves Heat Shrinkable Sleeves,Miscellaneous,LEP-010/26,Sui Northern Gas Pipelines Limited (SNGPL),Lahore - Pakistan,PublishedCorrigendum,"Sep 08, 2026","Sep 29, 2026",02:30 PM,https://epms.ppra.gov.pk/public/tenders/tender-details/TS0000011846E,Other,2026-09-29,2026-10-05T06:27:10.880745
2065,TS0000013166E,PROCUREMENT OF MAINTENANCE STORE ITEMS FOR 1ST QUARTER FY 2026-27 - NUST H-12 CAMPUS ISLAMABAD,Misc Items,Equipments,P84391,Higher Education Commission (HEC),Islamabad - Pakistan,Published,"Sep 08, 2026","Sep 29, 2026",11:00 AM,https://epms.ppra.gov.pk/public/tenders/tender-details/TS0000013166E,Services,2026-09-29,2026-10-05T06:27:10.880745
2066,TS0000011607E,Beveling Machines,As per detail in the tender documents,Miscellaneous,MNT/TE/042/2026 (Beveling Machine),Sui Northern Gas Pipelines Limited (SNGPL),Multan - Pakistan,PublishedCorrigendum,"Sep 08, 2026","Sep 28, 2026",03:00 PM,https://epms.ppra.gov.pk/public/tenders/tender-details/TS0000011607E,Other,2026-09-28,2026-10-05T06:27:10.880745
2067,TS0000004125E,Electrification and Providing Installation of sound system in court room No. 10 at Supreme Court Building Islamabad,Electrification and Providing Installation of...,Electrical Items,F-26031780905,Capital Development Authority,Islamabad - Pakistan,Published,"Sep 08, 2026","Sep 26, 2026",11:30 AM,https://epms.ppra.gov.pk/public/tenders/tender-details/TS0000004125E,Construction/Works,2026-09-26,2026-10-05T06:27:10.880745
2068,TS0000004131E,Annual Servicing/Maintenance and Inspection by boiler Inspector of 02 No's Boilers Having Capacity Each 3.4 Ton 15 PSI Installed at Supreme Court Building,Constitution Avenue Islamabad Annual Servicing/Maintenance and Inspection by...,Electrical Items,F-26031780906,Capital Development Authority,Islamabad - Pakistan,Published,"Sep 08, 2026","Sep 26, 2026",11:30 AM,https://epms.ppra.gov.pk/public/tenders/tender-details/TS0000004131E,Construction/Works,2026-09-26,2026-10-05T06:27:10.880745
2069,TS0000004136E,Repairing and Replacement of Defective Parts of Generator Installed at Judges Enclave Islamabad,Repairing and Replacement of Defective Parts of...,Electrical Items,F-26031780908,Capital Development Authority,Islamabad - Pakistan,Published,"Sep 08, 2026","Sep 26, 2026",11:30 AM,https://epms.ppra.gov.pk/public/tenders/tender-details/TS0000004136E,Energy/Utilities,2026-09-26,2026-10-05T06:27:10.880745
2070,TS0000013190E,Providing and replacement of defective parts of cooling tower No.2 of HVAC plant at Supreme Court Building Islamabad.,Providing and replacement of defective parts of...,Electrical Items,TS00000000G,Capital Development Authority,Islamabad - Pakistan,Published,"Sep 08, 2026","Sep 26, 2026",11:30 AM,https://epms.ppra.gov.pk/public/tenders/tender-details/TS0000013190E,Construction/Works,2026-09-26,2026-10-05T06:27:10.880745
2071,TS0000013192E,Electrification of room No.305 Judges Block at Supreme Court Building at Constitution Avenue Islamabad,Electrification of room No.305 Judges Block at...,Electrical Items,TS00000000H,Capital Development Authority,Islamabad - Pakistan,Published,"Sep 08, 2026","Sep 26, 2026",11:30 AM,https://epms.ppra.gov.pk/public/tenders/tender-details/TS0000013192E,Construction/Works,2026-09-26,2026-10-05T06:27:10.880745
2072,TS0000013141E,Advertising of tender notice on PPRA website,Repair /Maintenance works,Civil Works,6002-PPRA/03/E-6,Ministry of Defence,Karachi - Pakistan,Published,"Sep 08, 2026","Sep 25, 2026",11:30 AM,https://epms.ppra.gov.pk/public/tenders/tender-details/TS0000013141E,Construction/Works,2026-09-25,2026-10-05T06:27:10.880745
2073,TS0000013156E,PROCUREMENT OF IT EQUIPMENT,,Equipments,P88243,Ministry of Energy (Power Division),Islamabad - Pakistan,Published,"Sep 08, 2026","Sep 25, 2026",11:00 AM,https://epms.ppra.gov.pk/public/tenders/tender-details/TS0000013156E,IT/Technology,2026-09-25,2026-10-05T06:27:10.880745
2074,TS0000013162E,CONSTRUCTION OF BOUNDARY WALL,As per detail in the tender documents TE/COMP/002/26-27 (CONSTRUCTION OF BOUNDARY WALL...,Civil Works,TE/COMP/002/26-27,Sui Northern Gas Pipelines Limited (SNGPL),Multan - Pakistan,Published,"Sep 08, 2026","Sep 25, 2026",09:30 AM,https://epms.ppra.gov.pk/public/tenders/tender-details/TS0000013162E,Construction/Works,2026-09-25,2026-10-05T06:27:10.880745
2075,TS0000013163E,Supply of Control Panels for Access Control System at SBP Banking Services Corporation,Procurement of 3 x control panels for Access Control System 1. The SBP Banking Services Corporation (BSC) has...,Equipments,P76525,Ministry of Finance,Karachi - Pakistan,Published,"Sep 08, 2026","Sep 25, 2026",11:00 AM,https://epms.ppra.gov.pk/public/tenders/tender-details/TS0000013163E,IT/Technology,2026-09-25,2026-10-05T06:27:10.880745
2076,TS0000013196E,T-2050 ACSR Dog Conductor,Procurement of ACSR Dog Conductor,Electrical Items,T-2050 ACSR Dog Conductor,Ministry of Energy (Power Division),Quetta - Pakistan,PublishedCorrigendum,"Sep 08, 2026","Sep 25, 2026",10:30 AM,https://epms.ppra.gov.pk/public/tenders/tender-details/TS0000013196E,Energy/Utilities,2026-09-25,2026-10-05T06:27:10.880745
2077,TS0000013197E,T-2051 AAC WASP Conductor,Procurement of AAC WASP Conductor,Electrical Items,T-2051 AAC WASP Conductor,Ministry of Energy (Power Division),Quetta - Pakistan,Published,"Sep 08, 2026","Sep 25, 2026",11:00 AM,https://epms.ppra.gov.pk/public/tenders/tender-details/TS0000013197E,Energy/Utilities,2026-09-25,2026-10-05T06:27:10.880745
2078,TS0000013198E,T-2052 AAC ANT Conductor,Procurement of AAC ANT Conductor,Electrical Items,T-2052 AAC ANT Conductor,Ministry of Energy (Power Division),Quetta - Pakistan,Published,"Sep 08, 2026","Sep 25, 2026",11:30 AM,https://epms.ppra.gov.pk/public/tenders/tender-details/TS0000013198E,Energy/Utilities,2026-09-25,2026-10-05T06:27:10.880745
2079,TS0000013200E,T-2053 ACSR Osprey Conductor,Procurement of ACSR Osprey Conductor,Electrical Items,T-2053 ACSR Osprey Conductor,Ministry of Energy (Power Division),Quetta - Pakistan,Published,"Sep 08, 2026","Sep 25, 2026",12:00 PM,https://epms.ppra.gov.pk/public/tenders/tender-details/TS0000013200E,Energy/Utilities,2026-09-25,2026-10-05T06:27:10.880745
2080,TS0000013204E,"Provn / Const of Certain Svcs / Facilities / Bldgs at Kamra, Taxila, Rawalpindi. Chaklala, lslamabad, Lahore, Sargodha, SIk, Mzd, Swat, Karachi, Shah Bandar, Sujawal,","Jewani, Pasni, Ormara, Turbat and Gwadar",Civil Works,2000-Adv/21-N/26-27/04/works/DP&W/E-2,Ministry of Defence,Rawalpindi - Pakistan,Published,"Sep 08, 2026","Sep 25, 2026",11:30 AM,https://epms.ppra.gov.pk/public/tenders/tender-details/TS0000013204E,Construction/Works,2026-09-25,2026-10-05T06:27:10.880745
2081,TS0000013205E,"Consultancy Svcs (Design/RE Supervision) for Certain Facilties at Kamra, Taxila, Rawalpindi, Chaklala, lslamabad, Lahore, Sargodha, Sik, Mzd, Swat, Karachi, Shah Bandar,","Sujawal, Jewani, Pasni, Ormara, Turbat and Gwadar",Civil Works,2000-Adv/21-N/26-27/04/Cslty/DP&W/E-2,Ministry of Defence,Rawalpindi - Pakistan,Published,"Sep 08, 2026","Sep 25, 2026",11:30 AM,https://epms.ppra.gov.pk/public/tenders/tender-details/TS0000013205E,Construction/Works,2026-09-25,2026-10-05T06:27:10.880745
2082,TS0000013031E,Procurement of Non Core Services,"02 Naib Qasid (Age:18-25 Year, Primary Education), 01 Chowkidar (Age:18-25 Year, Primary Education) 02 Naib Qasid (Age:18-25 Year, Primary...",Services,PID (H) 68/26,Federal Investigation Agency,Hyderabad - Pakistan,PublishedCorrigendum,"Sep 08, 2026","Sep 25, 2026",03:00 PM,https://epms.ppra.gov.pk/public/tenders/tender-details/TS0000013031E,Services,2026-09-25,2026-10-05T06:27:10.880745
2083,TS0000013067E,Miscs type of Building & Road and Electric & Mechanical Works in GE (Army) Jhelum,MES Jhelum Tender • Water Supply works for tank at Habib Block...,Civil Works,6000-PPRA/26/E6 dated 07 Sep 2026,Ministry of Defence,Jhelum - Pakistan,Published,"Sep 08, 2026","Sep 25, 2026",11:30 AM,https://epms.ppra.gov.pk/public/tenders/tender-details/TS0000013067E,Construction/Works,2026-09-25,2026-10-05T06:27:10.880745
2084,TS0000011188E,Domestic Gas MetersCL:250/ G-6,"Domestic Gas MetersCL:250/ G-6 (9,840 Nos.) Domestic Gas MetersCL:250/ G-6",Miscellaneous,SND-2617/26,Sui Northern Gas Pipelines Limited (SNGPL),Islamabad - Pakistan,PublishedCorrigendum,"Sep 07, 2026","Oct 20, 2026",02:30 PM,https://epms.ppra.gov.pk/public/tenders/tender-details/TS0000011188E,Energy/Utilities,2026-10-20,2026-10-05T06:27:10.880745
2085,TS0000011195E,SCADA RTU for SMS & SCADA RTU for Valve Assemblies,SCADA RTU for SMS & SCADA RTU for Valve Assemblies 02 Items (164 Nos.) SCADA RTU for SMS & SCADA RTU for Valve...,Miscellaneous,SNTL-071/26,Sui Northern Gas Pipelines Limited (SNGPL),Islamabad - Pakistan,PublishedCorrigendum,"Sep 07, 2026","Oct 20, 2026",02:30 PM,https://epms.ppra.gov.pk/public/tenders/tender-details/TS0000011195E,Other,2026-10-20,2026-10-05T06:27:10.880745
2086,TS0000010300E,Electronic Volume Correctors,Supply of Electronic Volume Correctors Electronic Volume Correctors (3 items) 6900 Nos.,Miscellaneous,SND-2602/26,Sui Northern Gas Pipelines Limited (SNGPL),Lahore - Pakistan,PublishedCorrigendum,"Sep 07, 2026","Oct 19, 2026",02:30 PM,https://epms.ppra.gov.pk/public/tenders/tender-details/TS0000010300E,IT/Technology,2026-10-19,2026-10-05T06:27:10.880745
2087,TS0000009410E,Domestic Gas Meter Rotary Type,Domestic Gas Meter Rotary Type (08 Items) Domestic Gas Meter Rotary Type,Miscellaneous,SND-2622/26,Sui Northern Gas Pipelines Limited (SNGPL),Islamabad - Pakistan,PublishedCorrigendum,"Sep 07, 2026","Oct 15, 2026",02:30 PM,https://epms.ppra.gov.pk/public/tenders/tender-details/TS0000009410E,Energy/Utilities,2026-10-15,2026-10-05T06:27:10.880745
2088,TS0000010738E,Gas Meters Diaphragm Type CL:400,Gas Meters Diaphragm Type CL:400 (2680 Nos.) Gas Meters Diaphragm Type CL:400,Miscellaneous,SND-2616/26,Sui Northern Gas Pipelines Limited (SNGPL),Islamabad - Pakistan,PublishedCorrigendum,"Sep 07, 2026","Oct 15, 2026",02:30 PM,https://epms.ppra.gov.pk/public/tenders/tender-details/TS0000010738E,Energy/Utilities,2026-10-15,2026-10-05T06:27:10.880745
2089,TS0000011184E,Cold Applied Polymeric Tape & Primer,Cold Applied Polymeric Tape & Primer (02 Items) Cold Applied Polymeric Tape & Primer,Miscellaneous,SND-2619/26,Sui Northern Gas Pipelines Limited (SNGPL),Islamabad - Pakistan,PublishedCorrigendum,"Sep 07, 2026","Oct 12, 2026",02:30 PM,https://epms.ppra.gov.pk/public/tenders/tender-details/TS0000011184E,Other,2026-10-12,2026-10-05T06:27:10.880745
2090,TS0000010471E,"G.I. Fittings 3/4""","G.I. Fittings 04 Items (1,027,496 Nos.) G.I. Fittings 3/4""",Miscellaneous,SND-2623/26,Sui Northern Gas Pipelines Limited (SNGPL),Islamabad - Pakistan,PublishedCorrigendum,"Sep 07, 2026","Oct 12, 2026",02:30 PM,https://epms.ppra.gov.pk/public/tenders/tender-details/TS0000010471E,Other,2026-10-12,2026-10-05T06:27:10.880745
2091,TS0000013040E,Purchase of 4 x project Eqpt -Dr. Muhammad Sajid,,Equipments,No.803/02/ProjEqpt/SCME/2026-27 Dr. Sajid,National University of Sciences and Technology (NUST),Islamabad - Pakistan,Published,"Sep 07, 2026","Oct 07, 2026",11:00 AM,https://epms.ppra.gov.pk/public/tenders/tender-details/TS0000013040E,Goods/Supplies,2026-10-07,2026-10-05T06:27:10.880745
2092,TS0000013043E,Tank Spare,"1 x P-14 See more detail att in file, pl.",Miscellaneous,1 x P-14,Directorate General Procurement (Army),Rawalpindi. - Pakistan,Published,"Sep 07, 2026","Oct 07, 2026",10:30 AM,https://epms.ppra.gov.pk/public/tenders/tender-details/TS0000013043E,Defence/Military,2026-10-07,2026-10-05T06:27:10.880745
2093,TS0000013071E,Procurement of Standard Cutting Tools,Procurement of Standard Cutting Tools (09x items) Procurement of Standard Cutting Tools (09x items)...,Consumable Items,0014-FP-57-Pur-MGFy,Ministry of Defence Production,Wah Cantt - Pakistan,Published,"Sep 07, 2026","Oct 07, 2026",10:30 AM,https://epms.ppra.gov.pk/public/tenders/tender-details/TS0000013071E,Goods/Supplies,2026-10-07,2026-10-05T06:27:10.880745
2094,TS0000013079E,"Procurement of Hydraulic Pressure calibrator for Power House, Reverse Osmosis Membrane, MS Sheet & SS Sheet for Acid storage tanks, Spares for water supply, Sleeve","for Centrifugal Pump, Machine/ plant Spares mechanical, Spares for Acid storage tanks & spares for maintaining B-Class Fire. T.E No: 0001/ 0005/ 0010/ 0012/ 0014/ 0016/ 0013 & 0011-LP-DS-56. Procurement of Hydraulic Pressure calibrator for...",Miscellaneous,T.E No: 0001/ 0005/ 0010/ 0012/ 0014/ 0016/ 0013 & 0011-LP-DS-56.,Ministry of Defence Production,Wah Cantt - Pakistan,Published,"Sep 07, 2026","Oct 07, 2026",11:00 AM,https://epms.ppra.gov.pk/public/tenders/tender-details/TS0000013079E,Energy/Utilities,2026-10-07,2026-10-05T06:27:10.880745
2095,TS0000013054E,"Rehabilitation/Construction of Boundary Wall, Installation of CCTV Cameras, Flood Lights and E-Fencing at Lifestyle Residency Apartments G- 13/4, Islamabad",The Federal Government Employees Housing...,Civil Works,Technical-ts-003,Ministry of Housing & Works,Islamabad - Pakistan,Published,"Sep 07, 2026","Oct 02, 2026",12:00 PM,https://epms.ppra.gov.pk/public/tenders/tender-details/TS0000013054E,Construction/Works,2026-10-02,2026-10-05T06:27:10.880745
2096,TS0000012804E,PROCUREMENT SUPPLY & PLACEMENT OF 33 NOS FIRE PROOF SAFE & FIRE PROOF ALMIRAH AT VARIOUS NBP BRANCHES,PROCUREMENT SUPPLY & PLACEMENT OF 33 NOS FIRE...,Furniture/Fixture,P100861,National Bank of Pakistan (NBP),Karachi - Pakistan,Published,"Sep 07, 2026","Oct 01, 2026",11:00 AM,https://epms.ppra.gov.pk/public/tenders/tender-details/TS0000012804E,Goods/Supplies,2026-10-01,2026-10-05T06:27:10.880745
2097,TS0000013039E,Procurement of Misc Items,"Procurement of Misc Items Shellac D-Waxed, Lead Tin Foil, Cement RD,...",Miscellaneous,"TE 0456,0461,0468,0469,0471,0480 & 0474/LP/Pur/WIL(Fill)-2026",Ministry of Defence Production,Wah Cantt - Pakistan,Published,"Sep 07, 2026","Sep 30, 2026",10:30 AM,https://epms.ppra.gov.pk/public/tenders/tender-details/TS0000013039E,Goods/Supplies,2026-09-30,2026-10-05T06:27:10.880745
2098,TS0000013044E,PURCHASE OF RFID CARDS AND CONSUMABLE ITEMS FOR REGISTRAR DTE,PURCHASE OF RFID CARDS AND CONSUMABLE ITEMS  FOR REGISTRAR DTE RFID CARDS AND CONSUMABLE ITEMS,Consumable Items,P113506,Higher Education Commission (HEC),Islamabad - Pakistan,Published,"Sep 07, 2026","Sep 30, 2026",11:00 AM,https://epms.ppra.gov.pk/public/tenders/tender-details/TS0000013044E,Goods/Supplies,2026-09-30,2026-10-05T06:27:10.880745
2099,TS0000013074E,Provision of Unit Furniture,Job no.1605 of 2026-27 Provision of Unit Furniture,Furniture/Fixture,Job no.1605 of 2026-27,Ministry of Defence,Pano Aqil - Pakistan,Published,"Sep 07, 2026","Sep 30, 2026",11:00 AM,https://epms.ppra.gov.pk/public/tenders/tender-details/TS0000013074E,Other,2026-09-30,2026-10-05T06:27:10.880745
2100,TS0000013100E,"TENDER NOTICE REHABILITATION OF / UPLIFTING OF EX-AIRHOSTESS HOSTEL BLOCK-B IN PIA TOWNSHIP FOR UTILIZATION AS MARRIED OFFICERS QUARTER AT JIAP, KARACHI","TENDER NOTICE REHABILITATION OF / UPLIFTING OF EX-AIRHOSTESS HOSTEL BLOCK-B IN PIA TOWNSHIP FOR UTILIZATION AS MARRIED OFFICERS QUARTER AT JIAP, KARACHI TENDER NOTICE REHABILITATION OF / UPLIFTING OF...",Civil Works,12524,Pakistan Airports Authority (PAA),Karachi - Pakistan,Published,"Sep 07, 2026","Sep 30, 2026",11:00 AM,https://epms.ppra.gov.pk/public/tenders/tender-details/TS0000013100E,Construction/Works,2026-09-30,2026-10-05T06:27:10.880745
2101,TS0000013116E,"Outsourcing Services of Janitorial Staff, Electrician & Plumber for CTO, Lahore.",,Services,02/2026-27,Federal Board of Revenue (FBR),Lahore - Pakistan,Published,"Sep 07, 2026","Sep 29, 2026",11:00 AM,https://epms.ppra.gov.pk/public/tenders/tender-details/TS0000013116E,Energy/Utilities,2026-09-29,2026-10-05T06:27:10.880745
2102,TS0000011661E,03 x Electric Load Carrying Vehicle (02 x Seaters/ 600-650 Kg),03 x Electric Load Carrying Vehicle (02 x...,Vehicles,2690345/R2608/360017/P-36,Directorate of Procurement (Navy),Islamabad - Pakistan,PublishedCorrigendum,"Sep 07, 2026","Sep 29, 2026",10:30 AM,https://epms.ppra.gov.pk/public/tenders/tender-details/TS0000011661E,Energy/Utilities,2026-09-29,2026-10-05T06:27:10.880745
2103,TS0000013066E,Hiring of Services of Satellite Communication for Chinse-Deployed Seismic Station,Invitation to Bid For details please download the bidding document,Services,I&P/Seismic/Comm/26-27,Pakistan Meteorological Department,Islamabad - Pakistan,PublishedCorrigendum,"Sep 07, 2026","Sep 29, 2026",10:30 AM,https://epms.ppra.gov.pk/public/tenders/tender-details/TS0000013066E,Services,2026-09-29,2026-10-05T06:27:10.880745
2104,TS0000013108E,TENDER NOTICE FOR MISC. CIVIL WORKS REQUIRED AT MUZAFFARABAD AIRPORT,TENDER NOTICE FOR MISC. CIVIL WORKS REQUIRED AT MUZAFFARABAD AIRPORT TENDER NOTICE FOR MISC. CIVIL WORKS REQUIRED AT...,Civil Works,12525,Pakistan Airports Authority (PAA),Karachi - Pakistan,Published,"Sep 07, 2026","Sep 28, 2026",11:00 AM,https://epms.ppra.gov.pk/public/tenders/tender-details/TS0000013108E,Construction/Works,2026-09-28,2026-10-05T06:27:10.880745
2105,TS0000013140E,Third-Party Impact Assessment of the 4th International Food & Agriculture Exhibition of Pakistan (FoodAg Pakistan 2026) 23–26 November 2026,,Services,TDAP/AFD/Con-FA/2026,Ministry of Commerce,Karachi - Pakistan,Published,"Sep 07, 2026","Sep 28, 2026",11:00 AM,https://epms.ppra.gov.pk/public/tenders/tender-details/TS0000013140E,Services,2026-09-28,2026-10-05T06:27:10.880745
2106,TS0000013038E,Provision / installation and commissioning of Winch for greasing of Wire Rope of SLTS,Provision / installation and commissioning of Winch for greasing of Wire Rope of SLTS,Miscellaneous,SRD/2026/143,Karachi Shipyard and Engineering Works Ltd,Karachi - Pakistan,Published,"Sep 07, 2026","Sep 28, 2026",11:00 AM,https://epms.ppra.gov.pk/public/tenders/tender-details/TS0000013038E,Other,2026-09-28,2026-10-05T06:27:10.880745
2107,TS0000013069E,WAPDA HOSPITAL SUKKUR PRD NO.069,WAPDA SUKKUR PRE QUALIFICATION APPLICATIONS CLOSE FRAMEWORK...,Health/Medicines,PRD(L)/WAPDA/069,Water and Power Development Authority (WAPDA),Lahore - Pakistan,Published,"Sep 07, 2026","Sep 28, 2026",12:00 PM,https://epms.ppra.gov.pk/public/tenders/tender-details/TS0000013069E,Medical/Health,2026-09-28,2026-10-05T06:27:10.880745
2108,TS0000013076E,"Sale of Old Unserviceable Power Transformers lying under SS&T Division GSO SEPCO Dadu, Sindh",Invitation for E-Bid Sale of Old Unserviceable Power Transformers...,Electrical Items,PMU/SEPCO/PTR-03/2025-26-R,Ministry of Energy (Power Division),Sukkur - Pakistan,Published,"Sep 07, 2026","Sep 28, 2026",11:00 AM,https://epms.ppra.gov.pk/public/tenders/tender-details/TS0000013076E,Energy/Utilities,2026-09-28,2026-10-05T06:27:10.880745
2109,TS0000013094E,Procurement of Equipment Require for Capacity Building,7885/IT-7715/26-27/GF/FOR-B/SCM Dte dated 01 Sep 2026 Procurement of Equipment Require for Capacity...,Equipments,7885/IT-7715/26-27/GF/FOR-B/SCM Dte dated 01 Sep 2026,Ministry of Defence Production,Taxila - Pakistan,Published,"Sep 07, 2026","Sep 28, 2026",10:30 AM,https://epms.ppra.gov.pk/public/tenders/tender-details/TS0000013094E,Construction/Works,2026-09-28,2026-10-05T06:27:10.880745
2110,TS0000013095E,PROCUREMENT OF FUEL FILTER ASSY FOR FDU WITH 11 X ITEMS,4882/IT-70140/2026-27/TMF/FOR-B/SCM Dte dated 01 Sep 2026 PROCUREMENT OF FUEL FILTER ASSY FOR FDU WITH 11 X...,Miscellaneous,4882/IT-70140/2026-27/TMF/FOR-B/SCM Dte dated 01 Sep 2026,Ministry of Defence Production,Taxila - Pakistan,Published,"Sep 07, 2026","Sep 28, 2026",10:30 AM,https://epms.ppra.gov.pk/public/tenders/tender-details/TS0000013095E,Energy/Utilities,2026-09-28,2026-10-05T06:27:10.880745
2111,TS0000013096E,Repair / Refurbishment of Waste Water Treatment Plant,5126/IT-6717/GF/FOR (A)/2026-27/SCM dated 01 Sep 2026 Repair / Refurbishment of Waste Water Treatment...,Repair/Maintenance,5126/IT-6717/GF/FOR (A)/2026-27/SCM dated 01 Sep 2026,Ministry of Defence Production,Taxila - Pakistan,Published,"Sep 07, 2026","Sep 28, 2026",10:30 AM,https://epms.ppra.gov.pk/public/tenders/tender-details/TS0000013096E,Services,2026-09-28,2026-10-05T06:27:10.880745
2112,TS0000013119E,Hardware Material / Dry Batteries,Procurement of Hardware Material / Dry Batteries We intend to procure Hardware Material / Dry...,Miscellaneous,FST/TE/055/26,Sui Northern Gas Pipelines Limited (SNGPL),Faisalabad - Pakistan,Published,"Sep 07, 2026","Sep 25, 2026",03:00 PM,https://epms.ppra.gov.pk/public/tenders/tender-details/TS0000013119E,Goods/Supplies,2026-09-25,2026-10-05T06:27:10.880745
2113,TS0000013133E,HIRING THE SERVICES OF CAR RENTAL FIRM FOR FOOD AND AGRICULTURE EXHIBITION FOODAG-2026,,Services,TDAP/AFD/CR-FA/2026,Ministry of Commerce,Karachi - Pakistan,Published,"Sep 07, 2026","Sep 25, 2026",11:00 AM,https://epms.ppra.gov.pk/public/tenders/tender-details/TS0000013133E,Services,2026-09-25,2026-10-05T06:27:10.880745
2114,TS0000013080E,"LPR-10956,LPR-11261,LPR-13988,LPR-14255,LPR-14958,LPR-14994 ,LPR-15247 & LPR-15249","LPR-10956,LPR-11261,LPR-13988,LPR-14255,LPR-14958,LPR-14994 ,LPR-15247 & LPR-15249",Miscellaneous,"LPR-10956,LPR-11261,LPR-13988,LPR-14255,LPR-14958,LPR-14994 ,LPR-15247 & LPR-15249",Karachi Shipyard and Engineering Works Ltd,Karachi - Pakistan,Published,"Sep 07, 2026","Sep 25, 2026",10:45 AM,https://epms.ppra.gov.pk/public/tenders/tender-details/TS0000013080E,Other,2026-09-25,2026-10-05T06:27:10.880745
2115,TS0000013025E,Line Testing Material,,Equipments,FCS/MDR/TE/030/26,Sui Northern Gas Pipelines Limited (SNGPL),Karak - Pakistan,Published,"Sep 06, 2026","Sep 28, 2026",03:00 PM,https://epms.ppra.gov.pk/public/tenders/tender-details/TS0000013025E,Goods/Supplies,2026-09-28,2026-10-05T06:27:10.880745
2116,TS0000013026E,HARDWARE MATERIAL,,Miscellaneous,FCS/MDR/TE/032/26,Sui Northern Gas Pipelines Limited (SNGPL),Karak - Pakistan,Published,"Sep 06, 2026","Sep 28, 2026",03:00 PM,https://epms.ppra.gov.pk/public/tenders/tender-details/TS0000013026E,Goods/Supplies,2026-09-28,2026-10-05T06:27:10.880745
2117,TS0000013022E,LPG Gas in Cylinders,,LNG/LPG,FCS/MDR/TE/031/26,Sui Northern Gas Pipelines Limited (SNGPL),Karak - Pakistan,Published,"Sep 06, 2026","Sep 25, 2026",03:00 PM,https://epms.ppra.gov.pk/public/tenders/tender-details/TS0000013022E,Energy/Utilities,2026-09-25,2026-10-05T06:27:10.880745
2118,TS0000012969E,Tender for Repair And Maintenance Works of Engineering Branch For Fiscal year 2026-27 of Cantonment board Sargodha,Tender for Repair And Maintenance Works of Engineering Branch For Fiscal year 2026-27 The Invitation of Tender and their terms of...,Civil Works,PID-L/ 561/26,Military Lands & Cantonments (ML&C),Sargodha - Pakistan,Published,"Sep 05, 2026","Oct 05, 2026",02:00 PM,https://epms.ppra.gov.pk/public/tenders/tender-details/TS0000012969E,Construction/Works,2026-10-05,2026-10-05T06:27:10.880745
2119,TS0000013014E,Welding Canopy,,Equipments,FCS/LKI/TE/029/26,Sui Northern Gas Pipelines Limited (SNGPL),Karak - Pakistan,Published,"Sep 05, 2026","Sep 25, 2026",03:00 PM,https://epms.ppra.gov.pk/public/tenders/tender-details/TS0000013014E,Goods/Supplies,2026-09-25,2026-10-05T06:27:10.880745
2120,TS0000012928E,INTERNATIONAL TENDER FOR PROCUREMENT OF CARGO HATCH COVER MATERIAL AND HEAVY DUTY QUICK ACTING CLEATS FOR PNSC VESSEL CHITRAL,"for details please visit: https://pnsc.com.pk/tenders Pakistan National Shipping Corporation (PNSC),...",Miscellaneous,PRCD/CHITRAL/CARGO-CLEATS/2026/004,Pakistan National Shipping Corporation (PNSC),Karachi - Pakistan,Published,"Sep 04, 2026","Oct 07, 2026",11:00 AM,https://epms.ppra.gov.pk/public/tenders/tender-details/TS0000012928E,Goods/Supplies,2026-10-07,2026-10-05T06:27:10.880745
2121,TS0000012901E,"0016,0001,0003,0108 & 0109-LP/FP-B&G-57-B.","Mild Steel Cold Rolled Sheet 16 BG, Al. Alloy Tubes, Al. Alloy strips/sheets, Production Tools (Special), Drills and Segmental Saw Blade. Mild Steel Cold Rolled Sheet 16 BG, Al. Alloy...",Miscellaneous,"0016,0001,0003,0108 & 0109-LP/FP-B&G-57-B.",Ministry of Defence,Wah Cantt - Pakistan,Published,"Sep 04, 2026","Oct 06, 2026",11:00 AM,https://epms.ppra.gov.pk/public/tenders/tender-details/TS0000012901E,Other,2026-10-06,2026-10-05T06:27:10.880745
2122,TS0000012981E,Invitation to Tender and General Insturctions,Goods,Miscellaneous,DSN10938,Ministry of Defence Production (DGDP),London - Pakistan,Published,"Sep 04, 2026","Oct 06, 2026",11:30 AM,https://epms.ppra.gov.pk/public/tenders/tender-details/TS0000012981E,Other,2026-10-06,2026-10-05T06:27:10.880745
2123,TS0000012980E,Invitation to Tender and General Insturctions,Good,Miscellaneous,DSN/10937,Ministry of Defence Production (DGDP),London - Pakistan,Published,"Sep 04, 2026","Oct 04, 2026",11:30 AM,https://epms.ppra.gov.pk/public/tenders/tender-details/TS0000012980E,Other,2026-10-04,2026-10-05T06:27:10.880745
2124,TS0000012951E,FESCO TENDER NOTICE,Supply of Material Faisalabad Electric Supply Company Limited...,Electrical Items,"TENDER NO.NCB-845, NCB-847 to NCB-855",Faisalabad Electric Supply Company (FESCO),Faisalabad - Pakistan,Published,"Sep 04, 2026","Oct 01, 2026",11:00 AM,https://epms.ppra.gov.pk/public/tenders/tender-details/TS0000012951E,Energy/Utilities,2026-10-01,2026-10-05T06:27:10.880745
2125,TS0000012921E,"Supply of LPG for Hostels at NUST Balochistan Campus (NBC), Quetta",,LNG/LPG,P102118,Ministry of Science and Technology,Quetta - Pakistan,Published,"Sep 04, 2026","Sep 30, 2026",11:00 AM,https://epms.ppra.gov.pk/public/tenders/tender-details/TS0000012921E,Energy/Utilities,2026-09-30,2026-10-05T06:27:10.880745
2126,TS0000012907E,DIGITAL MULTIMETER INCLUDING ACCESSORIES,DIGITAL MULTIMETER INCLUDING ACCESSORIES,Miscellaneous,2690307/R-2609/310080,Directorate of Procurement (Navy),Islamabad - Pakistan,Published,"Sep 04, 2026","Sep 29, 2026",10:30 AM,https://epms.ppra.gov.pk/public/tenders/tender-details/TS0000012907E,IT/Technology,2026-09-29,2026-10-05T06:27:10.880745
2127,TS0000012936E,FESCO TENDER NOTICE,Supply of Material Faisalabad Electric Supply Company Limited...,Electrical Items,TENDER NO.NCB-823 to NCB-830 & NCB-871 to NCB-874,Faisalabad Electric Supply Company (FESCO),Faisalabad - Pakistan,Published,"Sep 04, 2026","Sep 29, 2026",11:00 AM,https://epms.ppra.gov.pk/public/tenders/tender-details/TS0000012936E,Energy/Utilities,2026-09-29,2026-10-05T06:27:10.880745
2128,TS0000012877E,SSGC/LP/EPADS2/PT/2181284 (Spares for Gas Generator),SSGC/LP/EPADS2/PT/2181284 (Spares for Gas Generator) Different Types of Spares for GM Gas Engine...,Miscellaneous,SSGC/LP/EPADS2/PT/2181284,Ministry of Energy (Petroleum Division),Karachi - Pakistan,Published,"Sep 04, 2026","Sep 25, 2026",10:30 AM,https://epms.ppra.gov.pk/public/tenders/tender-details/TS0000012877E,Energy/Utilities,2026-09-25,2026-10-05T06:27:10.880745
2129,TS0000012878E,SSGC/LP/EPADS2/PT/2181286 (Computer Server),SSGC/LP/EPADS2/PT/2181286 (Computer Server) Computer Server: (As per specification) (Quote...,Miscellaneous,SSGC/LP/EPADS2/PT/2181286,Ministry of Energy (Petroleum Division),Karachi - Pakistan,Published,"Sep 04, 2026","Sep 25, 2026",04:00 PM,https://epms.ppra.gov.pk/public/tenders/tender-details/TS0000012878E,IT/Technology,2026-09-25,2026-10-05T06:27:10.880745
2130,TS0000012941E,Distribution Material,Distribution Material,Equipments,23 to 47/MM/2025-26,Gujranwala Electric Power Company Limited,Gujranwala - Pakistan,Published,"Sep 04, 2026","Sep 25, 2026",11:00 AM,https://epms.ppra.gov.pk/public/tenders/tender-details/TS0000012941E,Goods/Supplies,2026-09-25,2026-10-05T06:27:10.880745
2131,TS0000012960E,CERTIFICATION BASED UPSKILLING PROGRAMS FOR GRADE 19 OFFICERS OF FBR,,Services,7(7)TDU/IR/2026,Federal Board of Revenue (FBR),Islamabad - Pakistan,Published,"Sep 04, 2026","Sep 25, 2026",11:00 AM,https://epms.ppra.gov.pk/public/tenders/tender-details/TS0000012960E,Services,2026-09-25,2026-10-05T06:27:10.880745
2132,TS0000012810E,Tender For Stationary / Printing,,Printing,130/1/Proc printing/x/Estb,Frontier Constabulary,Wana - Pakistan,Published,"Sep 03, 2026","Oct 27, 2026",10:30 AM,https://epms.ppra.gov.pk/public/tenders/tender-details/TS0000012810E,Other,2026-10-27,2026-10-05T06:27:10.880745
2133,TS0000012823E,"Procurement of Nozzle, Stopper & Mold Die for realistic Furnace","Procurement of Nozzle, Stopper & Mold Die for realistic Furnace Procurement of Nozzle, Stopper & Mold Die for...",Miscellaneous,"07-FP-NOZZLE, STOPPER & MOLD DIE-PUR-WBM-2026-27",Wah Industries Limited,Wah Cantt - Pakistan,Published,"Sep 03, 2026","Oct 14, 2026",11:00 AM,https://epms.ppra.gov.pk/public/tenders/tender-details/TS0000012823E,Goods/Supplies,2026-10-14,2026-10-05T06:27:10.880745
2134,TS0000012793E,INTERNATIONAL TENDER FOR PROCUREMENT OF MOORING TAILS AND P.P ROPES FOR PNSC VESSEL MARDAN,"for details please visit : https://pnsc.com.pk/tenders Pakistan National Shipping Corporation (PNSC),...",Miscellaneous,PRCD/MARDAN/TAILS-ROPES/2026/005,Pakistan National Shipping Corporation (PNSC),Karachi - Pakistan,Published,"Sep 03, 2026","Oct 08, 2026",11:00 AM,https://epms.ppra.gov.pk/public/tenders/tender-details/TS0000012793E,Goods/Supplies,2026-10-08,2026-10-05T06:27:10.880745
2135,TS0000012845E,INVITATION TO TENDER AND GENERAL INSTURCTIONS,GOODS,Miscellaneous,DSN/10936,Ministry of Defence Production (DGDP),London - Pakistan,Published,"Sep 03, 2026","Oct 07, 2026",11:30 AM,https://epms.ppra.gov.pk/public/tenders/tender-details/TS0000012845E,Other,2026-10-07,2026-10-05T06:27:10.880745
2136,TS0000012849E,Consultancy Servicers for Third Party Environmental & Social Monitoring and Reporting of M-6 (Section 4 &5),Consultancy Servicers for Third Party Environmental & Social  Monitoring and Reporting of M-6 (Section 4 &5),Services,6690,Ministry of Communications,Islamabad - Pakistan,Published,"Sep 03, 2026","Oct 06, 2026",11:30 AM,https://epms.ppra.gov.pk/public/tenders/tender-details/TS0000012849E,Services,2026-10-06,2026-10-05T06:27:10.880745
2137,TS0000012787E,Open Tender,"Machinery/ Equipment Welding Machines, Lifting Trolleys, Mechanical...",Mechanical/Machinery,P-002/2026,Public Sector Organization,Islamabad - Pakistan,Published,"Sep 03, 2026","Oct 05, 2026",01:30 PM,https://epms.ppra.gov.pk/public/tenders/tender-details/TS0000012787E,Other,2026-10-05,2026-10-05T06:27:10.880745
2138,TS0000012853E,SB/SC/200K DG-01/SB-293,"INVITATION OF QUOTATION FOR HIRING OF SERVICES OF DIESEL GENERATOR (CAPACITY 200≃ KVA / 50 HZ / 440 VOLT, 3-) WITH OPERATOR / HELPER ON RENTAL BASIS FOR 02 MONTHS FOR PNS SAHIWAL (KS&EW ORDER NO.SB-293)",Miscellaneous,SB/SC/200K DG-01/SB-293,Karachi Shipyard and Engineering Works Ltd,Karachi - Pakistan,Published,"Sep 03, 2026","Sep 30, 2026",11:00 AM,https://epms.ppra.gov.pk/public/tenders/tender-details/TS0000012853E,Other,2026-09-30,2026-10-05T06:27:10.880745
2139,TS0000012792E,Proc of Standard Cutting Tools and Prod Tools,Proc of Standard Cutting Tools and Prod Tools Proc of Standard Cutting Tools and Prod Tools...,Miscellaneous,TE 0018 & 0019-LP-57-Pur-MGFY,Ministry of Defence Production,Wah Cantt - Pakistan,Published,"Sep 03, 2026","Sep 30, 2026",09:30 AM,https://epms.ppra.gov.pk/public/tenders/tender-details/TS0000012792E,Goods/Supplies,2026-09-30,2026-10-05T06:27:10.880745
2140,TS0000012871E,Misc Works at CMES Army Lahore,Misc Works Misc Works at CMES Army Lahore,Civil Works,J4ACMZA,Military Engineering Services (Army),Lahore - Pakistan,PublishedCorrigendum,"Sep 03, 2026","Sep 28, 2026",11:30 AM,https://epms.ppra.gov.pk/public/tenders/tender-details/TS0000012871E,Construction/Works,2026-09-28,2026-10-05T06:27:10.880745
2141,TS0000012637E,50KVA Distribution Transformer (New),"Hyderabad Electric Supply Company (HESCO),...",Electrical Items,1976,Ministry of Energy (Power Division),Hyderabad - Pakistan,PublishedCorrigendum,"Sep 03, 2026","Sep 28, 2026",10:30 AM,https://epms.ppra.gov.pk/public/tenders/tender-details/TS0000012637E,Energy/Utilities,2026-09-28,2026-10-05T06:27:10.880745
2142,TS0000012641E,ACSR Conductor Osprey,"Hyderabad Electric Supply Company (HESCO),...",Electrical Items,1977,Ministry of Energy (Power Division),Hyderabad - Pakistan,PublishedCorrigendum,"Sep 03, 2026","Sep 28, 2026",10:30 AM,https://epms.ppra.gov.pk/public/tenders/tender-details/TS0000012641E,Energy/Utilities,2026-09-28,2026-10-05T06:27:10.880745
2143,TS0000012644E,Three Phase Whole Current Static Meters (AMI),"Hyderabad Electric Supply Company (HESCO),...",Electrical Items,1980,Ministry of Energy (Power Division),Hyderabad - Pakistan,PublishedCorrigendum,"Sep 03, 2026","Sep 28, 2026",10:30 AM,https://epms.ppra.gov.pk/public/tenders/tender-details/TS0000012644E,Energy/Utilities,2026-09-28,2026-10-05T06:27:10.880745
2144,TS0000012645E,Single Phase Energy Meters (AMI),"Hyderabad Electric Supply Company (HESCO),...",Electrical Items,1981,Ministry of Energy (Power Division),Hyderabad - Pakistan,PublishedCorrigendum,"Sep 03, 2026","Sep 28, 2026",10:30 AM,https://epms.ppra.gov.pk/public/tenders/tender-details/TS0000012645E,Energy/Utilities,2026-09-28,2026-10-05T06:27:10.880745
2145,TS0000012784E,Const / Repair / Maint / Provn / Bazar Supply TC / DC of Misc Buildings in AOR of GE (A) Rwp-II,,Repair/Maintenance,GEA2RWP/09/2026,Ministry of Defence,Rawalpindi - Pakistan,Published,"Sep 03, 2026","Sep 28, 2026",12:00 PM,https://epms.ppra.gov.pk/public/tenders/tender-details/TS0000012784E,Construction/Works,2026-09-28,2026-10-05T06:27:10.880745
2146,TS0000012552E,200 kVA Distribution Transformers,"Hyderabad Electric Supply Company (HESCO),...",Electrical Items,1974,Ministry of Energy (Power Division),Hyderabad - Pakistan,PublishedCorrigendum,"Sep 03, 2026","Sep 28, 2026",10:30 AM,https://epms.ppra.gov.pk/public/tenders/tender-details/TS0000012552E,Energy/Utilities,2026-09-28,2026-10-05T06:27:10.880745
2147,TS0000012568E,100 kVA Distribution Transformers,"Hyderabad Electric Supply Company (HESCO),...",Electrical Items,1975,Ministry of Energy (Power Division),Hyderabad - Pakistan,PublishedCorrigendum,"Sep 03, 2026","Sep 28, 2026",10:30 AM,https://epms.ppra.gov.pk/public/tenders/tender-details/TS0000012568E,Energy/Utilities,2026-09-28,2026-10-05T06:27:10.880745
2148,TS0000012572E,ACSR Conductor Rabbit,"Hyderabad Electric Supply Company (HESCO),...",Electrical Items,1978,Ministry of Energy (Power Division),Hyderabad - Pakistan,PublishedCorrigendum,"Sep 03, 2026","Sep 28, 2026",10:30 AM,https://epms.ppra.gov.pk/public/tenders/tender-details/TS0000012572E,Energy/Utilities,2026-09-28,2026-10-05T06:27:10.880745
2149,TS0000012573E,4/C LT ALUMN SID Cable 19/.083 (70mm²),"Hyderabad Electric Supply Company (HESCO),...",Electrical Items,1979,Ministry of Energy (Power Division),Hyderabad - Pakistan,PublishedCorrigendum,"Sep 03, 2026","Sep 28, 2026",10:30 AM,https://epms.ppra.gov.pk/public/tenders/tender-details/TS0000012573E,Energy/Utilities,2026-09-28,2026-10-05T06:27:10.880745
2150,TS0000012574E,LT Spool Insulators,"Hyderabad Electric Supply Company (HESCO),...",Electrical Items,1982,Ministry of Energy (Power Division),Hyderabad - Pakistan,PublishedCorrigendum,"Sep 03, 2026","Sep 28, 2026",10:30 AM,https://epms.ppra.gov.pk/public/tenders/tender-details/TS0000012574E,Energy/Utilities,2026-09-28,2026-10-05T06:27:10.880745
2151,TS0000012575E,11KV Pins for Steel X-Arm (Normal),"Hyderabad Electric Supply Company (HESCO),...",Electrical Items,1983,Ministry of Energy (Power Division),Hyderabad - Pakistan,PublishedCorrigendum,"Sep 03, 2026","Sep 28, 2026",10:30 AM,https://epms.ppra.gov.pk/public/tenders/tender-details/TS0000012575E,Energy/Utilities,2026-09-28,2026-10-05T06:27:10.880745
2152,TS0000012577E,Current Transformer LT 400/5 Amp,"Hyderabad Electric Supply Company (HESCO),...",Electrical Items,1985,Ministry of Energy (Power Division),Hyderabad - Pakistan,PublishedCorrigendum,"Sep 03, 2026","Sep 28, 2026",10:30 AM,https://epms.ppra.gov.pk/public/tenders/tender-details/TS0000012577E,Energy/Utilities,2026-09-28,2026-10-05T06:27:10.880745
2153,TS0000012788E,PROCUREMENT OF (Grinding Wheel) (Grinding / Polishing Media & Abrasivers ),Supply of  (Grinding Wheel) (Grinding / Polishing Media & Abrasivers ) PROCUREMENT OF (Grinding Wheel) (Grinding /...,Miscellaneous,T.E No.0042/LP/GDL/57 DATED.24.08.2026,Pakistan Ordnance Factories (POF),Wah Cantt - Pakistan,Published,"Sep 03, 2026","Sep 25, 2026",10:30 AM,https://epms.ppra.gov.pk/public/tenders/tender-details/TS0000012788E,Goods/Supplies,2026-09-25,2026-10-05T06:27:10.880745
2154,TS0000012813E,WAPDA TARBELA DAM PRD NO. 063,TARBELA DAM WAPDA REPLACEMENT OF ROZORWIRE BARRED WIRE FENCING ON...,Miscellaneous,PRD(L)/WAPDA/063(2026-27),Water and Power Development Authority (WAPDA),Lahore - Pakistan,Published,"Sep 03, 2026","Sep 25, 2026",10:30 AM,https://epms.ppra.gov.pk/public/tenders/tender-details/TS0000012813E,Other,2026-09-25,2026-10-05T06:27:10.880745
2155,TS0000012836E,TENDER NOTICE PROVISION OF 09 NOS. TENSILE FABRIC SHEDS AND HARD STANDING FOR ASF QUICK RESPONSE FORCE (QRF) VEHICLES AT IIAP ISLAMABAD,TENDER NOTICE PROVISION OF 09 NOS. TENSILE FABRIC SHEDS AND HARD STANDING FOR ASF QUICK RESPONSE FORCE (QRF) VEHICLES AT IIAP  ISLAMABAD TENDER NOTICE PROVISION OF 09 NOS. TENSILE FABRIC...,Civil Works,12518,Pakistan Airports Authority (PAA),Karachi - Pakistan,Published,"Sep 03, 2026","Sep 25, 2026",11:00 AM,https://epms.ppra.gov.pk/public/tenders/tender-details/TS0000012836E,Construction/Works,2026-09-25,2026-10-05T06:27:10.880745
2156,TS0000012838E,SSGC/LP/EPADS2/PT/2181281 (Tyre/Tube/Flapper),"SSGC/LP/EPADS2/PT/2181281 (Tyre/Tube/Flapper) Tyre Tubeless with Nozzle, Size 245/70 R 16,...",Miscellaneous,SSGC/LP/EPADS2/PT/2181281,Ministry of Energy (Petroleum Division),Karachi - Pakistan,Published,"Sep 03, 2026","Sep 25, 2026",09:30 AM,https://epms.ppra.gov.pk/public/tenders/tender-details/TS0000012838E,Other,2026-09-25,2026-10-05T06:27:10.880745
2157,TS0000012687E,"TE No.3521-2-3,4&5-56-FP-Capt-Pur-AA, dated 29-08-2026",Invitation to Bid High Temperature Annealing Furnace with Pickling...,Mechanical/Machinery,"TE No.3521-2-3,4&5-56-FP-Capt-Pur-AA, dated 29-08-2026",Ministry of Defence,Wah Cantt - Pakistan,Published,"Sep 02, 2026","Oct 13, 2026",11:00 AM,https://epms.ppra.gov.pk/public/tenders/tender-details/TS0000012687E,Other,2026-10-13,2026-10-05T06:27:10.880745
2158,TS0000012766E,INTERNATIONAL TENDER FOR PROCUREMENT OF ALUMINUM ANODES FOR SHIP HULL & ZINC ANODES FOR BALLAST WATER TANK FOR PNSC VESSEL CHITRAL,"for details please visit : https://pnsc.com.pk/tenders Pakistan National Shipping Corporation (PNSC),...",Miscellaneous,PRCD/CHITRAL/ZINC-ANODES/2026/003,Pakistan National Shipping Corporation (PNSC),Karachi - Pakistan,Published,"Sep 02, 2026","Oct 09, 2026",11:00 AM,https://epms.ppra.gov.pk/public/tenders/tender-details/TS0000012766E,Defence/Military,2026-10-09,2026-10-05T06:27:10.880745
2159,TS0000012761E,"SUPPLY, INSTALLATION, COMMISSIONING & TESTING OF ADDRESSABLE FIRE DETECTION & ALARM SYSTEM (AFDAS)",T-4214-FA(REQ-0826-1-00138),Services,"T-4214-FA(REQ-0826-1-00138) SUPPLY, INSTALLATION, COMMISSIONING & TESTING OF ADDRESSABLE FIRE DETECTION & ALARM SYSTEM (AFDAS)",Pakistan Security Printing Corporaion (PSPC),Islamabad - Pakistan,Published,"Sep 02, 2026","Oct 02, 2026",11:00 AM,https://epms.ppra.gov.pk/public/tenders/tender-details/TS0000012761E,IT/Technology,2026-10-02,2026-10-05T06:27:10.880745
2160,TS0000012764E,1) Engineering Support Services for Bonded Storage Development Scheme 2) Services required for Manufacturing of Polythene Bags Using Recycled Polythene Waste,1) Engineering Support Services for Bonded Storage Development Scheme 2) Services required for Manufacturing of Polythene Bags Using Recycled Polythene Waste 1) Engineering Support Services for Bonded...,Services,1) IC-19960-AA 2) LM-19966-AA,Pakistan State Oil (PSO),Karachi - Pakistan,Published,"Sep 02, 2026","Oct 02, 2026",02:15 PM,https://epms.ppra.gov.pk/public/tenders/tender-details/TS0000012764E,Services,2026-10-02,2026-10-05T06:27:10.880745
2161,TS0000012681E,Purchase of Books / Mags,"Purchase of Books , Magazine and Journals",Books/Journals/Manuals(Technical/Literature),1,Ministry of Defence,Rawalpindi - Pakistan,Published,"Sep 02, 2026","Sep 30, 2026",11:27 AM,https://epms.ppra.gov.pk/public/tenders/tender-details/TS0000012681E,Goods/Supplies,2026-09-30,2026-10-05T06:27:10.880745
2162,TS0000012745E,Procurement of MT spares,Procurement of MT spares,Vehicles,IT No. 06,Pakistan Army,Quetta - Pakistan,Published,"Sep 02, 2026","Sep 29, 2026",11:00 AM,https://epms.ppra.gov.pk/public/tenders/tender-details/TS0000012745E,Goods/Supplies,2026-09-29,2026-10-05T06:27:10.880745
2163,TS0000012714E,PRE - QUALIFICATION OF FIRMS / SUB - CONTRACTORS,PRE - QUALIFICATION OF FIRMS / SUB - CONTRACTORS,Miscellaneous,KSEW/313/OS/2026,Karachi Shipyard and Engineering Works Ltd,Karachi - Pakistan,Published,"Sep 02, 2026","Sep 26, 2026",11:00 AM,https://epms.ppra.gov.pk/public/tenders/tender-details/TS0000012714E,Services,2026-09-26,2026-10-05T06:27:10.880745
2164,TS0000012700E,Tender for Repair/ Maintenance of Miscelleneous Items,Tender for Repair/ Maintenance of Miscelleneous Items Tender for Repair/ Maintenance of Transportation...,Miscellaneous,119/IT/Kci,Ministry of Interior and Narcotics Control,Rawalpindi - Pakistan,Published,"Sep 02, 2026","Sep 25, 2026",11:00 AM,https://epms.ppra.gov.pk/public/tenders/tender-details/TS0000012700E,Services,2026-09-25,2026-10-05T06:27:10.880745
2165,TS0000012603E,Publication of Tender GE (Army)-II Okara Cantt,01/2026-2027 Publication of Tender GE (Army)-II Okara Cantt,Civil Works,01/2026-27,Ministry of Defence,Okara - Pakistan,Published,"Sep 01, 2026","Jun 03, 2027",11:30 AM,https://epms.ppra.gov.pk/public/tenders/tender-details/TS0000012603E,Construction/Works,2027-06-03,2026-10-05T06:27:10.880745
2166,TS0000012654E,Procurement of MT Spare Parts,HQ Chiltan RIfles procurement of MT spare parts HQ Chiltan RIfles procurement of MT spare parts,Mechanical/Machinery,13,Frontier Constabulary,Quetta - Pakistan,Published,"Sep 01, 2026","Dec 09, 2026",11:30 AM,https://epms.ppra.gov.pk/public/tenders/tender-details/TS0000012654E,Goods/Supplies,2026-12-09,2026-10-05T06:27:10.880745
2167,TS0000011244E,D.E locomotives spares,Corrigendum TENDER ARE INVITED FOR MISC ITEMS Department:...,Civil Works,19/Spl-36/1-2026,Pakistan Railways,Lahore - Pakistan,PublishedCorrigendum,"Sep 01, 2026","Oct 13, 2026",10:30 AM,https://epms.ppra.gov.pk/public/tenders/tender-details/TS0000011244E,Construction/Works,2026-10-13,2026-10-05T06:27:10.880745
2168,TS0000012570E,"0001-FP-CRB-56 & 0001-FP-CRB-57, Dated:17-08-2026",Invitation to Bid Industrial Chemicals (P-35 and M-20/30 Ready to...,Chemical Items,"0001-FP-CRB-56 & 0001-FP-CRB-57, Dated:17-08-2026",Ministry of Defence,Wah Cantt - Pakistan,Published,"Sep 01, 2026","Oct 13, 2026",11:30 AM,https://epms.ppra.gov.pk/public/tenders/tender-details/TS0000012570E,Other,2026-10-13,2026-10-05T06:27:10.880745
2169,TS0000012588E,Scanguard Light Weight Composite Armoured Sheet Scanguard RA/C240/18/ Standalone Soloution,Scanguard Light Weight Composite Armoured Sheet...,Miscellaneous,DPNA 1849/Paris,Directorate of Procurement (Navy),Islamabad - Pakistan,Published,"Sep 01, 2026","Oct 05, 2026",10:30 AM,https://epms.ppra.gov.pk/public/tenders/tender-details/TS0000012588E,Other,2026-10-05,2026-10-05T06:27:10.880745
2170,TS0000011172E,D.E Locomotives spares,Corrigendum TENDER ARE INVITED FOR MISC ITEMS Department:...,Civil Works,19/spl-36/I-2026,Pakistan Railways,Lahore - Pakistan,PublishedCorrigendum,"Sep 01, 2026","Oct 05, 2026",10:30 AM,https://epms.ppra.gov.pk/public/tenders/tender-details/TS0000011172E,Construction/Works,2026-10-05,2026-10-05T06:27:10.880745
2171,TS0000012672E,INVITATION TO TENDER/ misc,,Miscellaneous,DSN/10933,Ministry of Defence Production (DGDP),London - Pakistan,Published,"Sep 01, 2026","Oct 02, 2026",11:30 AM,https://epms.ppra.gov.pk/public/tenders/tender-details/TS0000012672E,Other,2026-10-02,2026-10-05T06:27:10.880745
2172,TS0000012671E,INVITATION TO TENDER/ paint,PAINT,Miscellaneous,DSN/10932,Ministry of Defence Production (DGDP),London - Pakistan,Published,"Sep 01, 2026","Oct 01, 2026",11:30 AM,https://epms.ppra.gov.pk/public/tenders/tender-details/TS0000012671E,Other,2026-10-01,2026-10-05T06:27:10.880745
2173,TS0000012478E,"PROCUREMENT OF RAW MATERIAL, TOOLING & BROACHING NEEDLES","PROCUREMENT OF RAW MATERIAL, TOOLING & BROACHING NEEDLES PROCUREMENT OF RAW MATERIAL, TOOLING &...",Miscellaneous,"0027,0036,0040,0042-LP-W-57",Ministry of Defence Production,Wah Cantt - Pakistan,Published,"Aug 31, 2026","Oct 07, 2026",10:30 AM,https://epms.ppra.gov.pk/public/tenders/tender-details/TS0000012478E,Goods/Supplies,2026-10-07,2026-10-05T06:27:10.880745
2174,TS0000012503E,CTGS 25MM x 137 HEI-T,CTGS 25MM x 137 HEI-T,Ammunition,2690360/B2608/360040/P-36,Directorate of Procurement (Navy),Islamabad - Pakistan,Published,"Aug 31, 2026","Oct 06, 2026",10:30 AM,https://epms.ppra.gov.pk/public/tenders/tender-details/TS0000012503E,Defence/Military,2026-10-06,2026-10-05T06:27:10.880745
2175,TS0000012496E,Directorate of Procurement (Air),Tender No 1510 Published in Daily Dunya and Daily...,Miscellaneous,1510,Ministry of Defence Production,Rawalpindi - Pakistan,Published,"Aug 31, 2026","Sep 29, 2026",11:00 AM,https://epms.ppra.gov.pk/public/tenders/tender-details/TS0000012496E,Goods/Supplies,2026-09-29,2026-10-05T06:27:10.880745
2176,TS0000012511E,"Maintenance and repair of oxygen copper utility service lines at repair station, repair of HPU hose carriage and HPU protection container SLTS","Maintenance and repair of oxygen copper utility service lines at repair station, repair of HPU hose carriage and HPU protection container SLTS",Miscellaneous,Tender No: SRD/2026/144,Karachi Shipyard and Engineering Works Ltd,Karachi - Pakistan,Published,"Aug 31, 2026","Sep 28, 2026",11:00 AM,https://epms.ppra.gov.pk/public/tenders/tender-details/TS0000012511E,Services,2026-09-28,2026-10-05T06:27:10.880745
2177,TS0000012445E,Janitorial Services and Support Staff,Tender No: NADRA-RHO KHI/ 2026-27/02,Services,P104131,Ministry of Interior and Narcotics Control,Karachi - Pakistan,Published,"Aug 29, 2026","Sep 25, 2026",10:00 AM,https://epms.ppra.gov.pk/public/tenders/tender-details/TS0000012445E,Services,2026-09-25,2026-10-05T06:27:10.880745
2178,TS0000012361E,Anti Cancer and General Medicine along-with Medical Consumable Items,Anti Cancer and General Medicine along-with...,Health/Medicines,01-2026,Pakistan Atomic Energy Commission (PAEC),Peshawar - Pakistan,Published,"Aug 28, 2026","Sep 29, 2026",11:30 AM,https://epms.ppra.gov.pk/public/tenders/tender-details/TS0000012361E,Medical/Health,2026-09-29,2026-10-05T06:27:10.880745
2179,TS0000012275E,"PREQUALIFICATION AND REQUEST FOR PROPOSAL (RFP) FOR DEVELOPERS FOR ESTABLISHMENT, OPERATION AND MANAGEMENT SEA-TO-STEEL (S2S) AT IRON ORE & COAL (IOCB) PORT QASIM",,Miscellaneous,"PREQUALIFICATION AND REQUEST FOR PROPOSAL (RFP) FOR DEVELOPERS FOR ESTABLISHMENT, OPERATION AND MANAGEMENT SEA-TO-STEEL (S2S) AT IRON ORE & COAL (IOCB) PORT QASIM",Ministry of Maritime Affairs,Karachi - Pakistan,Published,"Aug 27, 2026","Nov 09, 2026",12:00 PM,https://epms.ppra.gov.pk/public/tenders/tender-details/TS0000012275E,Services,2026-11-09,2026-10-05T06:27:10.880745
2180,TS0000012298E,PROCUREMENT OF MACHINE / PLANTS SPARES (MECHANICAL) QTY 8 x ITEMS,SUPPLY OF MACHINE / PLANTS SPARES (MECHANICAL) QTY 8 x ITEMS PROCUREMENT OF MACHINE / PLANTS SPARES...,Miscellaneous,T.E NO. 0004-FP-TA-56 DATED 24-08-2026,Pakistan Ordnance Factories (POF),Wah Cantt - Pakistan,Published,"Aug 27, 2026","Oct 05, 2026",10:30 AM,https://epms.ppra.gov.pk/public/tenders/tender-details/TS0000012298E,Goods/Supplies,2026-10-05,2026-10-05T06:27:10.880745
2181,TS0000012265E,WAPDA TARBELA 4TH EXT. PRD NO.055,"TARBELA 4TH EXT. HPS PROCUREMENT OF INSTALLATION, COMMISSIONING...",Miscellaneous,PRD(L)/WAPDA/055(2026-27),Water and Power Development Authority (WAPDA),Lahore - Pakistan,Published,"Aug 27, 2026","Sep 29, 2026",11:00 AM,https://epms.ppra.gov.pk/public/tenders/tender-details/TS0000012265E,Other,2026-09-29,2026-10-05T06:27:10.880745
2182,TS0000012310E,Tender for Repair & Maintenance buildings of Post Offices2026-27,,Civil Works,Bldg/Tender /2026-27,Ministry of Communications,Hyderabad - Pakistan,Published,"Aug 27, 2026","Sep 25, 2026",11:00 AM,https://epms.ppra.gov.pk/public/tenders/tender-details/TS0000012310E,Construction/Works,2026-09-25,2026-10-05T06:27:10.880745
2183,TS0000012217E,Procurement of Heavy Duty Filter Production Equipment,5001/IT-5201/2026-27/FOB/SPF/SCM dated 21 August 2026 Procurement of Heavy Duty Filter Production...,Equipments,5001/IT-5201/2026-27/FOB/SPF/SCM dated 21 August 2026,Ministry of Defence Production,Taxila - Pakistan,Published,"Aug 25, 2026","Oct 01, 2026",10:30 AM,https://epms.ppra.gov.pk/public/tenders/tender-details/TS0000012217E,Goods/Supplies,2026-10-01,2026-10-05T06:27:10.880745
2184,TS0000012206E,WAPDA TARBELA 4TH EXT. PRD NO.054,TARBELA 4TH EXT. HPS PROCUREMENT OF 15 KW MONARCH CONTROL PANEL AND...,Miscellaneous,PRD(L)/WAPDA/054(2026-27),Water and Power Development Authority (WAPDA),Lahore - Pakistan,Published,"Aug 25, 2026","Sep 30, 2026",11:00 AM,https://epms.ppra.gov.pk/public/tenders/tender-details/TS0000012206E,Other,2026-09-30,2026-10-05T06:27:10.880745
2185,TS0000012209E,Proc of Grinding Polishing Media & Abrasives and standard machine accessories,Proc of Grinding Polishing Media & Abrasives and standard machine accessories Proc of Grinding Polishing Media & Abrasives...,Miscellaneous,0016-FP-57-Pur-MGFY,Ministry of Defence Production,Wah Cantt - Pakistan,Published,"Aug 25, 2026","Sep 30, 2026",10:30 AM,https://epms.ppra.gov.pk/public/tenders/tender-details/TS0000012209E,Other,2026-09-30,2026-10-05T06:27:10.880745
2186,TS0000002840E,WAPDA ATTABAD LAKE,ATTABAD LAKE PROJECT ELECTRO-MECHANICAL WORKS ATTABAD LAKE,Miscellaneous,PRD(L)/WAPDA/304(2025-26),Water and Power Development Authority (WAPDA),Lahore - Pakistan,PublishedCorrigendum,"Aug 20, 2026","Oct 20, 2026",11:00 AM,https://epms.ppra.gov.pk/public/tenders/tender-details/TS0000002840E,Other,2026-10-20,2026-10-05T06:27:10.880745
2187,TS0000011666E,Consultancy Services for Feasibility Study & Detailed Design for Mansehra – Naran – Jalkhad – Chilas (MNJC) Expressway (Approximate Length 200 km.),Consultancy Services for Feasibility Study & Detailed Design for Mansehra – Naran – Jalkhad – Chilas (MNJC) Expressway  (Approximate Length 200 km.),Services,6687,Ministry of Communications,Islamabad - Pakistan,Published,"Aug 18, 2026","Sep 30, 2026",11:30 AM,https://epms.ppra.gov.pk/public/tenders/tender-details/TS0000011666E,Services,2026-09-30,2026-10-05T06:27:10.880745
2188,TS0000011463E,Pre Qualification of Firms/Contractors/Suppliers/Service provider in the following categories through open Framework Agreement for the PMDC Salt Mines Jata B.Khel,Pre Qualification of Firms/Contractors/Suppliers/Service provider in the following categories through open Framework Agreement for the PMDC Salt Mines Jata B.Khel Pre Qualification of...,Miscellaneous,Ref no.PMDC/Pro/PQ/JBK,Pakistan Mineral Development Corporation (PMDC),Islamabad - Pakistan,Published,"Aug 13, 2026","Oct 07, 2026",11:00 AM,https://epms.ppra.gov.pk/public/tenders/tender-details/TS0000011463E,Services,2026-10-07,2026-10-05T06:27:10.880745
2189,TS0000009243E,"Procurement Plan for Financial Year 2026-27 in respect of Project Management Unit IESCO, Islamabad",Procurement Plan for Financial Year 2026-27 in...,Civil Goods,Procurement Plan for Financial Year 2026-27,Islamabad Electric Supply Company (IESCO),Islamabad - Pakistan,Published,"Jul 09, 2026","Jun 30, 2027",11:00 PM,https://epms.ppra.gov.pk/public/tenders/tender-details/TS0000009243E,Goods/Supplies,2027-06-30,2026-10-05T06:27:10.880745
2190,TS0000004723E,Solid Waste Management Services,,Services,WC/5252/1970,Ministry of Defence,Lahore - Pakistan,Published,"Apr 21, 2026","Nov 05, 2026",01:30 PM,https://epms.ppra.gov.pk/public/tenders/tender-details/TS0000004723E,Services,2026-11-05,2026-10-05T06:27:10.880745
2191,TS0000015282E,"Auction of unservicable / obselete stores, scrap, spare of vehicle, PM & vehicles","Auction will be held at CMT & SD Golra Road Rawlpindi (20 to 22 October 2026) Auction of unservicable / obselete stores, scrap,...",Miscellaneous,"Auction of unservicable / obselete stores, scrap, spare of vehicle, PM & vehicles",Ministry of Defence,Rawalpindi - Pakistan,Cancelledduplicate,"Oct 04, 2026","Oct 19, 2026",08:30 AM,https://epms.ppra.gov.pk/public/tenders/tender-details/TS0000015282E,Goods/Supplies,2026-10-19,2026-10-05T06:27:10.880745
2192,TS0000015192E,"Tender for Security Guards Services at State Life Buildings # 02, 03 Hyderabad, Mirpurkhas, Sukkur, Larkana & Plot at Benazirabad (Nawabshah","Tender for Security Guards Services at State Life Buildings # 02, 03 Hyderabad, Mirpurkhas, Sukkur, Larkana & Plot at Benazirabad (Nawabshah Tender for Security Guards Services at State Life...",Services,RE-HYD/SECURITY SERVICES/04/2026,State Life Insurance Corporation of Pakistan,Hyderabad - Pakistan,CancelledTHE DATE WAS ENTERED...,"Oct 02, 2026","Oct 17, 2026",11:00 AM,https://epms.ppra.gov.pk/public/tenders/tender-details/TS0000015192E,Construction/Works,2026-10-17,2026-10-05T06:27:10.880745
2193,TS0000015247E,"Printing of Papers and Allied material for PCP Press, Islamabad",,Printing,PCP.1-29/2026-P&D,Cabinet Division,Islamabad - Pakistan,Cancelleddue to some error in...,"Oct 02, 2026","Oct 17, 2026",02:00 PM,https://epms.ppra.gov.pk/public/tenders/tender-details/TS0000015247E,Goods/Supplies,2026-10-17,2026-10-05T06:27:10.880745
2194,TS0000015090E,Utilization of Training Grants,Provision of Stationary and store from Fixed...,Miscellaneous,TS0000015090E,Frontier Force Regimental Centre,Abbottabad - Pakistan,CancelledSubject has not been...,"Oct 01, 2026","Oct 16, 2026",12:00 AM,https://epms.ppra.gov.pk/public/tenders/tender-details/TS0000015090E,Other,2026-10-16,2026-10-05T06:27:10.880745
2195,TS0000014854E,"Providing and Fixing"" Extablishment of Alumni Wall of Frame at Attock Campus","Providing and Fixing"" Extablishment of Alumni Wall of Frame at Attock Campus Providing and Fixing"" Extablishment of Alumni...",Civil Goods,P136077,COMSATS University Islamabad,Attock - Pakistan,CancelledStatus failed,"Sep 30, 2026","Oct 15, 2026",02:00 PM,https://epms.ppra.gov.pk/public/tenders/tender-details/TS0000014854E,Construction/Works,2026-10-15,2026-10-05T06:27:10.880745
2196,TS0000014881E,AVIATION SPARES DEPOT (EME) IT-5,IT-5,Miscellaneous,AVIATION SPARES DEPOT (EME) IT-5,Ministry of Defence,multan - Pakistan,Cancelledas,"Sep 29, 2026","Oct 14, 2026",11:30 AM,https://epms.ppra.gov.pk/public/tenders/tender-details/TS0000014881E,Goods/Supplies,2026-10-14,2026-10-05T06:27:10.880745
2197,TS0000014896E,National and International Courier Services at NICL (NICL/Procurement/2026/40)(For One Year),National and International Courier Services at NICL (NICL/Procurement/2026/40)(For One Year) National and International Courier Services at...,Miscellaneous,National and International Courier Services at NICL (NICL/Procurement/2026/40)(For One Year),National Insurance Company Limited (NICL),Karachi - Pakistan,CancelledChange in requiremen...,"Sep 29, 2026","Oct 14, 2026",11:00 AM,https://epms.ppra.gov.pk/public/tenders/tender-details/TS0000014896E,Services,2026-10-14,2026-10-05T06:27:10.880745
2198,TS0000014729E,"Repair of Machinery, Furniture, Hardware and IT Equipment",,Repair/Maintenance,Genl-7(27)/2026/27 Repair,Ministry of Energy (Petroleum Division),Islamabad - Pakistan,CancelledEstimated Cost is mi...,"Sep 26, 2026","Oct 16, 2026",11:00 AM,https://epms.ppra.gov.pk/public/tenders/tender-details/TS0000014729E,IT/Technology,2026-10-16,2026-10-05T06:27:10.880745
2199,TS0000014724E,"Award of Tender for Purchase of Stationary, Computer Stationery, Misc Items for FY 2026-27","Award of Annual Tender for Supply/Purchase of Stationary, Computer Stationary, Misc Items for FY 2026-27",Stationery,Genl-7(27)/2026/27 Purchase,Ministry of Energy (Petroleum Division),Islamabad - Pakistan,CancelledI have to edit the i...,"Sep 26, 2026","Oct 15, 2026",11:00 AM,https://epms.ppra.gov.pk/public/tenders/tender-details/TS0000014724E,IT/Technology,2026-10-15,2026-10-05T06:27:10.880745
2200,TS0000014745E,Execution of Civil Works,"TC (Except Decoration) B&R, Internal / External Electric, Water Supply, Sui Gas and Pump Motors incl Filter Plants This tender is for the execution of civil works...",Civil Works,6000-PPRA/01/E-6,Military Engineering Services (Army),Hyderabad - Pakistan,CancelledDue to typographical...,"Sep 26, 2026","Oct 11, 2026",11:30 AM,https://epms.ppra.gov.pk/public/tenders/tender-details/TS0000014745E,Construction/Works,2026-10-11,2026-10-05T06:27:10.880745
2201,TS0000014679E,"Establishment of the Multipurpose Cargo Terminal on Build, Operate and Transfer (BOT) Basis",In continuation of PQA advertisement...,Miscellaneous,TS000001194E dated 21.08.2026,Ministry of Maritime Affairs,Karachi - Pakistan,CancelledCancelled due to rep...,"Sep 25, 2026","Oct 29, 2026",12:00 PM,https://epms.ppra.gov.pk/public/tenders/tender-details/TS0000014679E,Other,2026-10-29,2026-10-05T06:27:10.880745
2202,TS0000014681E,"Establishment of the Multipurpose Cargo Terminal on Build, Operate and Transfer (BOT) Basis",In continuation of PQA advertisement...,Miscellaneous,TS000001194E dated 21.08.2026,Ministry of Maritime Affairs,Karachi - Pakistan,CancelledCancelled due to rep...,"Sep 25, 2026","Oct 29, 2026",12:00 PM,https://epms.ppra.gov.pk/public/tenders/tender-details/TS0000014681E,Other,2026-10-29,2026-10-05T06:27:10.880745
2203,TS0000014677E,"Framework Agreement for Light Refreshment, Drinking Water etc","Framework Agreement for Light Refreshment, Drinking Water etc",Miscellaneous,FFW9754,Ministry of Religious Affairs & Interfaith Harmony,Islamabad - Pakistan,CancelledSome Errors,"Sep 25, 2026","Oct 12, 2026",11:00 AM,https://epms.ppra.gov.pk/public/tenders/tender-details/TS0000014677E,Other,2026-10-12,2026-10-05T06:27:10.880745
2204,TS0000013052E,SSGC/LP/EPADS2/PT/2181293 (Office Furniture),"SSGC/LP/EPADS2/PT/2181293 (Office Furniture) Different Types of Standardized Office Furniture,...",Furniture/Fixture,SSGC/LP/EPADS2/PT/2181293,Ministry of Energy (Petroleum Division),Karachi - Pakistan,CancelledTender has been canc...Corrigendum,"Sep 24, 2026","Oct 15, 2026",03:30 PM,https://epms.ppra.gov.pk/public/tenders/tender-details/TS0000013052E,Other,2026-10-15,2026-10-05T06:27:10.880745
2205,TS0000014028E,Procurement of Ordnance and Miscellaneous Store for FY 2026-27,Procurement of Ordnance and Miscellaneous store items as per requirement and specifications of the procuring agency Procurement and supply of Ord/ Misc stores for FY...,Miscellaneous,01/Normal/LP/CPEC/01,Ministry of Defence,Wah Cantt - Pakistan,Cancelleddocus att not to be ...,"Sep 24, 2026","Oct 09, 2026",11:30 AM,https://epms.ppra.gov.pk/public/tenders/tender-details/TS0000014028E,Goods/Supplies,2026-10-09,2026-10-05T06:27:10.880745
2206,TS0000012856E,CIvil Works,Civil Works 1. Annual repair Work of PO building at Pindi...,Civil Works,P84298,Ministry of Communications,Rawalpindi - Pakistan,CancelledBOQs not completedCorrigendum,"Sep 23, 2026","Oct 07, 2026",11:00 AM,https://epms.ppra.gov.pk/public/tenders/tender-details/TS0000012856E,Construction/Works,2026-10-07,2026-10-05T06:27:10.880745
2207,TS0000012834E,SSGC/LP/EPADS2/PT/2181276 (Heavy Vehicle),"SSGC/LP/EPADS2/PT/2181276 (Heavy Vehicle) Crane Mounted Truck, 4x4, Diesel Engine Driven,...",Miscellaneous,SSGC/LP/EPADS2/PT/2181276,Ministry of Energy (Petroleum Division),Karachi - Pakistan,CancelledTender has been canc...Corrigendum,"Sep 21, 2026","Oct 15, 2026",12:00 PM,https://epms.ppra.gov.pk/public/tenders/tender-details/TS0000012834E,Other,2026-10-15,2026-10-05T06:27:10.880745
2208,TS0000014313E,Repair/Maint Works of FG School & College at Kharian,,Civil Goods,6000-Adv/70/E-6,Military Engineering Services (Army),Kharian Cantt - Pakistan,CancelledWrongly,"Sep 21, 2026","Oct 06, 2026",11:30 PM,https://epms.ppra.gov.pk/public/tenders/tender-details/TS0000014313E,Other,2026-10-06,2026-10-05T06:27:10.880745
2209,TS0000014032E,SSGC/LP/EPADS2/PT/2186304 (Batteries),"SSGC/LP/EPADS2/PT/2186304 (Batteries) ♦UPS Battery Bank, 12 Volt, (6 Cells per Unit),...",Miscellaneous,SSGC/LP/EPADS2/PT/2186304,Ministry of Energy (Petroleum Division),Karachi - Pakistan,CancelledTender has been canc...,"Sep 18, 2026","Oct 08, 2026",12:00 PM,https://epms.ppra.gov.pk/public/tenders/tender-details/TS0000014032E,Other,2026-10-08,2026-10-05T06:27:10.880745
2210,TS0000014043E,SSGC/LP/EPADS2/PT/2186300 (Air Circuit Breaker),"SSGC/LP/EPADS2/PT/2186300 (Air Circuit Breaker) Air Circuit Breaker 1250A, 500-1250 A, 4-Pole...",Miscellaneous,SSGC/LP/EPADS2/PT/2186300,Ministry of Energy (Petroleum Division),Karachi - Pakistan,CancelledTender has been canc...,"Sep 18, 2026","Oct 08, 2026",10:00 AM,https://epms.ppra.gov.pk/public/tenders/tender-details/TS0000014043E,Other,2026-10-08,2026-10-05T06:27:10.880745
2211,TS0000014072E,SSGC/LP/EPADS2/PT/2186301 (Variable Frequency Drive),"SSGC/LP/EPADS2/PT/2186301 (Variable Frequency Drive) Variable Frequency Drive (HVAC Drive)), Capacity...",Miscellaneous,SSGC/LP/EPADS2/PT/2186301,Ministry of Energy (Petroleum Division),Karachi - Pakistan,CancelledTender has been canc...Corrigendum,"Sep 18, 2026","Oct 08, 2026",11:00 AM,https://epms.ppra.gov.pk/public/tenders/tender-details/TS0000014072E,Other,2026-10-08,2026-10-05T06:27:10.880745
2212,TS0000014034E,ENT SURGICAL INSTRUMENT SETS,PIMS,Equipments,06/2026-2027/PIMS,Pakistan Institute of Medical Sciences,Islamabad - Pakistan,CancelledThe subject tender w...Corrigendum,"Sep 18, 2026","Oct 03, 2026",11:00 AM,https://epms.ppra.gov.pk/public/tenders/tender-details/TS0000014034E,Goods/Supplies,2026-10-03,2026-10-05T06:27:10.880745
2213,TS0000014114E,Invitation,,Civil Works,TS0000002500E,Ministry of Defence,Multan - Pakistan,Cancelleddocuments uncomplete...,"Sep 18, 2026","Oct 03, 2026",12:30 PM,https://epms.ppra.gov.pk/public/tenders/tender-details/TS0000014114E,Construction/Works,2026-10-03,2026-10-05T06:27:10.880745
2214,TS0000014017E,"Procurement, Supply, Installation, Testing & Commissioning of Asset Performance Management System (APMS) as per PPMC specification No. DS-01:2026 on Turnkey basis","Invitation for E-Bid Procurement, Supply, Installation, Testing &...",Electrical Items,"TENDER NO. NCB-S-APMS-01/2026-27 (Lot-I, II & III)",Ministry of Energy (Power Division),Sukkur - Pakistan,CancelledTender Document chan...,"Sep 17, 2026","Oct 22, 2026",11:00 AM,https://epms.ppra.gov.pk/public/tenders/tender-details/TS0000014017E,IT/Technology,2026-10-22,2026-10-05T06:27:10.880745
2215,TS0000014019E,SSGC/LP/EPADS2/PT/2186303 (FUEL AND LUBRICANTS),SSGC/LP/EPADS2/PT/2186303 (FUEL AND LUBRICANTS) Different Types of Oil / Lubricants / Grease /...,Miscellaneous,SSGC/LP/EPADS2/PT/2186303,Ministry of Energy (Petroleum Division),Karachi - Pakistan,CancelledTender has been canc...Corrigendum,"Sep 17, 2026","Oct 08, 2026",11:30 AM,https://epms.ppra.gov.pk/public/tenders/tender-details/TS0000014019E,Energy/Utilities,2026-10-08,2026-10-05T06:27:10.880745
2216,TS0000011213E,Portable Air Compressors,"FOB/C&F/FOR(Only for Local Manufacturers as per SRO 827(1)/2001) Portable Air Compressor, Qty= 44 Nos. (As per...",Miscellaneous,SSGC/FP/PT/14415,Ministry of Energy (Petroleum Division),Karachi - Pakistan,CancelledTender has been Canc...Corrigendum,"Sep 16, 2026","Oct 13, 2026",10:30 AM,https://epms.ppra.gov.pk/public/tenders/tender-details/TS0000011213E,Other,2026-10-13,2026-10-05T06:27:10.880745
2217,TS0000012599E,"Construction of 12""dia 02 Nos. High Pressure Natural Gas Pipelines through HDD mode for crossing of CRBC Canal District DI Khan and Ghambhila Nullah District Lakki",Khyber Pakhtunkhwa Hiring of Contractors for Construction of...,Services,SNGPL/NP&D/HDD/TL/01/26-01,Sui Northern Gas Pipelines Limited (SNGPL),Lahore - Pakistan,CancelledDue to some technica...Corrigendum,"Sep 16, 2026","Oct 06, 2026",02:00 PM,https://epms.ppra.gov.pk/public/tenders/tender-details/TS0000012599E,Construction/Works,2026-10-06,2026-10-05T06:27:10.880745
2218,TS0000010820E,"Design, Supply, Installation & Commissioning of Electric Motor Driven Fire Pump","FOB/C&F/FOR basis Design, Supply, Installation & Commissioning...",Miscellaneous,SSGC/FP/PT/14404,Ministry of Energy (Petroleum Division),Karachi - Pakistan,CancelledTender has been Canc...Corrigendum,"Sep 16, 2026","Oct 06, 2026",10:00 AM,https://epms.ppra.gov.pk/public/tenders/tender-details/TS0000010820E,Energy/Utilities,2026-10-06,2026-10-05T06:27:10.880745
2219,TS0000011770E,DCVG Survey Machine,FOB/C&F/FOR basis DCVG Survey Machine with complete accessories....,Miscellaneous,SSGC/FP/PT/14427,Ministry of Energy (Petroleum Division),Karachi - Pakistan,CancelledTender has been Canc...Corrigendum,"Sep 16, 2026","Oct 06, 2026",03:00 PM,https://epms.ppra.gov.pk/public/tenders/tender-details/TS0000011770E,Other,2026-10-06,2026-10-05T06:27:10.880745
2220,TS0000013611E,Procurement of Furniture Items,,Furniture/Fixture,P98683,Ministry of Interior and Narcotics Control,Quetta - Pakistan,CancelledNo bidder participat...Corrigendum,"Sep 16, 2026","Sep 28, 2026",11:00 AM,https://epms.ppra.gov.pk/public/tenders/tender-details/TS0000013611E,Goods/Supplies,2026-09-28,2026-10-05T06:27:10.880745
2221,TS0000013726E,Repair and Maintinance,Prequalification Notice No. 1/2026-2027 1. Repair of Office Buildings 2. Repair of...,Repair/Maintenance,F.NO.PREQUALIFICATION NOTICE NO.01/2026-2027/2536,Federal Board of Revenue (FBR),Rawalpindi - Pakistan,CancelledDATA IS NOT AVAIABLE...,"Sep 15, 2026","Sep 30, 2026",10:30 AM,https://epms.ppra.gov.pk/public/tenders/tender-details/TS0000013726E,Services,2026-09-30,2026-10-05T06:27:10.880745
2222,TS0000011502E,SSGC/FP/NR/14432 - Butt Fusion Machine,FOB/C&F/FOR(Only for Local Manufacturers as per SRO 827(1)/2001) Butt Fusion Machine for But Fusion / Joints of PE...,Miscellaneous,SSGC/FP/NR/14432,Ministry of Energy (Petroleum Division),Karachi - Pakistan,CancelledTender has been Canc...Corrigendum,"Sep 14, 2026","Oct 02, 2026",03:00 PM,https://epms.ppra.gov.pk/public/tenders/tender-details/TS0000011502E,Other,2026-10-02,2026-10-05T06:27:10.880745
2223,TS0000013678E,SSGC/LP/EPADS2/NR/2186294 (Consumable Items for Workshop),SSGC/LP/EPADS2/NR/2186294 (Hardware/Electrical Material) Consumable Items for Workshop (As per Sample)...,Miscellaneous,SSGC/LP/EPADS2/NR/2186294,Ministry of Energy (Petroleum Division),Karachi - Pakistan,CancelledDue to Duplication o...,"Sep 14, 2026","Sep 29, 2026",12:00 PM,https://epms.ppra.gov.pk/public/tenders/tender-details/TS0000013678E,Other,2026-09-29,2026-10-05T06:27:10.880745
2224,TS0000013738E,Requisition for advertisement notice of tender,For advertisement Requisition for advertisement notice of tender,Repair/Maintenance,6000-PPRA/01/E-6 dated 14-09-2026,Ministry of Defence,Rawalpindi - Pakistan,CancelledWrong attachment,"Sep 14, 2026","Sep 29, 2026",11:30 AM,https://epms.ppra.gov.pk/public/tenders/tender-details/TS0000013738E,Services,2026-09-29,2026-10-05T06:27:10.880745
2225,TS0000013763E,"PROCUREMENT OF STATIONERY, JANITORIAL, GENERAL CONSUMABLES, PLUMBING, HARDWARE AND REFRESHMENT ITEMS THROUGH CLOSED FRAMEWORK AGREEMENT",,Consumable Items,8/2026-27,Ministry of Energy (Power Division),Islamabad - Pakistan,CancelledWrong Data Entered i...,"Sep 14, 2026","Sep 29, 2026",11:00 AM,https://epms.ppra.gov.pk/public/tenders/tender-details/TS0000013763E,Goods/Supplies,2026-09-29,2026-10-05T06:27:10.880745
2226,TS0000013497E,"MAJOR RENOVATION & REFURBISHMENT WORK OF LOWER GROUND FLOOR AT NBP MAIN BRANCH (0374), MULTAN, MULTAN REGION","MAJOR RENOVATION & REFURBISHMENT WORK OF LOWER GROUND FLOOR AT NBP MAIN BRANCH (0374), MULTAN, MULTAN REGION MAJOR RENOVATION & REFURBISHMENT WORK OF...",Civil Works,P90865,National Bank of Pakistan (NBP),Karachi - Pakistan,Cancelledwrong document uploa...,"Sep 11, 2026","Oct 05, 2026",11:00 AM,https://epms.ppra.gov.pk/public/tenders/tender-details/TS0000013497E,Construction/Works,2026-10-05,2026-10-05T06:27:10.880745
2227,TS0000013568E,"Providing Services of Dispatch Riders with Motorcycles ,Fuel & Needful Required Accessories at SSGC HO from Mon to Sat for Receipt, Delivery and Distribution of","Official Mail / Parcel Across all SSGC Offices-Karachi (As Per BOQ)(Under Single Stage One Envelope Bidding Procedure)(On Complete Package Basis). Providing Services of Dispatch Riders with Motorcycles ,Fuel & Needful Required Accessories at SSGC HO from Mon to Sat for Receipt, Delivery and Distribution of Official Mail / Parcel Across all SSGC Offices-Karachi (As Per BOQ)(Under Single Stage One Envelope Bidding Procedure)(On Complete Package Basis). Providing Services of Dispatch Riders with...",Services,SSGC/SC/NR/EPADS2/14445,Ministry of Energy (Petroleum Division),Karachi - Pakistan,CancelledSingle Bid Recived,"Sep 11, 2026","Sep 30, 2026",11:00 AM,https://epms.ppra.gov.pk/public/tenders/tender-details/TS0000013568E,Energy/Utilities,2026-09-30,2026-10-05T06:27:10.880745
2228,TS0000013586E,Procurement of Incoming & Outgoing Trolleys,Invitation for E-Bid Procurement of Incoming & Outgoing Trolleys,Electrical Items,(NCB-S-25/2026 Lot-I & II),Ministry of Energy (Power Division),Sukkur - Pakistan,CancelledDue to Mistake in Up...,"Sep 11, 2026","Sep 29, 2026",03:30 PM,https://epms.ppra.gov.pk/public/tenders/tender-details/TS0000013586E,Energy/Utilities,2026-09-29,2026-10-05T06:27:10.880745
2229,TS0000013577E,Repair/ Renov Works at Qta,,Civil Works,123456,Ministry of Defence,Quetta - Pakistan,Cancellednil,"Sep 11, 2026","Sep 26, 2026",11:30 AM,https://epms.ppra.gov.pk/public/tenders/tender-details/TS0000013577E,Construction/Works,2026-09-26,2026-10-05T06:27:10.880745
2230,TS0000013373E,SSGC/LP/EPADS2/NR/2186297 (Equipment),"SSGC/LP/EPADS2/NR/2186297 (Equipment) ♦PUMP DEWATERING, CENTRIFUGALTYPE, HEAVY DUTY,...",Miscellaneous,SSGC/LP/EPADS2/NR/2186297,Ministry of Energy (Petroleum Division),Karachi - Pakistan,CancelledTender has been canc...,"Sep 10, 2026","Sep 29, 2026",03:00 PM,https://epms.ppra.gov.pk/public/tenders/tender-details/TS0000013373E,Goods/Supplies,2026-09-29,2026-10-05T06:27:10.880745
2231,TS0000013385E,SSGC/LP/EPADS2/NR/2186292 (Water Pumps),"SSGC/LP/EPADS2/NR/2186292 (Water Pumps) SLUDGE SUBMERSIBLE PUMP, SIZE 2 ""DIA.,10...",Miscellaneous,SSGC/LP/EPADS2/NR/2186292,Ministry of Energy (Petroleum Division),Karachi - Pakistan,CancelledTender has been canc...,"Sep 10, 2026","Sep 29, 2026",09:30 AM,https://epms.ppra.gov.pk/public/tenders/tender-details/TS0000013385E,Other,2026-09-29,2026-10-05T06:27:10.880745
2232,TS0000013449E,Procurement of Power Cables 1000-MCM & 500-MCM S/Core,Invitation for E-Bid Procurement of Power Cables 1000-MCM &...,Electrical Items,NCB-S-21/2026,Ministry of Energy (Power Division),Sukkur - Pakistan,CancelledDue to mistake in PA...,"Sep 10, 2026","Sep 29, 2026",01:30 PM,https://epms.ppra.gov.pk/public/tenders/tender-details/TS0000013449E,Energy/Utilities,2026-09-29,2026-10-05T06:27:10.880745
2233,TS0000013346E,Procurement of System Protection Relays,Invitation for E-Bid Procurement of System Protection Relays,Electrical Items,"NCB-S-10/2026 (Lot-I, II, III & IV)",Ministry of Energy (Power Division),Sukkur - Pakistan,CancelledMistake occured on P...,"Sep 09, 2026","Sep 28, 2026",02:30 PM,https://epms.ppra.gov.pk/public/tenders/tender-details/TS0000013346E,IT/Technology,2026-09-28,2026-10-05T06:27:10.880745
2234,TS0000013057E,SSGC/LP/EPADS2/PT/2181285 (Domestic Appliances),SSGC/LP/EPADS2/PT/2181285 (Domestic Appliances) Domestic Appliances: (As Per Specification)...,Miscellaneous,SSGC/LP/EPADS2/PT/2181285,Ministry of Energy (Petroleum Division),Karachi - Pakistan,Cancelledenquiry has been can...,"Sep 07, 2026","Sep 25, 2026",11:00 AM,https://epms.ppra.gov.pk/public/tenders/tender-details/TS0000013057E,Other,2026-09-25,2026-10-05T06:27:10.880745
2235,TS0000012991E,TENDER FOR IBCC NATIONAL ECOSYSTEM,TENDER FOR IBCC NATIONAL ECOSYSTEM,Miscellaneous,IBCC/Admin-2026/07,Inter Boards Coordination Commission (IBCC),Islamabad - Pakistan,CancelledThe tender may subse...,"Sep 05, 2026","Oct 05, 2026",10:00 AM,https://epms.ppra.gov.pk/public/tenders/tender-details/TS0000012991E,IT/Technology,2026-10-05,2026-10-05T06:27:10.880745
2236,TS0000012880E,SSGC/LP/EPADS2/PT/2181277 (Cathodic Protection Equipment),SSGC/LP/EPADS2/PT/2181277 (Cathodic Protection Equipment) Cathodic Protection Equipment: (As per...,Miscellaneous,SSGC/LP/EPADS2/PT/2181277,Ministry of Energy (Petroleum Division),Karachi - Pakistan,CancelledTender has been canc...,"Sep 04, 2026","Sep 25, 2026",11:30 AM,https://epms.ppra.gov.pk/public/tenders/tender-details/TS0000012880E,Goods/Supplies,2026-09-25,2026-10-05T06:27:10.880745
2237,TS0000012964E,SSGC/LP/EPADS2/PT/2181282 (Air Handling Unit),"SSGC/LP/EPADS2/PT/2181282 (Air Handling Unit) ♦Supply, Installation, Testing, &...",Miscellaneous,SSGC/LP/EPADS2/PT/2181282,Ministry of Energy (Petroleum Division),Karachi - Pakistan,CancelledTender has been canc...,"Sep 04, 2026","Sep 25, 2026",12:00 PM,https://epms.ppra.gov.pk/public/tenders/tender-details/TS0000012964E,Other,2026-09-25,2026-10-05T06:27:10.880745
2238,TS0000012967E,SSGC/LP/EPADS2/PT/2181283 (PABX Network),"SSGC/LP/EPADS2/PT/2181283 (PABX Network) Supply, Installation, Testing, Programming,...",Miscellaneous,SSGC/LP/EPADS2/PT/2181283,Ministry of Energy (Petroleum Division),Karachi - Pakistan,CancelledTender has been canc...,"Sep 04, 2026","Sep 25, 2026",10:00 AM,https://epms.ppra.gov.pk/public/tenders/tender-details/TS0000012967E,IT/Technology,2026-09-25,2026-10-05T06:27:10.880745
2239,TS0000012751E,"Components for Remus G-1.6, Gas Meters (Diaphragm),","FOB/C&F/FOR(Only for Local Manufacturers as per SRO 827(1)/2001) Components for Remus G-1.6, Gas Meters...",Miscellaneous,SSGC/FP/PT/14444,Ministry of Energy (Petroleum Division),Karachi - Pakistan,CancelledTender has been Canc...Corrigendum,"Sep 02, 2026","Oct 07, 2026",03:30 PM,https://epms.ppra.gov.pk/public/tenders/tender-details/TS0000012751E,Energy/Utilities,2026-10-07,2026-10-05T06:27:10.880745
2240,TS0000011229E,XEN-EHV-II-NGC-HYD-02-2026,"Installation, Erection, Testing & Commissioning of 220/ 132 KV 160 MVA Auto Transformer at 220 kV Grid Station Jhamphir II Installation, Erection, Testing &...",Electrical Items,P83992,National Grid Company of Pakistan Limited NGC,Hyderabad - Pakistan,CancelledDue to change in the...Corrigendum,"Sep 02, 2026","Sep 28, 2026",10:00 AM,https://epms.ppra.gov.pk/public/tenders/tender-details/TS0000011229E,Energy/Utilities,2026-09-28,2026-10-05T06:27:10.880745
2241,TS0000012615E,Procurement of Pressing Facility for Bulk Prod,5652/IT-5603/2026-27/FOB/UASF/SCM dated 28 Aug 2026 Procurement of Pressing Facility for Bulk Prod,Miscellaneous,5652/IT-5603/2026-27/FOB/UASF/SCM dated 28 Aug 2026,Ministry of Defence Production,Taxila - Pakistan,CancelledCancelled,"Sep 01, 2026","Oct 05, 2026",10:30 AM,https://epms.ppra.gov.pk/public/tenders/tender-details/TS0000012615E,Goods/Supplies,2026-10-05,2026-10-05T06:27:10.880745
2242,TS0000012441E,PROCUREMENT OF TUNGSTEN ALLOY BLANKS (QTY 5400 NOS),SUPPLY OF TUNGSTEN ALLOY BLANKS (QTY 5400 NOS) PROCUREMENT OF TUNGSTEN ALLOY BLANKS (QTY 5400...,Miscellaneous,T.E NO. 0001/FP/TA/57 DATED 28-08-2026,Pakistan Ordnance Factories (POF),Wah Cantt - Pakistan,CancelledRequirement will be ...,"Aug 29, 2026","Oct 12, 2026",10:30 AM,https://epms.ppra.gov.pk/public/tenders/tender-details/TS0000012441E,Goods/Supplies,2026-10-12,2026-10-05T06:27:10.880745
